
> @dalph/root@0.0.0 check:submit /workspace/dalph-dogfood/issue-491-20261009/task-worktrees/part-run-398-72312e65794a6d636d567a6147356c63334d694f6949774d5745784d6a4a684e4330354d4751334c546333595449744f5451784e5330334d474d3059/part-3251794f5468694f4749694c434a3059584a6e5a5851694f6e7369583352685a794936496b647064476831596b6c7a6333566c4969776961584e7a6457564f64/part-5731695a5849694f6a51354d537769623364755a5849694f694a6b5a574679624739795a486c7362334a6b49697769636d567762334e70644739796553493649/part-6d52686248426f496e3139-task-122-74312e57794a535832746e52453955597a4266535645694c434a4a5832743352453955597a426653574d345155464251/part-554a585455566a4e4763695851-attempt-0/_leaf
> pnpm check:artifacts && pnpm test:formal:controls && pnpm check:fast && pnpm lint:code --census && pnpm test:cassettes:memory


> @dalph/root@0.0.0 check:artifacts /workspace/dalph-dogfood/issue-491-20261009/task-worktrees/part-run-398-72312e65794a6d636d567a6147356c63334d694f6949774d5745784d6a4a684e4330354d4751334c546333595449744f5451784e5330334d474d3059/part-3251794f5468694f4749694c434a3059584a6e5a5851694f6e7369583352685a794936496b647064476831596b6c7a6333566c4969776961584e7a6457564f64/part-5731695a5849694f6a51354d537769623364755a5849694f694a6b5a574679624739795a486c7362334a6b49697769636d567762334e70644739796553493649/part-6d52686248426f496e3139-task-122-74312e57794a535832746e52453955597a4266535645694c434a4a5832743352453955597a426653574d345155464251/part-554a585455566a4e4763695851-attempt-0/_leaf
> node scripts/workspace-artifacts.mjs


> @dalph/root@0.0.0 test:formal:controls /workspace/dalph-dogfood/issue-491-20261009/task-worktrees/part-run-398-72312e65794a6d636d567a6147356c63334d694f6949774d5745784d6a4a684e4330354d4751334c546333595449744f5451784e5330334d474d3059/part-3251794f5468694f4749694c434a3059584a6e5a5851694f6e7369583352685a794936496b647064476831596b6c7a6333566c4969776961584e7a6457564f64/part-5731695a5849694f6a51354d537769623364755a5849694f694a6b5a574679624739795a486c7362334a6b49697769636d567762334e70644739796553493649/part-6d52686248426f496e3139-task-122-74312e57794a535832746e52453955597a4266535645694c434a4a5832743352453955597a426653574d345155464251/part-554a585455566a4e4763695851-attempt-0/_leaf
> node --test --test-reporter=./scripts/compact-node-test-reporter.mjs scripts/formal-input-policy.test.mjs scripts/formal-success-evidence.test.mjs scripts/formal-progress-events.test.mjs scripts/generate-formal-command-inventory.test.mjs scripts/quint-effective-profile.test.mjs scripts/quint-affected-selection.test.mjs scripts/quint-owned-server.test.mjs scripts/quint-owned-client-patch.test.mjs scripts/quint-hosted-diagnostics.test.mjs scripts/quality-command-routing.test.mjs scripts/run-formal-workflow.test.mjs

VERDICT {"success":true,"violation":false}
controlled TLC stdout
controlled TLC stderr
VERDICT {"success":true,"violation":false}
controlled TLC stdout
controlled TLC stderr
VERDICT {"success":false,"violation":true}
ℹ tests 151
ℹ suites 0
ℹ pass 151
ℹ fail 0
ℹ cancelled 0
ℹ skipped 0
ℹ todo 0
ℹ duration_ms 9190.714861

> @dalph/root@0.0.0 check:fast /workspace/dalph-dogfood/issue-491-20261009/task-worktrees/part-run-398-72312e65794a6d636d567a6147356c63334d694f6949774d5745784d6a4a684e4330354d4751334c546333595449744f5451784e5330334d474d3059/part-3251794f5468694f4749694c434a3059584a6e5a5851694f6e7369583352685a794936496b647064476831596b6c7a6333566c4969776961584e7a6457564f64/part-5731695a5849694f6a51354d537769623364755a5849694f694a6b5a574679624739795a486c7362334a6b49697769636d567762334e70644739796553493649/part-6d52686248426f496e3139-task-122-74312e57794a535832746e52453955597a4266535645694c434a4a5832743352453955597a426653574d345155464251/part-554a585455566a4e4763695851-attempt-0/_leaf
> pnpm typecheck && pnpm lint:changed && node scripts/check-quality-selection-fixtures.mjs


> @dalph/root@0.0.0 typecheck /workspace/dalph-dogfood/issue-491-20261009/task-worktrees/part-run-398-72312e65794a6d636d567a6147356c63334d694f6949774d5745784d6a4a684e4330354d4751334c546333595449744f5451784e5330334d474d3059/part-3251794f5468694f4749694c434a3059584a6e5a5851694f6e7369583352685a794936496b647064476831596b6c7a6333566c4969776961584e7a6457564f64/part-5731695a5849694f6a51354d537769623364755a5849694f694a6b5a574679624739795a486c7362334a6b49697769636d567762334e70644739796553493649/part-6d52686248426f496e3139-task-122-74312e57794a535832746e52453955597a4266535645694c434a4a5832743352453955597a426653574d345155464251/part-554a585455566a4e4763695851-attempt-0/_leaf
> node scripts/run-clean-typecheck.mjs

packages/dalph/bin/codex-integrator-qualification-host.ts(134,22): suggestion TS377015: This expression contains chained `pipe` calls that can be simplified to a single `pipe` call. effect(unnecessaryPipeChain)
packages/dalph/bin/codex-integrator-qualification-host.ts(134,22): suggestion TS377015: This expression contains chained `pipe` calls that can be simplified to a single `pipe` call. effect(unnecessaryPipeChain)
packages/dalph/bin/codex-integrator-qualification-host.ts(134,22): suggestion TS377015: This expression contains chained `pipe` calls that can be simplified to a single `pipe` call. effect(unnecessaryPipeChain)
packages/dalph/bin/codex-integrator-qualification-host.ts(134,22): suggestion TS377015: This expression contains chained `pipe` calls that can be simplified to a single `pipe` call. effect(unnecessaryPipeChain)
packages/dalph/bin/codex-qualification-host.ts(109,16): suggestion TS377019: This `yield* Effect.fail(...)` passes a yieldable error value. `yield*` represents that value directly without wrapping it in `Effect.fail`. effect(unnecessaryFailYieldableError)
packages/dalph/src/application/attempt-worktree-preparation.ts(299,23): suggestion TS377037: `Schema.decodeUnknownSync` is used inside an Effect generator. `Schema.decodeUnknownEffect` preserves the typed Effect error channel for this operation without throwing. effect(schemaSyncInEffect)
packages/dalph/src/application/codex-app-server.ts(2325,26): suggestion TS377019: This `yield* Effect.fail(...)` passes a yieldable error value. `yield*` represents that value directly without wrapping it in `Effect.fail`. effect(unnecessaryFailYieldableError)
packages/dalph/src/application/codex-app-server.ts(2336,26): suggestion TS377019: This `yield* Effect.fail(...)` passes a yieldable error value. `yield*` represents that value directly without wrapping it in `Effect.fail`. effect(unnecessaryFailYieldableError)
packages/dalph/src/application/codex-app-server.ts(2338,57): suggestion TS377019: This `yield* Effect.fail(...)` passes a yieldable error value. `yield*` represents that value directly without wrapping it in `Effect.fail`. effect(unnecessaryFailYieldableError)
packages/dalph/src/application/codex-app-server.ts(3061,48): suggestion TS377019: This `yield* Effect.fail(...)` passes a yieldable error value. `yield*` represents that value directly without wrapping it in `Effect.fail`. effect(unnecessaryFailYieldableError)
packages/dalph/src/application/codex-app-server.ts(3132,50): suggestion TS377019: This `yield* Effect.fail(...)` passes a yieldable error value. `yield*` represents that value directly without wrapping it in `Effect.fail`. effect(unnecessaryFailYieldableError)
packages/dalph/src/application/codex-app-server.ts(3135,16): suggestion TS377019: This `yield* Effect.fail(...)` passes a yieldable error value. `yield*` represents that value directly without wrapping it in `Effect.fail`. effect(unnecessaryFailYieldableError)
packages/dalph/src/application/codex-app-server.ts(3569,14): suggestion TS377019: This `yield* Effect.fail(...)` passes a yieldable error value. `yield*` represents that value directly without wrapping it in `Effect.fail`. effect(unnecessaryFailYieldableError)
packages/dalph/src/application/codex-app-server.ts(3573,14): suggestion TS377019: This `yield* Effect.fail(...)` passes a yieldable error value. `yield*` represents that value directly without wrapping it in `Effect.fail`. effect(unnecessaryFailYieldableError)
packages/dalph/src/application/codex-app-server.ts(3587,14): suggestion TS377019: This `yield* Effect.fail(...)` passes a yieldable error value. `yield*` represents that value directly without wrapping it in `Effect.fail`. effect(unnecessaryFailYieldableError)
packages/dalph/src/application/codex-app-server.ts(3595,16): suggestion TS377019: This `yield* Effect.fail(...)` passes a yieldable error value. `yield*` represents that value directly without wrapping it in `Effect.fail`. effect(unnecessaryFailYieldableError)
packages/dalph/src/application/codex-app-server.ts(3604,14): suggestion TS377019: This `yield* Effect.fail(...)` passes a yieldable error value. `yield*` represents that value directly without wrapping it in `Effect.fail`. effect(unnecessaryFailYieldableError)
packages/dalph/src/application/codex-app-server.ts(3827,24): suggestion TS377019: This `yield* Effect.fail(...)` passes a yieldable error value. `yield*` represents that value directly without wrapping it in `Effect.fail`. effect(unnecessaryFailYieldableError)
packages/dalph/src/application/codex-app-server.ts(3869,55): suggestion TS377019: This `yield* Effect.fail(...)` passes a yieldable error value. `yield*` represents that value directly without wrapping it in `Effect.fail`. effect(unnecessaryFailYieldableError)
packages/dalph/src/application/codex-app-server.ts(3916,47): suggestion TS377019: This `yield* Effect.fail(...)` passes a yieldable error value. `yield*` represents that value directly without wrapping it in `Effect.fail`. effect(unnecessaryFailYieldableError)
packages/dalph/src/application/codex-app-server.ts(3935,63): suggestion TS377019: This `yield* Effect.fail(...)` passes a yieldable error value. `yield*` represents that value directly without wrapping it in `Effect.fail`. effect(unnecessaryFailYieldableError)
packages/dalph/src/application/codex-app-server.ts(3943,63): suggestion TS377019: This `yield* Effect.fail(...)` passes a yieldable error value. `yield*` represents that value directly without wrapping it in `Effect.fail`. effect(unnecessaryFailYieldableError)
packages/dalph/src/application/codex-app-server.ts(3948,18): suggestion TS377019: This `yield* Effect.fail(...)` passes a yieldable error value. `yield*` represents that value directly without wrapping it in `Effect.fail`. effect(unnecessaryFailYieldableError)
packages/dalph/src/application/codex-app-server.ts(3975,20): suggestion TS377019: This `yield* Effect.fail(...)` passes a yieldable error value. `yield*` represents that value directly without wrapping it in `Effect.fail`. effect(unnecessaryFailYieldableError)
packages/dalph/src/application/codex-app-server.ts(3982,16): suggestion TS377019: This `yield* Effect.fail(...)` passes a yieldable error value. `yield*` represents that value directly without wrapping it in `Effect.fail`. effect(unnecessaryFailYieldableError)
packages/dalph/src/application/codex-app-server.ts(3992,20): suggestion TS377019: This `yield* Effect.fail(...)` passes a yieldable error value. `yield*` represents that value directly without wrapping it in `Effect.fail`. effect(unnecessaryFailYieldableError)
packages/dalph/src/application/codex-app-server.ts(4011,63): suggestion TS377019: This `yield* Effect.fail(...)` passes a yieldable error value. `yield*` represents that value directly without wrapping it in `Effect.fail`. effect(unnecessaryFailYieldableError)
packages/dalph/src/application/codex-app-server.ts(4015,20): suggestion TS377019: This `yield* Effect.fail(...)` passes a yieldable error value. `yield*` represents that value directly without wrapping it in `Effect.fail`. effect(unnecessaryFailYieldableError)
packages/dalph/src/application/codex-app-server.ts(4022,16): suggestion TS377019: This `yield* Effect.fail(...)` passes a yieldable error value. `yield*` represents that value directly without wrapping it in `Effect.fail`. effect(unnecessaryFailYieldableError)
packages/dalph/src/application/codex-app-server.ts(4049,71): suggestion TS377019: This `yield* Effect.fail(...)` passes a yieldable error value. `yield*` represents that value directly without wrapping it in `Effect.fail`. effect(unnecessaryFailYieldableError)
packages/dalph/src/application/codex-app-server.ts(4066,86): suggestion TS377019: This `yield* Effect.fail(...)` passes a yieldable error value. `yield*` represents that value directly without wrapping it in `Effect.fail`. effect(unnecessaryFailYieldableError)
packages/dalph/src/application/codex-app-server.ts(4069,63): suggestion TS377019: This `yield* Effect.fail(...)` passes a yieldable error value. `yield*` represents that value directly without wrapping it in `Effect.fail`. effect(unnecessaryFailYieldableError)
packages/dalph/src/application/codex-app-server.ts(4094,63): suggestion TS377019: This `yield* Effect.fail(...)` passes a yieldable error value. `yield*` represents that value directly without wrapping it in `Effect.fail`. effect(unnecessaryFailYieldableError)
packages/dalph/src/application/codex-app-server.ts(4096,59): suggestion TS377019: This `yield* Effect.fail(...)` passes a yieldable error value. `yield*` represents that value directly without wrapping it in `Effect.fail`. effect(unnecessaryFailYieldableError)
packages/dalph/src/application/codex-app-server.ts(4099,18): suggestion TS377019: This `yield* Effect.fail(...)` passes a yieldable error value. `yield*` represents that value directly without wrapping it in `Effect.fail`. effect(unnecessaryFailYieldableError)
packages/dalph/src/application/codex-app-server.ts(4154,63): suggestion TS377019: This `yield* Effect.fail(...)` passes a yieldable error value. `yield*` represents that value directly without wrapping it in `Effect.fail`. effect(unnecessaryFailYieldableError)
packages/dalph/src/application/codex-app-server.ts(4169,63): suggestion TS377019: This `yield* Effect.fail(...)` passes a yieldable error value. `yield*` represents that value directly without wrapping it in `Effect.fail`. effect(unnecessaryFailYieldableError)
packages/dalph/src/application/codex-app-server.ts(4171,18): suggestion TS377019: This `yield* Effect.fail(...)` passes a yieldable error value. `yield*` represents that value directly without wrapping it in `Effect.fail`. effect(unnecessaryFailYieldableError)
packages/dalph/src/application/codex-attempt-store.test.ts(970,10): suggestion TS377016: `Effect.void` represents the same outcome as `Effect.succeed(undefined)` or `Effect.succeed(void 0)`. effect(effectSucceedWithVoid)
packages/dalph/src/application/codex-attempt-store.test.ts(1105,12): suggestion TS377037: `Schema.decodeUnknownSync` is used inside an Effect generator. `Schema.decodeUnknownEffect` preserves the typed Effect error channel for this operation without throwing. effect(schemaSyncInEffect)
packages/dalph/src/application/codex-attempt-store.test.ts(1109,7): suggestion TS377037: `Schema.decodeUnknownSync` is used inside an Effect generator. `Schema.decodeUnknownEffect` preserves the typed Effect error channel for this operation without throwing. effect(schemaSyncInEffect)
packages/dalph/src/application/codex-attempt-store.test.ts(1141,7): suggestion TS377037: `Schema.decodeUnknownSync` is used inside an Effect generator. `Schema.decodeUnknownEffect` preserves the typed Effect error channel for this operation without throwing. effect(schemaSyncInEffect)
packages/dalph/src/application/codex-attempt-store.test.ts(1143,12): suggestion TS377037: `Schema.decodeUnknownSync` is used inside an Effect generator. `Schema.decodeUnknownEffect` preserves the typed Effect error channel for this operation without throwing. effect(schemaSyncInEffect)
packages/dalph/src/application/codex-attempt-store.ts(1782,7): suggestion TS377037: `Schema.decodeUnknownSync` is used inside an Effect generator. `Schema.decodeUnknownEffect` preserves the typed Effect error channel for this operation without throwing. effect(schemaSyncInEffect)
packages/dalph/src/application/codex-integrator-cleanup.test.ts(248,17): suggestion TS377037: `Schema.decodeUnknownSync` is used inside an Effect generator. `Schema.decodeUnknownEffect` preserves the typed Effect error channel for this operation without throwing. effect(schemaSyncInEffect)
packages/dalph/src/application/codex-integrator-cleanup.test.ts(336,49): suggestion TS377019: This `yield* Effect.fail(...)` passes a yieldable error value. `yield*` represents that value directly without wrapping it in `Effect.fail`. effect(unnecessaryFailYieldableError)
packages/dalph/src/application/codex-integrator-conflict-real-qualification.test.ts(231,30): suggestion TS377015: This expression contains chained `pipe` calls that can be simplified to a single `pipe` call. effect(unnecessaryPipeChain)
packages/dalph/src/application/codex-integrator-conflict-real-qualification.test.ts(231,30): suggestion TS377015: This expression contains chained `pipe` calls that can be simplified to a single `pipe` call. effect(unnecessaryPipeChain)
packages/dalph/src/application/codex-integrator-conflict-real-qualification.test.ts(231,30): suggestion TS377015: This expression contains chained `pipe` calls that can be simplified to a single `pipe` call. effect(unnecessaryPipeChain)
packages/dalph/src/application/codex-integrator-conflict-real-qualification.test.ts(231,30): suggestion TS377015: This expression contains chained `pipe` calls that can be simplified to a single `pipe` call. effect(unnecessaryPipeChain)
packages/dalph/src/application/codex-integrator-private-store.test.ts(251,15): suggestion TS377037: `Schema.decodeUnknownSync` is used inside an Effect generator. `Schema.decodeUnknownEffect` preserves the typed Effect error channel for this operation without throwing. effect(schemaSyncInEffect)
packages/dalph/src/application/codex-integrator-private-store.ts(309,20): suggestion TS377088: This generator applies the same inline `Effect.mapError(...)` to every yielded effect. Keep that `Effect.mapError(...)` inline and hoist it once to the generator result: `Effect.gen(...).pipe(Effect.mapError(...))`, or `Effect.fn(function*(){ ... }, Effect.mapError(...))`. effect(redundantMapError)
packages/dalph/src/application/codex-integrator-real-qualification.test.ts(259,30): suggestion TS377015: This expression contains chained `pipe` calls that can be simplified to a single `pipe` call. effect(unnecessaryPipeChain)
packages/dalph/src/application/codex-integrator-real-qualification.test.ts(259,30): suggestion TS377015: This expression contains chained `pipe` calls that can be simplified to a single `pipe` call. effect(unnecessaryPipeChain)
packages/dalph/src/application/codex-integrator-real-qualification.test.ts(259,30): suggestion TS377015: This expression contains chained `pipe` calls that can be simplified to a single `pipe` call. effect(unnecessaryPipeChain)
packages/dalph/src/application/codex-integrator-real-qualification.test.ts(259,30): suggestion TS377015: This expression contains chained `pipe` calls that can be simplified to a single `pipe` call. effect(unnecessaryPipeChain)
packages/dalph/src/application/codex-integrator-thread.ts(22,12): suggestion TS377019: This `yield* Effect.fail(...)` passes a yieldable error value. `yield*` represents that value directly without wrapping it in `Effect.fail`. effect(unnecessaryFailYieldableError)
packages/dalph/src/application/codex-integrator-thread.ts(26,12): suggestion TS377019: This `yield* Effect.fail(...)` passes a yieldable error value. `yield*` represents that value directly without wrapping it in `Effect.fail`. effect(unnecessaryFailYieldableError)
packages/dalph/src/application/codex-integrator-thread.ts(56,12): suggestion TS377019: This `yield* Effect.fail(...)` passes a yieldable error value. `yield*` represents that value directly without wrapping it in `Effect.fail`. effect(unnecessaryFailYieldableError)
packages/dalph/src/application/codex-integrator-thread.ts(73,12): suggestion TS377019: This `yield* Effect.fail(...)` passes a yieldable error value. `yield*` represents that value directly without wrapping it in `Effect.fail`. effect(unnecessaryFailYieldableError)
packages/dalph/src/application/codex-integrator-thread.ts(87,12): suggestion TS377019: This `yield* Effect.fail(...)` passes a yieldable error value. `yield*` represents that value directly without wrapping it in `Effect.fail`. effect(unnecessaryFailYieldableError)
packages/dalph/src/application/codex-integrator-thread.ts(104,12): suggestion TS377019: This `yield* Effect.fail(...)` passes a yieldable error value. `yield*` represents that value directly without wrapping it in `Effect.fail`. effect(unnecessaryFailYieldableError)
packages/dalph/src/application/codex-integrator-worktree.ts(159,12): suggestion TS377019: This `yield* Effect.fail(...)` passes a yieldable error value. `yield*` represents that value directly without wrapping it in `Effect.fail`. effect(unnecessaryFailYieldableError)
packages/dalph/src/application/codex-integrator-worktree.ts(202,12): suggestion TS377019: This `yield* Effect.fail(...)` passes a yieldable error value. `yield*` represents that value directly without wrapping it in `Effect.fail`. effect(unnecessaryFailYieldableError)
packages/dalph/src/application/codex-integrator-worktree.ts(204,22): suggestion TS377019: This `yield* Effect.fail(...)` passes a yieldable error value. `yield*` represents that value directly without wrapping it in `Effect.fail`. effect(unnecessaryFailYieldableError)
packages/dalph/src/application/codex-integrator-worktree.ts(222,45): suggestion TS377019: This `yield* Effect.fail(...)` passes a yieldable error value. `yield*` represents that value directly without wrapping it in `Effect.fail`. effect(unnecessaryFailYieldableError)
packages/dalph/src/application/codex-integrator-worktree.ts(225,12): suggestion TS377019: This `yield* Effect.fail(...)` passes a yieldable error value. `yield*` represents that value directly without wrapping it in `Effect.fail`. effect(unnecessaryFailYieldableError)
packages/dalph/src/application/codex-integrator.test.ts(320,20): suggestion TS377019: This `yield* Effect.fail(...)` passes a yieldable error value. `yield*` represents that value directly without wrapping it in `Effect.fail`. effect(unnecessaryFailYieldableError)
packages/dalph/src/application/codex-integrator.test.ts(442,22): suggestion TS377019: This `yield* Effect.fail(...)` passes a yieldable error value. `yield*` represents that value directly without wrapping it in `Effect.fail`. effect(unnecessaryFailYieldableError)
packages/dalph/src/application/codex-integrator.test.ts(597,22): suggestion TS377019: This `yield* Effect.fail(...)` passes a yieldable error value. `yield*` represents that value directly without wrapping it in `Effect.fail`. effect(unnecessaryFailYieldableError)
packages/dalph/src/application/codex-integrator.test.ts(633,22): suggestion TS377019: This `yield* Effect.fail(...)` passes a yieldable error value. `yield*` represents that value directly without wrapping it in `Effect.fail`. effect(unnecessaryFailYieldableError)
packages/dalph/src/application/codex-integrator.test.ts(3044,11): suggestion TS377037: `Schema.decodeUnknownSync` is used inside an Effect generator. `Schema.decodeUnknownEffect` preserves the typed Effect error channel for this operation without throwing. effect(schemaSyncInEffect)
packages/dalph/src/application/codex-integrator.ts(114,7): suggestion TS377016: `Effect.void` represents the same outcome as `Effect.succeed(undefined)` or `Effect.succeed(void 0)`. effect(effectSucceedWithVoid)
packages/dalph/src/application/codex-integrator.ts(163,47): suggestion TS377019: This `yield* Effect.fail(...)` passes a yieldable error value. `yield*` represents that value directly without wrapping it in `Effect.fail`. effect(unnecessaryFailYieldableError)
packages/dalph/src/application/codex-integrator.ts(169,12): suggestion TS377019: This `yield* Effect.fail(...)` passes a yieldable error value. `yield*` represents that value directly without wrapping it in `Effect.fail`. effect(unnecessaryFailYieldableError)
packages/dalph/src/application/codex-integrator.ts(177,12): suggestion TS377019: This `yield* Effect.fail(...)` passes a yieldable error value. `yield*` represents that value directly without wrapping it in `Effect.fail`. effect(unnecessaryFailYieldableError)
packages/dalph/src/application/codex-integrator.ts(194,39): suggestion TS377019: This `yield* Effect.fail(...)` passes a yieldable error value. `yield*` represents that value directly without wrapping it in `Effect.fail`. effect(unnecessaryFailYieldableError)
packages/dalph/src/application/codex-integrator.ts(212,12): suggestion TS377019: This `yield* Effect.fail(...)` passes a yieldable error value. `yield*` represents that value directly without wrapping it in `Effect.fail`. effect(unnecessaryFailYieldableError)
packages/dalph/src/application/codex-integrator.ts(225,41): suggestion TS377019: This `yield* Effect.fail(...)` passes a yieldable error value. `yield*` represents that value directly without wrapping it in `Effect.fail`. effect(unnecessaryFailYieldableError)
packages/dalph/src/application/codex-integrator.ts(268,40): suggestion TS377019: This `yield* Effect.fail(...)` passes a yieldable error value. `yield*` represents that value directly without wrapping it in `Effect.fail`. effect(unnecessaryFailYieldableError)
packages/dalph/src/application/codex-integrator.ts(271,12): suggestion TS377019: This `yield* Effect.fail(...)` passes a yieldable error value. `yield*` represents that value directly without wrapping it in `Effect.fail`. effect(unnecessaryFailYieldableError)
packages/dalph/src/application/codex-integrator.ts(276,45): suggestion TS377019: This `yield* Effect.fail(...)` passes a yieldable error value. `yield*` represents that value directly without wrapping it in `Effect.fail`. effect(unnecessaryFailYieldableError)
packages/dalph/src/application/codex-integrator.ts(280,12): suggestion TS377019: This `yield* Effect.fail(...)` passes a yieldable error value. `yield*` represents that value directly without wrapping it in `Effect.fail`. effect(unnecessaryFailYieldableError)
packages/dalph/src/application/codex-integrator.ts(305,12): suggestion TS377019: This `yield* Effect.fail(...)` passes a yieldable error value. `yield*` represents that value directly without wrapping it in `Effect.fail`. effect(unnecessaryFailYieldableError)
packages/dalph/src/application/codex-integrator.ts(309,12): suggestion TS377019: This `yield* Effect.fail(...)` passes a yieldable error value. `yield*` represents that value directly without wrapping it in `Effect.fail`. effect(unnecessaryFailYieldableError)
packages/dalph/src/application/codex-integrator.ts(313,12): suggestion TS377019: This `yield* Effect.fail(...)` passes a yieldable error value. `yield*` represents that value directly without wrapping it in `Effect.fail`. effect(unnecessaryFailYieldableError)
packages/dalph/src/application/codex-integrator.ts(316,12): suggestion TS377019: This `yield* Effect.fail(...)` passes a yieldable error value. `yield*` represents that value directly without wrapping it in `Effect.fail`. effect(unnecessaryFailYieldableError)
packages/dalph/src/application/codex-integrator.ts(348,13): suggestion TS377019: This `yield* Effect.fail(...)` passes a yieldable error value. `yield*` represents that value directly without wrapping it in `Effect.fail`. effect(unnecessaryFailYieldableError)
packages/dalph/src/application/codex-integrator.ts(351,16): suggestion TS377019: This `yield* Effect.fail(...)` passes a yieldable error value. `yield*` represents that value directly without wrapping it in `Effect.fail`. effect(unnecessaryFailYieldableError)
packages/dalph/src/application/codex-integrator.ts(355,16): suggestion TS377019: This `yield* Effect.fail(...)` passes a yieldable error value. `yield*` represents that value directly without wrapping it in `Effect.fail`. effect(unnecessaryFailYieldableError)
packages/dalph/src/application/codex-integrator.ts(364,12): suggestion TS377019: This `yield* Effect.fail(...)` passes a yieldable error value. `yield*` represents that value directly without wrapping it in `Effect.fail`. effect(unnecessaryFailYieldableError)
packages/dalph/src/application/codex-integrator.ts(366,37): suggestion TS377019: This `yield* Effect.fail(...)` passes a yieldable error value. `yield*` represents that value directly without wrapping it in `Effect.fail`. effect(unnecessaryFailYieldableError)
packages/dalph/src/application/codex-integrator.ts(421,12): suggestion TS377019: This `yield* Effect.fail(...)` passes a yieldable error value. `yield*` represents that value directly without wrapping it in `Effect.fail`. effect(unnecessaryFailYieldableError)
packages/dalph/src/application/codex-integrator.ts(424,46): suggestion TS377019: This `yield* Effect.fail(...)` passes a yieldable error value. `yield*` represents that value directly without wrapping it in `Effect.fail`. effect(unnecessaryFailYieldableError)
packages/dalph/src/application/codex-integrator.ts(438,45): suggestion TS377019: This `yield* Effect.fail(...)` passes a yieldable error value. `yield*` represents that value directly without wrapping it in `Effect.fail`. effect(unnecessaryFailYieldableError)
packages/dalph/src/application/codex-integrator.ts(441,12): suggestion TS377019: This `yield* Effect.fail(...)` passes a yieldable error value. `yield*` represents that value directly without wrapping it in `Effect.fail`. effect(unnecessaryFailYieldableError)
packages/dalph/src/application/codex-integrator.ts(465,43): suggestion TS377019: This `yield* Effect.fail(...)` passes a yieldable error value. `yield*` represents that value directly without wrapping it in `Effect.fail`. effect(unnecessaryFailYieldableError)
packages/dalph/src/application/codex-integrator.ts(467,12): suggestion TS377019: This `yield* Effect.fail(...)` passes a yieldable error value. `yield*` represents that value directly without wrapping it in `Effect.fail`. effect(unnecessaryFailYieldableError)
packages/dalph/src/application/codex-integrator.ts(470,12): suggestion TS377019: This `yield* Effect.fail(...)` passes a yieldable error value. `yield*` represents that value directly without wrapping it in `Effect.fail`. effect(unnecessaryFailYieldableError)
packages/dalph/src/application/codex-planned-attempt-executor.test.ts(518,48): suggestion TS377019: This `yield* Effect.fail(...)` passes a yieldable error value. `yield*` represents that value directly without wrapping it in `Effect.fail`. effect(unnecessaryFailYieldableError)
packages/dalph/src/application/codex-planned-attempt-executor.test.ts(557,18): suggestion TS377019: This `yield* Effect.fail(...)` passes a yieldable error value. `yield*` represents that value directly without wrapping it in `Effect.fail`. effect(unnecessaryFailYieldableError)
packages/dalph/src/application/codex-planned-attempt-executor.ts(554,60): suggestion TS377090: This `typeof ... .Type` query can be replaced with `AcceptedResultEvidenceManifest`. effect(unnecessaryTypeofType)
packages/dalph/src/application/codex-planned-attempt-executor.ts(564,13): suggestion TS377090: This `typeof ... .Type` query can be replaced with `AcceptedResultEvidenceManifest`. effect(unnecessaryTypeofType)
packages/dalph/src/application/codex-planned-attempt-executor.ts(1139,22): suggestion TS377037: `Schema.decodeUnknownSync` is used inside an Effect generator. `Schema.decodeUnknownEffect` preserves the typed Effect error channel for this operation without throwing. effect(schemaSyncInEffect)
packages/dalph/src/application/codex-planned-attempt-executor.ts(1195,16): suggestion TS377019: This `yield* Effect.fail(...)` passes a yieldable error value. `yield*` represents that value directly without wrapping it in `Effect.fail`. effect(unnecessaryFailYieldableError)
packages/dalph/src/application/codex-planned-attempt-executor.ts(1293,50): suggestion TS377019: This `yield* Effect.fail(...)` passes a yieldable error value. `yield*` represents that value directly without wrapping it in `Effect.fail`. effect(unnecessaryFailYieldableError)
packages/dalph/src/application/codex-planned-attempt-executor.ts(1294,60): suggestion TS377019: This `yield* Effect.fail(...)` passes a yieldable error value. `yield*` represents that value directly without wrapping it in `Effect.fail`. effect(unnecessaryFailYieldableError)
packages/dalph/src/application/codex-planned-attempt-executor.ts(1300,18): suggestion TS377019: This `yield* Effect.fail(...)` passes a yieldable error value. `yield*` represents that value directly without wrapping it in `Effect.fail`. effect(unnecessaryFailYieldableError)
packages/dalph/src/application/codex-planned-attempt-executor.ts(1307,16): suggestion TS377019: This `yield* Effect.fail(...)` passes a yieldable error value. `yield*` represents that value directly without wrapping it in `Effect.fail`. effect(unnecessaryFailYieldableError)
packages/dalph/src/application/codex-planned-attempt-executor.ts(1322,16): suggestion TS377019: This `yield* Effect.fail(...)` passes a yieldable error value. `yield*` represents that value directly without wrapping it in `Effect.fail`. effect(unnecessaryFailYieldableError)
packages/dalph/src/application/codex-planned-attempt-executor.ts(1367,20): suggestion TS377019: This `yield* Effect.fail(...)` passes a yieldable error value. `yield*` represents that value directly without wrapping it in `Effect.fail`. effect(unnecessaryFailYieldableError)
packages/dalph/src/application/codex-planned-attempt-executor.ts(1389,16): suggestion TS377019: This `yield* Effect.fail(...)` passes a yieldable error value. `yield*` represents that value directly without wrapping it in `Effect.fail`. effect(unnecessaryFailYieldableError)
packages/dalph/src/application/codex-planned-attempt-executor.ts(1392,16): suggestion TS377019: This `yield* Effect.fail(...)` passes a yieldable error value. `yield*` represents that value directly without wrapping it in `Effect.fail`. effect(unnecessaryFailYieldableError)
packages/dalph/src/application/codex-planned-attempt-executor.ts(1395,16): suggestion TS377019: This `yield* Effect.fail(...)` passes a yieldable error value. `yield*` represents that value directly without wrapping it in `Effect.fail`. effect(unnecessaryFailYieldableError)
packages/dalph/src/application/codex-planned-attempt-executor.ts(1424,7): suggestion TS377012: This Effect generator contains `try/catch`; in this context, error handling is expressed with Effect APIs such as Effect.try, Effect.tryPromise, Effect.catch, Effect.catchTag). effect(tryCatchInEffectGen)
packages/dalph/src/application/codex-planned-attempt-executor.ts(1425,16): suggestion TS377037: `Schema.decodeUnknownSync` is used inside an Effect generator. `Schema.decodeUnknownEffect` preserves the typed Effect error channel for this operation without throwing. effect(schemaSyncInEffect)
packages/dalph/src/application/codex-planned-attempt-executor.ts(1528,48): suggestion TS377019: This `yield* Effect.fail(...)` passes a yieldable error value. `yield*` represents that value directly without wrapping it in `Effect.fail`. effect(unnecessaryFailYieldableError)
packages/dalph/src/application/codex-planned-attempt-executor.ts(1530,16): suggestion TS377019: This `yield* Effect.fail(...)` passes a yieldable error value. `yield*` represents that value directly without wrapping it in `Effect.fail`. effect(unnecessaryFailYieldableError)
packages/dalph/src/application/codex-planned-attempt-executor.ts(1533,16): suggestion TS377019: This `yield* Effect.fail(...)` passes a yieldable error value. `yield*` represents that value directly without wrapping it in `Effect.fail`. effect(unnecessaryFailYieldableError)
packages/dalph/src/application/codex-planned-attempt-executor.ts(1543,16): suggestion TS377019: This `yield* Effect.fail(...)` passes a yieldable error value. `yield*` represents that value directly without wrapping it in `Effect.fail`. effect(unnecessaryFailYieldableError)
packages/dalph/src/application/codex-planned-attempt-executor.ts(1547,16): suggestion TS377019: This `yield* Effect.fail(...)` passes a yieldable error value. `yield*` represents that value directly without wrapping it in `Effect.fail`. effect(unnecessaryFailYieldableError)
packages/dalph/src/application/codex-planned-attempt-executor.ts(1746,14): suggestion TS377019: This `yield* Effect.fail(...)` passes a yieldable error value. `yield*` represents that value directly without wrapping it in `Effect.fail`. effect(unnecessaryFailYieldableError)
packages/dalph/src/application/codex-planned-attempt-executor.ts(1758,16): suggestion TS377019: This `yield* Effect.fail(...)` passes a yieldable error value. `yield*` represents that value directly without wrapping it in `Effect.fail`. effect(unnecessaryFailYieldableError)
packages/dalph/src/application/codex-planned-attempt-executor.ts(1794,18): suggestion TS377019: This `yield* Effect.fail(...)` passes a yieldable error value. `yield*` represents that value directly without wrapping it in `Effect.fail`. effect(unnecessaryFailYieldableError)
packages/dalph/src/application/codex-planned-attempt-executor.ts(1896,14): suggestion TS377019: This `yield* Effect.fail(...)` passes a yieldable error value. `yield*` represents that value directly without wrapping it in `Effect.fail`. effect(unnecessaryFailYieldableError)
packages/dalph/src/application/codex-planned-attempt-executor.ts(1946,56): suggestion TS377019: This `yield* Effect.fail(...)` passes a yieldable error value. `yield*` represents that value directly without wrapping it in `Effect.fail`. effect(unnecessaryFailYieldableError)
packages/dalph/src/application/codex-planned-attempt-executor.ts(2084,50): suggestion TS377019: This `yield* Effect.fail(...)` passes a yieldable error value. `yield*` represents that value directly without wrapping it in `Effect.fail`. effect(unnecessaryFailYieldableError)
packages/dalph/src/application/codex-planned-attempt-executor.ts(2086,56): suggestion TS377019: This `yield* Effect.fail(...)` passes a yieldable error value. `yield*` represents that value directly without wrapping it in `Effect.fail`. effect(unnecessaryFailYieldableError)
packages/dalph/src/application/codex-planned-attempt-executor.ts(2216,15): suggestion TS377016: `Effect.void` represents the same outcome as `Effect.succeed(undefined)` or `Effect.succeed(void 0)`. effect(effectSucceedWithVoid)
packages/dalph/src/application/codex-planned-attempt-executor.ts(2227,16): suggestion TS377019: This `yield* Effect.fail(...)` passes a yieldable error value. `yield*` represents that value directly without wrapping it in `Effect.fail`. effect(unnecessaryFailYieldableError)
packages/dalph/src/application/codex-planned-attempt-executor.ts(2230,56): suggestion TS377019: This `yield* Effect.fail(...)` passes a yieldable error value. `yield*` represents that value directly without wrapping it in `Effect.fail`. effect(unnecessaryFailYieldableError)
packages/dalph/src/application/codex-planned-attempt-executor.ts(2261,16): suggestion TS377019: This `yield* Effect.fail(...)` passes a yieldable error value. `yield*` represents that value directly without wrapping it in `Effect.fail`. effect(unnecessaryFailYieldableError)
packages/dalph/src/application/codex-planned-attempt-executor.ts(2278,56): suggestion TS377019: This `yield* Effect.fail(...)` passes a yieldable error value. `yield*` represents that value directly without wrapping it in `Effect.fail`. effect(unnecessaryFailYieldableError)
packages/dalph/src/application/codex-planned-attempt-executor.ts(2279,46): suggestion TS377019: This `yield* Effect.fail(...)` passes a yieldable error value. `yield*` represents that value directly without wrapping it in `Effect.fail`. effect(unnecessaryFailYieldableError)
packages/dalph/src/application/codex-planned-attempt-executor.ts(2344,40): suggestion TS377019: This `yield* Effect.fail(...)` passes a yieldable error value. `yield*` represents that value directly without wrapping it in `Effect.fail`. effect(unnecessaryFailYieldableError)
packages/dalph/src/application/codex-planned-attempt-executor.ts(2347,16): suggestion TS377019: This `yield* Effect.fail(...)` passes a yieldable error value. `yield*` represents that value directly without wrapping it in `Effect.fail`. effect(unnecessaryFailYieldableError)
packages/dalph/src/application/codex-planned-attempt-executor.ts(2356,49): suggestion TS377019: This `yield* Effect.fail(...)` passes a yieldable error value. `yield*` represents that value directly without wrapping it in `Effect.fail`. effect(unnecessaryFailYieldableError)
packages/dalph/src/application/codex-planned-attempt-executor.ts(2391,40): suggestion TS377019: This `yield* Effect.fail(...)` passes a yieldable error value. `yield*` represents that value directly without wrapping it in `Effect.fail`. effect(unnecessaryFailYieldableError)
packages/dalph/src/application/codex-planned-attempt-executor.ts(2409,16): suggestion TS377019: This `yield* Effect.fail(...)` passes a yieldable error value. `yield*` represents that value directly without wrapping it in `Effect.fail`. effect(unnecessaryFailYieldableError)
packages/dalph/src/application/codex-planned-attempt-executor.ts(2419,49): suggestion TS377019: This `yield* Effect.fail(...)` passes a yieldable error value. `yield*` represents that value directly without wrapping it in `Effect.fail`. effect(unnecessaryFailYieldableError)
packages/dalph/src/application/codex-planned-attempt-executor.ts(2449,47): suggestion TS377019: This `yield* Effect.fail(...)` passes a yieldable error value. `yield*` represents that value directly without wrapping it in `Effect.fail`. effect(unnecessaryFailYieldableError)
packages/dalph/src/application/codex-planned-attempt-executor.ts(2520,49): suggestion TS377019: This `yield* Effect.fail(...)` passes a yieldable error value. `yield*` represents that value directly without wrapping it in `Effect.fail`. effect(unnecessaryFailYieldableError)
packages/dalph/src/application/codex-planned-attempt-executor.ts(3047,19): suggestion TS377095: `Effect.orElseSucceed` expresses the same recovery more directly than `Effect.catch` followed by `Effect.succeed`. effect(catchToOrElseSucceed)
packages/dalph/src/application/codex-planned-attempt-executor.ts(3205,7): suggestion TS377012: This Effect generator contains `try/catch`; in this context, error handling is expressed with Effect APIs such as Effect.try, Effect.tryPromise, Effect.catch, Effect.catchTag). effect(tryCatchInEffectGen)
packages/dalph/src/application/codex-planned-attempt-executor.ts(4151,7): suggestion TS377095: `Effect.orElseSucceed` expresses the same recovery more directly than `Effect.catch` followed by `Effect.succeed`. effect(catchToOrElseSucceed)
packages/dalph/src/application/codex-planned-attempt-executor.ts(4164,19): suggestion TS377014: This generator returns an Effect-able value directly, which produces a nested `Effect<Effect<...>>`. If the intended result is the inner Effect value, `return yield*` represents that form. effect(returnEffectInGen)
packages/dalph/src/application/codex-planned-attempt-executor.ts(4167,19): suggestion TS377014: This generator returns an Effect-able value directly, which produces a nested `Effect<Effect<...>>`. If the intended result is the inner Effect value, `return yield*` represents that form. effect(returnEffectInGen)
packages/dalph/src/application/codex-planned-attempt-executor.ts(4169,19): suggestion TS377014: This generator returns an Effect-able value directly, which produces a nested `Effect<Effect<...>>`. If the intended result is the inner Effect value, `return yield*` represents that form. effect(returnEffectInGen)
packages/dalph/src/application/codex-planned-attempt-executor.ts(4172,19): suggestion TS377014: This generator returns an Effect-able value directly, which produces a nested `Effect<Effect<...>>`. If the intended result is the inner Effect value, `return yield*` represents that form. effect(returnEffectInGen)
packages/dalph/src/application/codex-planned-attempt-executor.ts(4177,19): suggestion TS377014: This generator returns an Effect-able value directly, which produces a nested `Effect<Effect<...>>`. If the intended result is the inner Effect value, `return yield*` represents that form. effect(returnEffectInGen)
packages/dalph/src/application/codex-planned-attempt-executor.ts(4182,19): suggestion TS377014: This generator returns an Effect-able value directly, which produces a nested `Effect<Effect<...>>`. If the intended result is the inner Effect value, `return yield*` represents that form. effect(returnEffectInGen)
packages/dalph/src/application/codex-planned-attempt-executor.ts(4187,19): suggestion TS377014: This generator returns an Effect-able value directly, which produces a nested `Effect<Effect<...>>`. If the intended result is the inner Effect value, `return yield*` represents that form. effect(returnEffectInGen)
packages/dalph/src/application/codex-planned-attempt-executor.ts(4188,17): suggestion TS377014: This generator returns an Effect-able value directly, which produces a nested `Effect<Effect<...>>`. If the intended result is the inner Effect value, `return yield*` represents that form. effect(returnEffectInGen)
packages/dalph/src/application/codex-planned-attempt-executor.ts(4195,19): suggestion TS377095: `Effect.orElseSucceed` expresses the same recovery more directly than `Effect.catch` followed by `Effect.succeed`. effect(catchToOrElseSucceed)
packages/dalph/src/application/codex-planned-attempt-executor.ts(4201,11): suggestion TS377095: `Effect.orElseSucceed` expresses the same recovery more directly than `Effect.catch` followed by `Effect.succeed`. effect(catchToOrElseSucceed)
packages/dalph/src/application/codex-planned-attempt-executor.ts(4252,11): suggestion TS377095: `Effect.orElseSucceed` expresses the same recovery more directly than `Effect.catch` followed by `Effect.succeed`. effect(catchToOrElseSucceed)
packages/dalph/src/application/codex-thread-inventory.ts(105,42): suggestion TS377019: This `yield* Effect.fail(...)` passes a yieldable error value. `yield*` represents that value directly without wrapping it in `Effect.fail`. effect(unnecessaryFailYieldableError)
packages/dalph/src/application/codex-thread-inventory.ts(107,16): suggestion TS377019: This `yield* Effect.fail(...)` passes a yieldable error value. `yield*` represents that value directly without wrapping it in `Effect.fail`. effect(unnecessaryFailYieldableError)
packages/dalph/src/application/codex-thread-inventory.ts(116,16): suggestion TS377019: This `yield* Effect.fail(...)` passes a yieldable error value. `yield*` represents that value directly without wrapping it in `Effect.fail`. effect(unnecessaryFailYieldableError)
packages/dalph/src/application/codex-tool-effect-policy.ts(18,37): suggestion TS377036: This `Schema.Struct` includes a `_tag` field. `Schema.TaggedStruct` is the tagged-struct form for this pattern and makes the tag optional in the constructor. effect(schemaStructWithTag)
packages/dalph/src/application/kimi-acp.ts(314,5): suggestion TS377099: `Effect.ignore` expresses ignored failure more directly than `Effect.catch` returning `Effect.void`. effect(catchToIgnore)
packages/dalph/src/application/kimi-acp.ts(324,26): suggestion TS377019: This `yield* Effect.fail(...)` passes a yieldable error value. `yield*` represents that value directly without wrapping it in `Effect.fail`. effect(unnecessaryFailYieldableError)
packages/dalph/src/application/kimi-acp.ts(339,26): suggestion TS377019: This `yield* Effect.fail(...)` passes a yieldable error value. `yield*` represents that value directly without wrapping it in `Effect.fail`. effect(unnecessaryFailYieldableError)
packages/dalph/src/application/kimi-acp.ts(348,7): suggestion TS377099: `Effect.ignore` expresses ignored failure more directly than `Effect.catch` returning `Effect.void`. effect(catchToIgnore)
packages/dalph/src/application/kimi-acp.ts(415,12): suggestion TS377019: This `yield* Effect.fail(...)` passes a yieldable error value. `yield*` represents that value directly without wrapping it in `Effect.fail`. effect(unnecessaryFailYieldableError)
packages/dalph/src/application/kimi-acp.ts(459,31): suggestion TS377015: This expression contains chained `pipe` calls that can be simplified to a single `pipe` call. effect(unnecessaryPipeChain)
packages/dalph/src/application/kimi-acp.ts(498,13): suggestion TS377019: This `yield* Effect.fail(...)` passes a yieldable error value. `yield*` represents that value directly without wrapping it in `Effect.fail`. effect(unnecessaryFailYieldableError)
packages/dalph/src/application/kimi-acp.ts(514,17): suggestion TS377010: `Effect.mapError` expresses the same error-type transformation more directly than `Effect.catch` followed by `Effect.fail`. effect(catchAllToMapError)
packages/dalph/src/application/kimi-acp.ts(516,60): suggestion TS377019: This `yield* Effect.fail(...)` passes a yieldable error value. `yield*` represents that value directly without wrapping it in `Effect.fail`. effect(unnecessaryFailYieldableError)
packages/dalph/src/application/kimi-acp.ts(552,20): suggestion TS377019: This `yield* Effect.fail(...)` passes a yieldable error value. `yield*` represents that value directly without wrapping it in `Effect.fail`. effect(unnecessaryFailYieldableError)
packages/dalph/src/application/kimi-acp.ts(639,18): suggestion TS377019: This `yield* Effect.fail(...)` passes a yieldable error value. `yield*` represents that value directly without wrapping it in `Effect.fail`. effect(unnecessaryFailYieldableError)
packages/dalph/src/application/kimi-acp.ts(718,14): suggestion TS377017: This Effect.gen contains a single return statement. effect(unnecessaryEffectGen)
packages/dalph/src/application/kimi-attempt-store.ts(321,16): suggestion TS377019: This `yield* Effect.fail(...)` passes a yieldable error value. `yield*` represents that value directly without wrapping it in `Effect.fail`. effect(unnecessaryFailYieldableError)
packages/dalph/src/application/kimi-attempt-store.ts(370,20): suggestion TS377088: This generator applies the same inline `Effect.mapError(...)` to every yielded effect. Keep that `Effect.mapError(...)` inline and hoist it once to the generator result: `Effect.gen(...).pipe(Effect.mapError(...))`, or `Effect.fn(function*(){ ... }, Effect.mapError(...))`. effect(redundantMapError)
packages/dalph/src/application/kimi-integrator-provider.ts(101,16): suggestion TS377019: This `yield* Effect.fail(...)` passes a yieldable error value. `yield*` represents that value directly without wrapping it in `Effect.fail`. effect(unnecessaryFailYieldableError)
packages/dalph/src/application/kimi-integrator-provider.ts(159,24): suggestion TS377019: This `yield* Effect.fail(...)` passes a yieldable error value. `yield*` represents that value directly without wrapping it in `Effect.fail`. effect(unnecessaryFailYieldableError)
packages/dalph/src/application/kimi-integrator-provider.ts(186,24): suggestion TS377019: This `yield* Effect.fail(...)` passes a yieldable error value. `yield*` represents that value directly without wrapping it in `Effect.fail`. effect(unnecessaryFailYieldableError)
packages/dalph/src/application/kimi-planned-attempt-executor.ts(138,3): suggestion TS377012: This Effect generator contains `try/catch`; in this context, error handling is expressed with Effect APIs such as Effect.try, Effect.tryPromise, Effect.catch, Effect.catchTag). effect(tryCatchInEffectGen)
packages/dalph/src/application/kimi-planned-attempt-executor.ts(425,16): suggestion TS377019: This `yield* Effect.fail(...)` passes a yieldable error value. `yield*` represents that value directly without wrapping it in `Effect.fail`. effect(unnecessaryFailYieldableError)
packages/dalph/src/application/kimi-planned-attempt-executor.ts(443,18): suggestion TS377019: This `yield* Effect.fail(...)` passes a yieldable error value. `yield*` represents that value directly without wrapping it in `Effect.fail`. effect(unnecessaryFailYieldableError)
packages/dalph/src/application/kimi-planned-attempt-executor.ts(487,16): suggestion TS377019: This `yield* Effect.fail(...)` passes a yieldable error value. `yield*` represents that value directly without wrapping it in `Effect.fail`. effect(unnecessaryFailYieldableError)
packages/dalph/src/application/kimi-planned-attempt-executor.ts(709,16): suggestion TS377019: This `yield* Effect.fail(...)` passes a yieldable error value. `yield*` represents that value directly without wrapping it in `Effect.fail`. effect(unnecessaryFailYieldableError)
packages/dalph/src/application/kimi-planned-attempt-executor.ts(748,16): suggestion TS377019: This `yield* Effect.fail(...)` passes a yieldable error value. `yield*` represents that value directly without wrapping it in `Effect.fail`. effect(unnecessaryFailYieldableError)
packages/dalph/src/application/kimi-planned-attempt-executor.ts(756,16): suggestion TS377019: This `yield* Effect.fail(...)` passes a yieldable error value. `yield*` represents that value directly without wrapping it in `Effect.fail`. effect(unnecessaryFailYieldableError)
packages/dalph/src/application/kimi-planned-attempt-executor.ts(788,16): suggestion TS377019: This `yield* Effect.fail(...)` passes a yieldable error value. `yield*` represents that value directly without wrapping it in `Effect.fail`. effect(unnecessaryFailYieldableError)
packages/dalph/src/application/kimi-planned-attempt-executor.ts(790,16): suggestion TS377019: This `yield* Effect.fail(...)` passes a yieldable error value. `yield*` represents that value directly without wrapping it in `Effect.fail`. effect(unnecessaryFailYieldableError)
packages/dalph/src/application/kimi-planned-attempt-executor.ts(796,16): suggestion TS377019: This `yield* Effect.fail(...)` passes a yieldable error value. `yield*` represents that value directly without wrapping it in `Effect.fail`. effect(unnecessaryFailYieldableError)
packages/dalph/src/application/kimi-planned-attempt-executor.ts(869,23): suggestion TS377095: `Effect.orElseSucceed` expresses the same recovery more directly than `Effect.catch` followed by `Effect.succeed`. effect(catchToOrElseSucceed)
packages/dalph/src/application/production-cli.test.ts(2499,21): suggestion TS377037: `Schema.decodeUnknownSync` is used inside an Effect generator. `Schema.decodeUnknownEffect` preserves the typed Effect error channel for this operation without throwing. effect(schemaSyncInEffect)
packages/dalph/src/application/production-cli.test.ts(2526,26): suggestion TS377037: `Schema.decodeUnknownSync` is used inside an Effect generator. `Schema.decodeUnknownEffect` preserves the typed Effect error channel for this operation without throwing. effect(schemaSyncInEffect)
packages/dalph/src/application/production-cli.ts(619,15): suggestion TS377016: `Effect.void` represents the same outcome as `Effect.succeed(undefined)` or `Effect.succeed(void 0)`. effect(effectSucceedWithVoid)
packages/dalph/src/application/production-host.ts(983,16): suggestion TS377019: This `yield* Effect.fail(...)` passes a yieldable error value. `yield*` represents that value directly without wrapping it in `Effect.fail`. effect(unnecessaryFailYieldableError)
packages/dalph/src/application/production-host.ts(1053,18): suggestion TS377019: This `yield* Effect.fail(...)` passes a yieldable error value. `yield*` represents that value directly without wrapping it in `Effect.fail`. effect(unnecessaryFailYieldableError)
packages/dalph/src/application/production-host.ts(1750,23): suggestion TS377092: These 2 consecutive `catchTag` transformations can be collapsed into a single `catchTags` call. effect(multipleCatchTag)
packages/dalph/src/application/production-publication-control.acceptance.test.ts(157,35): suggestion TS377015: This expression contains chained `pipe` calls that can be simplified to a single `pipe` call. effect(unnecessaryPipeChain)
packages/dalph/src/application/production-running-host.test.ts(188,16): suggestion TS377037: `Schema.decodeUnknownSync` is used inside an Effect generator. `Schema.decodeUnknownEffect` preserves the typed Effect error channel for this operation without throwing. effect(schemaSyncInEffect)
packages/dalph/src/application/provider-result-correction.test.ts(292,22): suggestion TS377037: `Schema.decodeUnknownSync` is used inside an Effect generator. `Schema.decodeUnknownEffect` preserves the typed Effect error channel for this operation without throwing. effect(schemaSyncInEffect)
packages/dalph/src/application/provider-result-correction.test.ts(412,53): suggestion TS377037: `Schema.decodeUnknownSync` is used inside an Effect generator. `Schema.decodeUnknownEffect` preserves the typed Effect error channel for this operation without throwing. effect(schemaSyncInEffect)
packages/dalph/src/application/provider-semantic-result.ts(87,12): suggestion TS377019: This `yield* Effect.fail(...)` passes a yieldable error value. `yield*` represents that value directly without wrapping it in `Effect.fail`. effect(unnecessaryFailYieldableError)
packages/dalph/src/application/provider-semantic-result.ts(90,12): suggestion TS377019: This `yield* Effect.fail(...)` passes a yieldable error value. `yield*` represents that value directly without wrapping it in `Effect.fail`. effect(unnecessaryFailYieldableError)
packages/dalph/src/application/provider-semantic-result.ts(92,12): suggestion TS377019: This `yield* Effect.fail(...)` passes a yieldable error value. `yield*` represents that value directly without wrapping it in `Effect.fail`. effect(unnecessaryFailYieldableError)
packages/dalph/src/application/provider-semantic-result.ts(96,12): suggestion TS377019: This `yield* Effect.fail(...)` passes a yieldable error value. `yield*` represents that value directly without wrapping it in `Effect.fail`. effect(unnecessaryFailYieldableError)
packages/dalph/src/application/running-host-base-retry.test.ts(71,34): suggestion TS377037: `Schema.decodeUnknownSync` is used inside an Effect generator. `Schema.decodeUnknownEffect` preserves the typed Effect error channel for this operation without throwing. effect(schemaSyncInEffect)
packages/dalph/src/application/running-host-capacity-clients.test.ts(188,17): suggestion TS377074: `Effect.runSync` is called inside an Effect with a separate services invocation. In this context, child Effects run with the surrounding services, which can be accessed through `Effect.context` and `Effect.runSyncWith`. effect(runEffectInsideEffect)
packages/dalph/src/application/running-host-capacity.acceptance.test.ts(40,29): suggestion TS377074: `Effect.runSync` is called inside an Effect with a separate services invocation. In this context, child Effects run with the surrounding services, which can be accessed through `Effect.context` and `Effect.runSyncWith`. effect(runEffectInsideEffect)
packages/dalph/src/application/running-host-capacity.acceptance.test.ts(72,3): suggestion TS377014: This generator returns an Effect-able value directly, which produces a nested `Effect<Effect<...>>`. If the intended result is the inner Effect value, `return yield*` represents that form. effect(returnEffectInGen)
packages/dalph/src/application/running-host-client-parity.test.ts(349,37): suggestion TS377037: `Schema.decodeUnknownSync` is used inside an Effect generator. `Schema.decodeUnknownEffect` preserves the typed Effect error channel for this operation without throwing. effect(schemaSyncInEffect)
packages/dalph/src/application/running-host-client-parity.test.ts(408,37): suggestion TS377037: `Schema.decodeUnknownSync` is used inside an Effect generator. `Schema.decodeUnknownEffect` preserves the typed Effect error channel for this operation without throwing. effect(schemaSyncInEffect)
packages/dalph/src/application/running-host-client-parity.test.ts(563,18): suggestion TS377037: `Schema.decodeUnknownSync` is used inside an Effect generator. `Schema.decodeUnknownEffect` preserves the typed Effect error channel for this operation without throwing. effect(schemaSyncInEffect)
packages/dalph/src/application/running-host-client-parity.test.ts(664,31): suggestion TS377037: `Schema.decodeUnknownSync` is used inside an Effect generator. `Schema.decodeUnknownEffect` preserves the typed Effect error channel for this operation without throwing. effect(schemaSyncInEffect)
packages/dalph/src/application/running-host-client-parity.test.ts(667,31): suggestion TS377037: `Schema.decodeUnknownSync` is used inside an Effect generator. `Schema.decodeUnknownEffect` preserves the typed Effect error channel for this operation without throwing. effect(schemaSyncInEffect)
packages/dalph/src/application/running-host-client-parity.test.ts(702,16): suggestion TS377037: `Schema.decodeUnknownSync` is used inside an Effect generator. `Schema.decodeUnknownEffect` preserves the typed Effect error channel for this operation without throwing. effect(schemaSyncInEffect)
packages/dalph/src/application/running-host-client-parity.test.ts(726,16): suggestion TS377037: `Schema.decodeUnknownSync` is used inside an Effect generator. `Schema.decodeUnknownEffect` preserves the typed Effect error channel for this operation without throwing. effect(schemaSyncInEffect)
packages/dalph/src/application/running-host-compact.test.ts(133,12): suggestion TS377037: `Schema.decodeUnknownSync` is used inside an Effect generator. `Schema.decodeUnknownEffect` preserves the typed Effect error channel for this operation without throwing. effect(schemaSyncInEffect)
packages/dalph/src/application/running-host-http-watch.ts(166,41): suggestion TS377016: `Effect.void` represents the same outcome as `Effect.succeed(undefined)` or `Effect.succeed(void 0)`. effect(effectSucceedWithVoid)
packages/dalph/src/application/running-host-http.ts(282,19): suggestion TS377036: This `Schema.Struct` includes a `_tag` field. `Schema.TaggedStruct` is the tagged-struct form for this pattern and makes the tag optional in the constructor. effect(schemaStructWithTag)
packages/dalph/src/application/running-host-observer-profile.test.ts(32,13): suggestion TS377074: `Effect.runSync` is called inside an Effect with a separate services invocation. In this context, child Effects run with the surrounding services, which can be accessed through `Effect.context` and `Effect.runSyncWith`. effect(runEffectInsideEffect)
packages/dalph/src/application/running-host-observer-profile.test.ts(159,40): suggestion TS377074: `Effect.runSync` is called inside an Effect with a separate services invocation. In this context, child Effects run with the surrounding services, which can be accessed through `Effect.context` and `Effect.runSyncWith`. effect(runEffectInsideEffect)
packages/dalph/src/cassettes/authored-runner.ts(3583,16): suggestion TS377016: `Effect.void` represents the same outcome as `Effect.succeed(undefined)` or `Effect.succeed(void 0)`. effect(effectSucceedWithVoid)
packages/dalph/src/cassettes/delivery-story-capstone.ts(475,6): suggestion TS377090: This `typeof ... .Type` query can be replaced with `AuthoredCausalWindow`. effect(unnecessaryTypeofType)
packages/dalph/src/cassettes/disposition-cleanup-cassette.ts(888,28): suggestion TS377090: This `typeof ... .Type` query can be replaced with `DispositionCleanupSentinels`. effect(unnecessaryTypeofType)
packages/dalph/src/cassettes/disposition-cleanup-cassette.ts(889,29): suggestion TS377090: This `typeof ... .Type` query can be replaced with `DispositionCleanupSentinels`. effect(unnecessaryTypeofType)
packages/dalph/src/cassettes/disposition-cleanup-cassette.ts(891,38): suggestion TS377090: This `typeof ... .Type` query can be replaced with `DispositionCleanupTranscriptEntry`. effect(unnecessaryTypeofType)
packages/dalph/src/cassettes/disposition-cleanup-cassette.ts(892,47): suggestion TS377090: This `typeof ... .Type` query can be replaced with `DispositionCleanupTranscriptWitness`. effect(unnecessaryTypeofType)
packages/dalph/src/qualification/codex-census-diagnostic.ts(75,5): suggestion TS377095: `Effect.orElseSucceed` expresses the same recovery more directly than `Effect.catch` followed by `Effect.succeed`. effect(catchToOrElseSucceed)
packages/dalph/src/qualification/codex-census-diagnostic.ts(120,5): suggestion TS377095: `Effect.orElseSucceed` expresses the same recovery more directly than `Effect.catch` followed by `Effect.succeed`. effect(catchToOrElseSucceed)
packages/dalph/src/qualification/codex-launch-preflight.ts(77,15): suggestion TS377095: `Effect.orElseSucceed` expresses the same recovery more directly than `Effect.catch` followed by `Effect.succeed`. effect(catchToOrElseSucceed)
packages/dalph/test-support/controlled-characterization.ts(3079,11): suggestion TS377016: `Effect.void` represents the same outcome as `Effect.succeed(undefined)` or `Effect.succeed(void 0)`. effect(effectSucceedWithVoid)
packages/dalph/test-support/coverage-wait.ts(8,31): suggestion TS377098: This Schema number API accepts `NaN`, `Infinity`, and `-Infinity`. Use `Schema.Finite` for finite domain numbers. If non-finite values are intentional, disable this diagnostic for that line. effect(schemaNumber)
packages/dalph/test-support/production-hermetic-child-lifetime.ts(107,5): suggestion TS377036: This `Schema.Struct` includes a `_tag` field. `Schema.TaggedStruct` is the tagged-struct form for this pattern and makes the tag optional in the constructor. effect(schemaStructWithTag)
packages/dalph/test-support/production-hermetic-child-lifetime.ts(109,15): suggestion TS377036: This `Schema.Struct` includes a `_tag` field. `Schema.TaggedStruct` is the tagged-struct form for this pattern and makes the tag optional in the constructor. effect(schemaStructWithTag)
packages/dalph/test-support/production-hermetic-fixture-cleanup.ts(40,5): suggestion TS377095: `Effect.orElseSucceed` expresses the same recovery more directly than `Effect.catch` followed by `Effect.succeed`. effect(catchToOrElseSucceed)
packages/dalph/test-support/production-hermetic-fixture-cleanup.ts(60,63): suggestion TS377095: `Effect.orElseSucceed` expresses the same recovery more directly than `Effect.catch` followed by `Effect.succeed`. effect(catchToOrElseSucceed)
packages/dalph/test-support/production-hermetic-fixture-cleanup.ts(93,59): suggestion TS377095: `Effect.orElseSucceed` expresses the same recovery more directly than `Effect.catch` followed by `Effect.succeed`. effect(catchToOrElseSucceed)
packages/dalph/test-support/production-hermetic-fixture-cleanup.ts(116,63): suggestion TS377095: `Effect.orElseSucceed` expresses the same recovery more directly than `Effect.catch` followed by `Effect.succeed`. effect(catchToOrElseSucceed)
packages/dalph/test-support/production-mvp-qualification-evidence.test.ts(122,24): suggestion TS377037: `Schema.decodeUnknownSync` is used inside an Effect generator. `Schema.decodeUnknownEffect` preserves the typed Effect error channel for this operation without throwing. effect(schemaSyncInEffect)
packages/dalph/test-support/production-mvp-qualification-evidence.test.ts(131,24): suggestion TS377037: `Schema.decodeUnknownSync` is used inside an Effect generator. `Schema.decodeUnknownEffect` preserves the typed Effect error channel for this operation without throwing. effect(schemaSyncInEffect)
packages/dalph/test-support/production-mvp-qualification-evidence.test.ts(167,24): suggestion TS377037: `Schema.decodeUnknownSync` is used inside an Effect generator. `Schema.decodeUnknownEffect` preserves the typed Effect error channel for this operation without throwing. effect(schemaSyncInEffect)
packages/dalph/test-support/production-public-publication-fixture.ts(46,80): suggestion TS377099: `Effect.ignore` expresses ignored failure more directly than `Effect.catch` returning `Effect.void`. effect(catchToIgnore)
packages/dalph/test-support/production-running-host-tracker-edits.ts(52,18): suggestion TS377019: This `yield* Effect.fail(...)` passes a yieldable error value. `yield*` represents that value directly without wrapping it in `Effect.fail`. effect(unnecessaryFailYieldableError)
packages/dalph/test/cassettes/authored-active-work-causal-sync.test.ts(135,20): suggestion TS377037: `Schema.decodeUnknownSync` is used inside an Effect generator. `Schema.decodeUnknownEffect` preserves the typed Effect error channel for this operation without throwing. effect(schemaSyncInEffect)
packages/dalph/test/cassettes/authored-active-work-causal-sync.test.ts(179,20): suggestion TS377037: `Schema.decodeUnknownSync` is used inside an Effect generator. `Schema.decodeUnknownEffect` preserves the typed Effect error channel for this operation without throwing. effect(schemaSyncInEffect)
packages/dalph/test/cassettes/authored-active-work-causal-sync.test.ts(273,20): suggestion TS377037: `Schema.decodeUnknownSync` is used inside an Effect generator. `Schema.decodeUnknownEffect` preserves the typed Effect error channel for this operation without throwing. effect(schemaSyncInEffect)
packages/dalph/test/cassettes/authored-active-work-causal-sync.test.ts(351,20): suggestion TS377037: `Schema.decodeUnknownSync` is used inside an Effect generator. `Schema.decodeUnknownEffect` preserves the typed Effect error channel for this operation without throwing. effect(schemaSyncInEffect)
packages/dalph/test/cassettes/authored-active-work-causal-sync.test.ts(385,22): suggestion TS377037: `Schema.decodeUnknownSync` is used inside an Effect generator. `Schema.decodeUnknownEffect` preserves the typed Effect error channel for this operation without throwing. effect(schemaSyncInEffect)
packages/dalph/test/cassettes/authored-active-work-causal-sync.test.ts(392,21): suggestion TS377037: `Schema.decodeUnknownSync` is used inside an Effect generator. `Schema.decodeUnknownEffect` preserves the typed Effect error channel for this operation without throwing. effect(schemaSyncInEffect)
packages/dalph/test/cassettes/authored-active-work-causal-sync.test.ts(410,20): suggestion TS377037: `Schema.decodeUnknownSync` is used inside an Effect generator. `Schema.decodeUnknownEffect` preserves the typed Effect error channel for this operation without throwing. effect(schemaSyncInEffect)
packages/dalph/test/cassettes/authored-active-work-causal-sync.test.ts(457,23): suggestion TS377037: `Schema.decodeUnknownSync` is used inside an Effect generator. `Schema.decodeUnknownEffect` preserves the typed Effect error channel for this operation without throwing. effect(schemaSyncInEffect)
packages/dalph/test/cassettes/authored-active-work-causal-sync.test.ts(526,20): suggestion TS377037: `Schema.decodeUnknownSync` is used inside an Effect generator. `Schema.decodeUnknownEffect` preserves the typed Effect error channel for this operation without throwing. effect(schemaSyncInEffect)
packages/dalph/test/cassettes/authored-active-work-causal-sync.test.ts(556,20): suggestion TS377037: `Schema.decodeUnknownSync` is used inside an Effect generator. `Schema.decodeUnknownEffect` preserves the typed Effect error channel for this operation without throwing. effect(schemaSyncInEffect)
packages/dalph/test/cassettes/authored-active-work-causal-sync.test.ts(623,20): suggestion TS377037: `Schema.decodeUnknownSync` is used inside an Effect generator. `Schema.decodeUnknownEffect` preserves the typed Effect error channel for this operation without throwing. effect(schemaSyncInEffect)
packages/dalph/test/cassettes/authored-active-work-causal-sync.test.ts(896,21): suggestion TS377037: `Schema.decodeUnknownSync` is used inside an Effect generator. `Schema.decodeUnknownEffect` preserves the typed Effect error channel for this operation without throwing. effect(schemaSyncInEffect)
packages/dalph/test/cassettes/authored-active-work-causal-sync.test.ts(1050,20): suggestion TS377037: `Schema.decodeUnknownSync` is used inside an Effect generator. `Schema.decodeUnknownEffect` preserves the typed Effect error channel for this operation without throwing. effect(schemaSyncInEffect)
packages/dalph/test/cassettes/authored-active-work-causal-sync.test.ts(1079,20): suggestion TS377037: `Schema.decodeUnknownSync` is used inside an Effect generator. `Schema.decodeUnknownEffect` preserves the typed Effect error channel for this operation without throwing. effect(schemaSyncInEffect)
packages/dalph/test/cassettes/authored-active-work-causal-sync.test.ts(1087,22): suggestion TS377037: `Schema.decodeUnknownSync` is used inside an Effect generator. `Schema.decodeUnknownEffect` preserves the typed Effect error channel for this operation without throwing. effect(schemaSyncInEffect)
packages/dalph/test/cassettes/authored-active-work-causal-sync.test.ts(1100,23): suggestion TS377037: `Schema.decodeUnknownSync` is used inside an Effect generator. `Schema.decodeUnknownEffect` preserves the typed Effect error channel for this operation without throwing. effect(schemaSyncInEffect)
packages/dalph/test/cassettes/authored-active-work-causal-sync.test.ts(1400,20): suggestion TS377037: `Schema.decodeUnknownSync` is used inside an Effect generator. `Schema.decodeUnknownEffect` preserves the typed Effect error channel for this operation without throwing. effect(schemaSyncInEffect)
packages/dalph/test/cassettes/authored-active-work-causal-sync.test.ts(1427,20): suggestion TS377037: `Schema.decodeUnknownSync` is used inside an Effect generator. `Schema.decodeUnknownEffect` preserves the typed Effect error channel for this operation without throwing. effect(schemaSyncInEffect)
packages/dalph/test/cassettes/authored-active-work-causal-sync.test.ts(1454,20): suggestion TS377037: `Schema.decodeUnknownSync` is used inside an Effect generator. `Schema.decodeUnknownEffect` preserves the typed Effect error channel for this operation without throwing. effect(schemaSyncInEffect)
packages/dalph/test/cassettes/authored-integrator-boundary.test.ts(137,9): suggestion TS377037: `Schema.decodeUnknownSync` is used inside an Effect generator. `Schema.decodeUnknownEffect` preserves the typed Effect error channel for this operation without throwing. effect(schemaSyncInEffect)
packages/dalph/test/cassettes/authored-owner-lifetime.test.ts(136,29): suggestion TS377037: `Schema.decodeUnknownSync` is used inside an Effect generator. `Schema.decodeUnknownEffect` preserves the typed Effect error channel for this operation without throwing. effect(schemaSyncInEffect)
packages/dalph/test/cassettes/authored-target-promotion-cursor.test.ts(50,9): suggestion TS377037: `Schema.decodeUnknownSync` is used inside an Effect generator. `Schema.decodeUnknownEffect` preserves the typed Effect error channel for this operation without throwing. effect(schemaSyncInEffect)
packages/dalph/test/cassettes/cassette-residuals.test.ts(53,14): suggestion TS377090: This `typeof ... .Type` query can be replaced with `TaskClaimAcquisitionAuthority`. effect(unnecessaryTypeofType)
packages/dalph/test/cassettes/cassette-residuals.test.ts(476,11): suggestion TS377037: `Schema.decodeUnknownSync` is used inside an Effect generator. `Schema.decodeUnknownEffect` preserves the typed Effect error channel for this operation without throwing. effect(schemaSyncInEffect)
packages/dalph/test/cassettes/cassette-residuals.test.ts(528,11): suggestion TS377037: `Schema.decodeUnknownSync` is used inside an Effect generator. `Schema.decodeUnknownEffect` preserves the typed Effect error channel for this operation without throwing. effect(schemaSyncInEffect)
packages/dalph/test/cassettes/cassette-residuals.test.ts(615,11): suggestion TS377037: `Schema.decodeUnknownSync` is used inside an Effect generator. `Schema.decodeUnknownEffect` preserves the typed Effect error channel for this operation without throwing. effect(schemaSyncInEffect)
packages/dalph/test/cassettes/cassette-residuals.test.ts(643,11): suggestion TS377037: `Schema.decodeUnknownSync` is used inside an Effect generator. `Schema.decodeUnknownEffect` preserves the typed Effect error channel for this operation without throwing. effect(schemaSyncInEffect)
packages/dalph/test/cassettes/cassette-residuals.test.ts(683,11): suggestion TS377037: `Schema.decodeUnknownSync` is used inside an Effect generator. `Schema.decodeUnknownEffect` preserves the typed Effect error channel for this operation without throwing. effect(schemaSyncInEffect)
packages/dalph/test/cassettes/cassette-residuals.test.ts(818,11): suggestion TS377037: `Schema.decodeUnknownSync` is used inside an Effect generator. `Schema.decodeUnknownEffect` preserves the typed Effect error channel for this operation without throwing. effect(schemaSyncInEffect)
packages/dalph/test/cassettes/scenario.test.ts(4225,20): suggestion TS377037: `Schema.decodeUnknownSync` is used inside an Effect generator. `Schema.decodeUnknownEffect` preserves the typed Effect error channel for this operation without throwing. effect(schemaSyncInEffect)
packages/dalph/test/cassettes/scenario.test.ts(5441,9): suggestion TS377037: `Schema.decodeUnknownSync` is used inside an Effect generator. `Schema.decodeUnknownEffect` preserves the typed Effect error channel for this operation without throwing. effect(schemaSyncInEffect)
packages/dalph/test/conformance/automatic-successor.mbt.test.ts(145,14): suggestion TS377090: This `typeof ... .Type` query can be replaced with `LocalTargetCatchUpResult`. effect(unnecessaryTypeofType)
packages/dalph/test/conformance/automatic-successor.mbt.test.ts(149,32): suggestion TS377090: This `typeof ... .Type` query can be replaced with `OperationId`. effect(unnecessaryTypeofType)
packages/dalph/test/conformance/automatic-successor.mbt.test.ts(330,16): suggestion TS377090: This `typeof ... .Type` query can be replaced with `TargetLineageObservation`. effect(unnecessaryTypeofType)
packages/dalph/test/conformance/git-reconciliation.mbt.test.ts(253,55): suggestion TS377024: `Effect.runSync` is called inside an existing Effect context. Here, the inner Effect can be used directly. effect(runEffectInsideEffect)
packages/dalph/test/conformance/git-reconciliation.mbt.test.ts(279,32): suggestion TS377074: `Effect.runSync` is called inside an Effect with a separate services invocation. In this context, child Effects run with the surrounding services, which can be accessed through `Effect.context` and `Effect.runSyncWith`. effect(runEffectInsideEffect)
packages/dalph/test/conformance/git-reconciliation.mbt.test.ts(293,25): suggestion TS377074: `Effect.runSync` is called inside an Effect with a separate services invocation. In this context, child Effects run with the surrounding services, which can be accessed through `Effect.context` and `Effect.runSyncWith`. effect(runEffectInsideEffect)
packages/dalph/test/conformance/git-reconciliation.mbt.test.ts(297,14): suggestion TS377074: `Effect.runSync` is called inside an Effect with a separate services invocation. In this context, child Effects run with the surrounding services, which can be accessed through `Effect.context` and `Effect.runSyncWith`. effect(runEffectInsideEffect)
packages/dalph/test/conformance/git-reconciliation.mbt.test.ts(302,30): suggestion TS377074: `Effect.runSync` is called inside an Effect with a separate services invocation. In this context, child Effects run with the surrounding services, which can be accessed through `Effect.context` and `Effect.runSyncWith`. effect(runEffectInsideEffect)
packages/dalph/test/conformance/git-reconciliation.mbt.test.ts(351,44): suggestion TS377074: `Effect.runSync` is called inside an Effect with a separate services invocation. In this context, child Effects run with the surrounding services, which can be accessed through `Effect.context` and `Effect.runSyncWith`. effect(runEffectInsideEffect)
packages/dalph/test/conformance/git-reconciliation.mbt.test.ts(356,5): suggestion TS377074: `Effect.runSync` is called inside an Effect with a separate services invocation. In this context, child Effects run with the surrounding services, which can be accessed through `Effect.context` and `Effect.runSyncWith`. effect(runEffectInsideEffect)
packages/dalph/test/conformance/git-reconciliation.mbt.test.ts(357,5): suggestion TS377074: `Effect.runSync` is called inside an Effect with a separate services invocation. In this context, child Effects run with the surrounding services, which can be accessed through `Effect.context` and `Effect.runSyncWith`. effect(runEffectInsideEffect)
packages/dalph/test/conformance/git-reconciliation.mbt.test.ts(358,12): suggestion TS377074: `Effect.runSync` is called inside an Effect with a separate services invocation. In this context, child Effects run with the surrounding services, which can be accessed through `Effect.context` and `Effect.runSyncWith`. effect(runEffectInsideEffect)
packages/dalph/test/conformance/git-reconciliation.mbt.test.ts(370,5): suggestion TS377074: `Effect.runSync` is called inside an Effect with a separate services invocation. In this context, child Effects run with the surrounding services, which can be accessed through `Effect.context` and `Effect.runSyncWith`. effect(runEffectInsideEffect)
packages/dalph/test/conformance/git-reconciliation.mbt.test.ts(371,21): suggestion TS377074: `Effect.runSync` is called inside an Effect with a separate services invocation. In this context, child Effects run with the surrounding services, which can be accessed through `Effect.context` and `Effect.runSyncWith`. effect(runEffectInsideEffect)
packages/dalph/test/conformance/git-reconciliation.mbt.test.ts(373,14): suggestion TS377074: `Effect.runSync` is called inside an Effect with a separate services invocation. In this context, child Effects run with the surrounding services, which can be accessed through `Effect.context` and `Effect.runSyncWith`. effect(runEffectInsideEffect)
packages/dalph/test/conformance/git-reconciliation.mbt.test.ts(376,20): suggestion TS377074: `Effect.runSync` is called inside an Effect with a separate services invocation. In this context, child Effects run with the surrounding services, which can be accessed through `Effect.context` and `Effect.runSyncWith`. effect(runEffectInsideEffect)
packages/dalph/test/conformance/git-reconciliation.mbt.test.ts(378,14): suggestion TS377074: `Effect.runSync` is called inside an Effect with a separate services invocation. In this context, child Effects run with the surrounding services, which can be accessed through `Effect.context` and `Effect.runSyncWith`. effect(runEffectInsideEffect)
packages/dalph/test/conformance/git-reconciliation.mbt.test.ts(385,14): suggestion TS377074: `Effect.runSync` is called inside an Effect with a separate services invocation. In this context, child Effects run with the surrounding services, which can be accessed through `Effect.context` and `Effect.runSyncWith`. effect(runEffectInsideEffect)
packages/dalph/test/conformance/git-reconciliation.mbt.test.ts(388,5): suggestion TS377074: `Effect.runSync` is called inside an Effect with a separate services invocation. In this context, child Effects run with the surrounding services, which can be accessed through `Effect.context` and `Effect.runSyncWith`. effect(runEffectInsideEffect)
packages/dalph/test/conformance/git-reconciliation.mbt.test.ts(395,5): suggestion TS377074: `Effect.runSync` is called inside an Effect with a separate services invocation. In this context, child Effects run with the surrounding services, which can be accessed through `Effect.context` and `Effect.runSyncWith`. effect(runEffectInsideEffect)
packages/dalph/test/conformance/git-reconciliation.mbt.test.ts(404,42): suggestion TS377074: `Effect.runSync` is called inside an Effect with a separate services invocation. In this context, child Effects run with the surrounding services, which can be accessed through `Effect.context` and `Effect.runSyncWith`. effect(runEffectInsideEffect)
packages/dalph/test/conformance/git-reconciliation.mbt.test.ts(406,7): suggestion TS377074: `Effect.runSync` is called inside an Effect with a separate services invocation. In this context, child Effects run with the surrounding services, which can be accessed through `Effect.context` and `Effect.runSyncWith`. effect(runEffectInsideEffect)
packages/dalph/test/conformance/git-reconciliation.mbt.test.ts(408,7): suggestion TS377074: `Effect.runSync` is called inside an Effect with a separate services invocation. In this context, child Effects run with the surrounding services, which can be accessed through `Effect.context` and `Effect.runSyncWith`. effect(runEffectInsideEffect)
packages/dalph/test/conformance/git-reconciliation.mbt.test.ts(427,12): suggestion TS377074: `Effect.runSync` is called inside an Effect with a separate services invocation. In this context, child Effects run with the surrounding services, which can be accessed through `Effect.context` and `Effect.runSyncWith`. effect(runEffectInsideEffect)
packages/dalph/test/conformance/git-reconciliation.mbt.test.ts(438,3): suggestion TS377024: `Effect.runSync` is called inside an existing Effect context. Here, the inner Effect can be used directly. effect(runEffectInsideEffect)
packages/dalph/test/conformance/git-reconciliation.mbt.test.ts(439,3): suggestion TS377024: `Effect.runSync` is called inside an existing Effect context. Here, the inner Effect can be used directly. effect(runEffectInsideEffect)
packages/dalph/test/conformance/git-reconciliation.mbt.test.ts(442,12): suggestion TS377024: `Effect.runSync` is called inside an existing Effect context. Here, the inner Effect can be used directly. effect(runEffectInsideEffect)
packages/dalph/test/conformance/git-reconciliation.mbt.test.ts(458,14): suggestion TS377074: `Effect.runSync` is called inside an Effect with a separate services invocation. In this context, child Effects run with the surrounding services, which can be accessed through `Effect.context` and `Effect.runSyncWith`. effect(runEffectInsideEffect)
packages/dalph/test/conformance/git-reconciliation.mbt.test.ts(475,14): suggestion TS377074: `Effect.runSync` is called inside an Effect with a separate services invocation. In this context, child Effects run with the surrounding services, which can be accessed through `Effect.context` and `Effect.runSyncWith`. effect(runEffectInsideEffect)
packages/dalph/test/conformance/git-reconciliation.mbt.test.ts(493,14): suggestion TS377074: `Effect.runSync` is called inside an Effect with a separate services invocation. In this context, child Effects run with the surrounding services, which can be accessed through `Effect.context` and `Effect.runSyncWith`. effect(runEffectInsideEffect)
packages/dalph/test/conformance/git-reconciliation.mbt.test.ts(504,14): suggestion TS377074: `Effect.runSync` is called inside an Effect with a separate services invocation. In this context, child Effects run with the surrounding services, which can be accessed through `Effect.context` and `Effect.runSyncWith`. effect(runEffectInsideEffect)
packages/dalph/test/conformance/result-recovery-direction.mbt.test.ts(202,15): suggestion TS377037: `Schema.decodeUnknownSync` is used inside an Effect generator. `Schema.decodeUnknownEffect` preserves the typed Effect error channel for this operation without throwing. effect(schemaSyncInEffect)
packages/dalph/test/integration/direct-remote-publication.integration.test.ts(700,34): suggestion TS377037: `Schema.decodeUnknownSync` is used inside an Effect generator. `Schema.decodeUnknownEffect` preserves the typed Effect error channel for this operation without throwing. effect(schemaSyncInEffect)
packages/dalph/test/scenarios/hermetic-mvp.test.ts(423,28): suggestion TS377019: This `yield* Effect.fail(...)` passes a yieldable error value. `yield*` represents that value directly without wrapping it in `Effect.fail`. effect(unnecessaryFailYieldableError)
packages/dalph/test/scenarios/hermetic-mvp.test.ts(461,26): suggestion TS377019: This `yield* Effect.fail(...)` passes a yieldable error value. `yield*` represents that value directly without wrapping it in `Effect.fail`. effect(unnecessaryFailYieldableError)
packages/dalph/test/scenarios/production.test.ts(4967,22): suggestion TS377019: This `yield* Effect.fail(...)` passes a yieldable error value. `yield*` represents that value directly without wrapping it in `Effect.fail`. effect(unnecessaryFailYieldableError)
packages/orchestrator/src/authorities/task-tracker/github/graphql-client.test.ts(41,22): suggestion TS377037: `Schema.decodeUnknownSync` is used inside an Effect generator. `Schema.decodeUnknownEffect` preserves the typed Effect error channel for this operation without throwing. effect(schemaSyncInEffect)
packages/orchestrator/src/authorities/task-tracker/github/graphql-client.test.ts(87,29): suggestion TS377037: `Schema.decodeUnknownSync` is used inside an Effect generator. `Schema.decodeUnknownEffect` preserves the typed Effect error channel for this operation without throwing. effect(schemaSyncInEffect)
packages/orchestrator/src/authorities/task-tracker/github/graphql-client.test.ts(189,21): suggestion TS377037: `Schema.decodeUnknownSync` is used inside an Effect generator. `Schema.decodeUnknownEffect` preserves the typed Effect error channel for this operation without throwing. effect(schemaSyncInEffect)
packages/orchestrator/src/coordination/delivery/delivery-runtime-admission.test.ts(175,31): suggestion TS377090: This `typeof ... .Type` query can be replaced with `PlannedTaskAttempt`. effect(unnecessaryTypeofType)
packages/orchestrator/src/coordination/delivery/delivery-runtime-admission.test.ts(3000,23): suggestion TS377024: `Effect.runSync` is called inside an existing Effect context. Here, the inner Effect can be used directly. effect(runEffectInsideEffect)
packages/orchestrator/src/coordination/delivery/delivery-runtime-admission.test.ts(3031,9): suggestion TS377024: `Effect.runSync` is called inside an existing Effect context. Here, the inner Effect can be used directly. effect(runEffectInsideEffect)
packages/orchestrator/src/coordination/delivery/delivery-status.test.ts(1796,7): suggestion TS377037: `Schema.decodeUnknownSync` is used inside an Effect generator. `Schema.decodeUnknownEffect` preserves the typed Effect error channel for this operation without throwing. effect(schemaSyncInEffect)
packages/orchestrator/src/coordination/delivery/delivery-status.test.ts(2012,7): suggestion TS377037: `Schema.decodeUnknownSync` is used inside an Effect generator. `Schema.decodeUnknownEffect` preserves the typed Effect error channel for this operation without throwing. effect(schemaSyncInEffect)
packages/orchestrator/src/coordination/delivery/delivery-status.test.ts(2534,7): suggestion TS377037: `Schema.decodeUnknownSync` is used inside an Effect generator. `Schema.decodeUnknownEffect` preserves the typed Effect error channel for this operation without throwing. effect(schemaSyncInEffect)
packages/orchestrator/src/coordination/delivery/delivery-status.test.ts(2614,7): suggestion TS377037: `Schema.decodeUnknownSync` is used inside an Effect generator. `Schema.decodeUnknownEffect` preserves the typed Effect error channel for this operation without throwing. effect(schemaSyncInEffect)
packages/orchestrator/src/coordination/delivery/delivery-status.test.ts(2747,30): suggestion TS377015: This expression contains chained `pipe` calls that can be simplified to a single `pipe` call. effect(unnecessaryPipeChain)
packages/orchestrator/src/coordination/delivery/run-delivery-runtime.test.ts(5729,39): suggestion TS377019: This `yield* Effect.fail(...)` passes a yieldable error value. `yield*` represents that value directly without wrapping it in `Effect.fail`. effect(unnecessaryFailYieldableError)
packages/orchestrator/src/presentation/trace-reader.prepared.property.test.ts(15,28): suggestion TS377074: `Effect.runSync` is called inside an Effect with a separate services invocation. In this context, child Effects run with the surrounding services, which can be accessed through `Effect.context` and `Effect.runSyncWith`. effect(runEffectInsideEffect)
packages/orchestrator/src/presentation/trace-reader.prepared.property.test.ts(19,18): suggestion TS377074: `Effect.runSync` is called inside an Effect with a separate services invocation. In this context, child Effects run with the surrounding services, which can be accessed through `Effect.context` and `Effect.runSyncWith`. effect(runEffectInsideEffect)
packages/orchestrator/src/presentation/trace-reader.prepared.property.test.ts(24,53): suggestion TS377074: `Effect.runSync` is called inside an Effect with a separate services invocation. In this context, child Effects run with the surrounding services, which can be accessed through `Effect.context` and `Effect.runSyncWith`. effect(runEffectInsideEffect)
packages/orchestrator/src/presentation/trace-reader.prepared.test.ts(190,36): suggestion TS377037: `Schema.decodeUnknownSync` is used inside an Effect generator. `Schema.decodeUnknownEffect` preserves the typed Effect error channel for this operation without throwing. effect(schemaSyncInEffect)
packages/orchestrator/src/presentation/trace-reader.prepared.test.ts(229,7): suggestion TS377024: `Effect.runSync` is called inside an existing Effect context. Here, the inner Effect can be used directly. effect(runEffectInsideEffect)
packages/orchestrator/src/presentation/trace-reader.test.ts(1688,26): suggestion TS377037: `Schema.decodeUnknownSync` is used inside an Effect generator. `Schema.decodeUnknownEffect` preserves the typed Effect error channel for this operation without throwing. effect(schemaSyncInEffect)
packages/orchestrator/src/presentation/trace-reader.ts(2645,15): suggestion TS377074: `Effect.runSync` is called inside an Effect with a separate services invocation. In this context, child Effects run with the surrounding services, which can be accessed through `Effect.context` and `Effect.runSyncWith`. effect(runEffectInsideEffect)
packages/orchestrator/src/workflow-journal/adapters/sqlite-completion.ts(171,28): suggestion TS377037: `Schema.encodeSync` is used inside an Effect generator. `Schema.encodeEffect` preserves the typed Effect error channel for this operation without throwing. effect(schemaSyncInEffect)
packages/orchestrator/src/workflow-journal/adapters/sqlite-completion.ts(246,18): suggestion TS377037: `Schema.encodeSync` is used inside an Effect generator. `Schema.encodeEffect` preserves the typed Effect error channel for this operation without throwing. effect(schemaSyncInEffect)
packages/orchestrator/src/workflow-journal/adapters/sqlite-event-codec.property.test.ts(60,21): suggestion TS377037: `Schema.decodeUnknownSync` is used inside an Effect generator. `Schema.decodeUnknownEffect` preserves the typed Effect error channel for this operation without throwing. effect(schemaSyncInEffect)
packages/orchestrator/src/workflow-journal/storage-payload.property.test.ts(106,62): suggestion TS377037: `Schema.encodeUnknownSync` is used inside an Effect generator. `Schema.encodeUnknownEffect` preserves the typed Effect error channel for this operation without throwing. effect(schemaSyncInEffect)
packages/orchestrator/src/workflow-journal/storage-payload.property.test.ts(125,21): suggestion TS377037: `Schema.decodeUnknownSync` is used inside an Effect generator. `Schema.decodeUnknownEffect` preserves the typed Effect error channel for this operation without throwing. effect(schemaSyncInEffect)
packages/orchestrator/src/workflow-journal/storage-payload.property.test.ts(153,21): suggestion TS377037: `Schema.decodeUnknownSync` is used inside an Effect generator. `Schema.decodeUnknownEffect` preserves the typed Effect error channel for this operation without throwing. effect(schemaSyncInEffect)
packages/orchestrator/src/workflow-journal/storage-payload.property.test.ts(167,21): suggestion TS377037: `Schema.decodeUnknownSync` is used inside an Effect generator. `Schema.decodeUnknownEffect` preserves the typed Effect error channel for this operation without throwing. effect(schemaSyncInEffect)
packages/orchestrator/src/workflow/protocols/direct-publication/automatic-successor-baseline-recovery.test.ts(205,20): suggestion TS377019: This `yield* Effect.fail(...)` passes a yieldable error value. `yield*` represents that value directly without wrapping it in `Effect.fail`. effect(unnecessaryFailYieldableError)
packages/orchestrator/src/workflow/protocols/direct-publication/automatic-successor-baseline-recovery.test.ts(213,20): suggestion TS377019: This `yield* Effect.fail(...)` passes a yieldable error value. `yield*` represents that value directly without wrapping it in `Effect.fail`. effect(unnecessaryFailYieldableError)
packages/orchestrator/src/workflow/protocols/direct-publication/automatic-successor-baseline-recovery.test.ts(1403,26): suggestion TS377019: This `yield* Effect.fail(...)` passes a yieldable error value. `yield*` represents that value directly without wrapping it in `Effect.fail`. effect(unnecessaryFailYieldableError)
packages/orchestrator/src/workflow/protocols/direct-publication/automatic-successor-baseline-recovery.test.ts(1900,26): suggestion TS377019: This `yield* Effect.fail(...)` passes a yieldable error value. `yield*` represents that value directly without wrapping it in `Effect.fail`. effect(unnecessaryFailYieldableError)
packages/orchestrator/src/workflow/protocols/direct-publication/protocol-engine.test.ts(296,11): suggestion TS377090: This `typeof ... .Type` query can be replaced with `RemotePublicationPushResult`. effect(unnecessaryTypeofType)
packages/orchestrator/src/workflow/protocols/direct-publication/resume-control.ts(59,25): suggestion TS377090: This `typeof ... .Type` query can be replaced with `RemotePublicationRequestId`. effect(unnecessaryTypeofType)
packages/orchestrator/src/workflow/protocols/direct-publication/resume-control.ts(60,14): suggestion TS377090: This `typeof ... .Type` query can be replaced with `RemotePublicationResumeRequestId`. effect(unnecessaryTypeofType)
packages/orchestrator/src/workflow/protocols/direct-publication/resume-control.ts(64,30): suggestion TS377090: This `typeof ... .Type` query can be replaced with `RemotePublicationState`. effect(unnecessaryTypeofType)
packages/orchestrator/src/workflow/protocols/direct-publication/resume-control.ts(69,25): suggestion TS377090: This `typeof ... .Type` query can be replaced with `RemotePublicationRequestId`. effect(unnecessaryTypeofType)
packages/orchestrator/src/workflow/protocols/direct-publication/resume-control.ts(70,14): suggestion TS377090: This `typeof ... .Type` query can be replaced with `RemotePublicationResumeRequestId`. effect(unnecessaryTypeofType)
packages/orchestrator/src/workflow/protocols/direct-publication/resume-control.ts(76,33): suggestion TS377090: This `typeof ... .Type` query can be replaced with `RemotePublicationState`. effect(unnecessaryTypeofType)
packages/orchestrator/src/workflow/protocols/direct-publication/resume-control.ts(82,19): suggestion TS377090: This `typeof ... .Type` query can be replaced with `StartedIntegrationResponsibility`. effect(unnecessaryTypeofType)
packages/orchestrator/src/workflow/protocols/direct-publication/resume-control.ts(120,4): suggestion TS377090: This `typeof ... .Type` query can be replaced with `StartedIntegrationResponsibility`. effect(unnecessaryTypeofType)
packages/orchestrator/src/workflow/protocols/direct-publication/resume-control.ts(176,19): suggestion TS377090: This `typeof ... .Type` query can be replaced with `StartedIntegrationResponsibility`. effect(unnecessaryTypeofType)
packages/orchestrator/src/workflow/protocols/direct-publication/resume-control.ts(203,10): suggestion TS377090: This `typeof ... .Type` query can be replaced with `RemotePublicationState`. effect(unnecessaryTypeofType)
packages/orchestrator/src/workflow/protocols/direct-publication/state.test.ts(396,12): suggestion TS377090: This `typeof ... .Type` query can be replaced with `RemotePublicationRetainedCause`. effect(unnecessaryTypeofType)
packages/orchestrator/src/workflow/protocols/integration-quarantine/protocol.test.ts(731,18): suggestion TS377019: This `yield* Effect.fail(...)` passes a yieldable error value. `yield*` represents that value directly without wrapping it in `Effect.fail`. effect(unnecessaryFailYieldableError)
packages/orchestrator/src/workflow/protocols/integration-quarantine/protocol.test.ts(797,18): suggestion TS377019: This `yield* Effect.fail(...)` passes a yieldable error value. `yield*` represents that value directly without wrapping it in `Effect.fail`. effect(unnecessaryFailYieldableError)
packages/orchestrator/src/workflow/protocols/integration-quarantine/provider-failure.test.ts(1250,20): suggestion TS377019: This `yield* Effect.fail(...)` passes a yieldable error value. `yield*` represents that value directly without wrapping it in `Effect.fail`. effect(unnecessaryFailYieldableError)
packages/orchestrator/src/workflow/protocols/task-attempt-planning/plan.property.test.ts(140,18): suggestion TS377037: `Schema.decodeUnknownSync` is used inside an Effect generator. `Schema.decodeUnknownEffect` preserves the typed Effect error channel for this operation without throwing. effect(schemaSyncInEffect)
packages/orchestrator/src/workflow/registry/occurrence-projection.test.ts(3256,29): suggestion TS377090: This `typeof ... .Type` query can be replaced with `RemotePublicationRetainedCause`. effect(unnecessaryTypeofType)

> @dalph/root@0.0.0 lint:changed /workspace/dalph-dogfood/issue-491-20261009/task-worktrees/part-run-398-72312e65794a6d636d567a6147356c63334d694f6949774d5745784d6a4a684e4330354d4751334c546333595449744f5451784e5330334d474d3059/part-3251794f5468694f4749694c434a3059584a6e5a5851694f6e7369583352685a794936496b647064476831596b6c7a6333566c4969776961584e7a6457564f64/part-5731695a5849694f6a51354d537769623364755a5849694f694a6b5a574679624739795a486c7362334a6b49697769636d567762334e70644739796553493649/part-6d52686248426f496e3139-task-122-74312e57794a535832746e52453955597a4266535645694c434a4a5832743352453955597a426653574d345155464251/part-554a585455566a4e4763695851-attempt-0/_leaf
> node scripts/run-quality-lint.mjs --changed

Dalph changed-file selection: {"command":"lint:changed","base":{"reference":"5e7bfa81e8567c356708b7bc71830ec5bd6aa290","resolvedSha":"5e7bfa81e8567c356708b7bc71830ec5bd6aa290","comparisonSha":"5e7bfa81e8567c356708b7bc71830ec5bd6aa290","source":"explicit"},"headSha":"5e7bfa81e8567c356708b7bc71830ec5bd6aa290","changedPaths":[],"selectedPaths":[]}

 RUN  v4.1.10 /workspace/dalph-dogfood/issue-491-20261009/task-worktrees/part-run-398-72312e65794a6d636d567a6147356c63334d694f6949774d5745784d6a4a684e4330354d4751334c546333595449744f5451784e5330334d474d3059/part-3251794f5468694f4749694c434a3059584a6e5a5851694f6e7369583352685a794936496b647064476831596b6c7a6333566c4969776961584e7a6457564f64/part-5731695a5849694f6a51354d537769623364755a5849694f694a6b5a574679624739795a486c7362334a6b49697769636d567762334e70644739796553493649/part-6d52686248426f496e3139-task-122-74312e57794a535832746e52453955597a4266535645694c434a4a5832743352453955597a426653574d345155464251/part-554a585455566a4e4763695851-attempt-0/_leaf


 Test Files  3 passed (3)
      Tests  14 passed (14)
   Start at  02:58:55
   Duration  4.53s (transform 213ms, setup 0ms, import 545ms, tests 3.72s, environment 0ms)


> @dalph/root@0.0.0 lint:code /workspace/dalph-dogfood/issue-491-20261009/task-worktrees/part-run-398-72312e65794a6d636d567a6147356c63334d694f6949774d5745784d6a4a684e4330354d4751334c546333595449744f5451784e5330334d474d3059/part-3251794f5468694f4749694c434a3059584a6e5a5851694f6e7369583352685a794936496b647064476831596b6c7a6333566c4969776961584e7a6457564f64/part-5731695a5849694f6a51354d537769623364755a5849694f694a6b5a574679624739795a486c7362334a6b49697769636d567762334e70644739796553493649/part-6d52686248426f496e3139-task-122-74312e57794a535832746e52453955597a4266535645694c434a4a5832743352453955597a426653574d345155464251/part-554a585455566a4e4763695851-attempt-0/_leaf
> node scripts/run-quality-lint.mjs --census


> @dalph/root@0.0.0 test:cassettes:memory /workspace/dalph-dogfood/issue-491-20261009/task-worktrees/part-run-398-72312e65794a6d636d567a6147356c63334d694f6949774d5745784d6a4a684e4330354d4751334c546333595449744f5451784e5330334d474d3059/part-3251794f5468694f4749694c434a3059584a6e5a5851694f6e7369583352685a794936496b647064476831596b6c7a6333566c4969776961584e7a6457564f64/part-5731695a5849694f6a51354d537769623364755a5849694f694a6b5a574679624739795a486c7362334a6b49697769636d567762334e70644739796553493649/part-6d52686248426f496e3139-task-122-74312e57794a535832746e52453955597a4266535645694c434a4a5832743352453955597a426653574d345155464251/part-554a585455566a4e4763695851-attempt-0/_leaf
> vitest run packages/dalph/test/cassettes --maxWorkers=1 --reporter=verbose


 RUN  v4.1.10 /workspace/dalph-dogfood/issue-491-20261009/task-worktrees/part-run-398-72312e65794a6d636d567a6147356c63334d694f6949774d5745784d6a4a684e4330354d4751334c546333595449744f5451784e5330334d474d3059/part-3251794f5468694f4749694c434a3059584a6e5a5851694f6e7369583352685a794936496b647064476831596b6c7a6333566c4969776961584e7a6457564f64/part-5731695a5849694f6a51354d537769623364755a5849694f694a6b5a574679624739795a486c7362334a6b49697769636d567762334e70644739796553493649/part-6d52686248426f496e3139-task-122-74312e57794a535832746e52453955597a4266535645694c434a4a5832743352453955597a426653574d345155464251/part-554a585455566a4e4763695851-attempt-0/_leaf

 ✓ |ordinary| packages/dalph/test/cassettes/scenario.test.ts > renders every maintained authored cassette from its structured story 7ms
 ✓ |ordinary| packages/dalph/test/cassettes/scenario.test.ts > preserves exact, conflicting, and unclaimed authored acquisition observations 8ms
 ✓ |ordinary| packages/dalph/test/cassettes/scenario.test.ts > fails closed at cursor and executor-projection boundaries 8ms
 ✓ |ordinary| packages/dalph/test/cassettes/scenario.test.ts > holds a delivery claim until the earlier operator control boundary completes 1ms
 ✓ |ordinary| packages/dalph/test/cassettes/scenario.test.ts > records both task fingerprints when Alice continues the exact attempt 645ms
 ✓ |ordinary| packages/dalph/test/cassettes/scenario.test.ts > records one atomic P1 to P2 replacement before ordinary clean successor work 541ms
 ✓ |ordinary| packages/dalph/test/cassettes/scenario.test.ts > reconstructs P2 after replacement and never allocates P3 282ms
 ✓ |ordinary| packages/dalph/test/cassettes/scenario.test.ts > records no P2 when fresh restart authority is changed, unreadable, or non-ready 643ms
 ✓ |ordinary| packages/dalph/test/cassettes/scenario.test.ts > cancels an admitted but unissued Resume when Restart wins, then starts only P2 351ms
 ✓ |ordinary| packages/dalph/test/cassettes/scenario.test.ts > cancels held Resume but records no P2 when the fresh Restart specification changed again 258ms
 ✓ |ordinary| packages/dalph/test/cassettes/scenario.test.ts > rejects Restart after integration without appending a choice or crossing another boundary 186ms
 ✓ |ordinary| packages/dalph/test/cassettes/scenario.test.ts > never claims the executor incorporated changed instructions 33ms
 ✓ |ordinary| packages/dalph/test/cassettes/scenario.test.ts > coalesces exact Continue redelivery and rejects request identity reuse 30ms
 ✓ |ordinary| packages/dalph/test/cassettes/scenario.test.ts > requires a new choice when instructions change again before continuation 292ms
 ✓ |ordinary| packages/dalph/test/cassettes/scenario.test.ts > lets the first journaled valid choice win a concurrent Continue and Stop race 256ms
 ✓ |ordinary| packages/dalph/test/cassettes/scenario.test.ts > reopens Continue and performs fresh reads before admitting the same attempt 26ms
 ✓ |ordinary| packages/dalph/test/cassettes/scenario.test.ts > releases only the freshly confirmed exact claim after Stop 198ms
 ✓ |ordinary| packages/dalph/test/cassettes/scenario.test.ts > proves the exact executor stopped before abandoning implementation responsibility 24ms
 ✓ |ordinary| packages/dalph/test/cassettes/scenario.test.ts > coalesces exact Stop redelivery and rejects request identity reuse 17ms
 ✓ |ordinary| packages/dalph/test/cassettes/scenario.test.ts > stops implementation without mutating an absent or foreign claim 403ms
 ✓ |ordinary| packages/dalph/test/cassettes/scenario.test.ts > preserves worktree WIP session history and evidence after Stop 24ms
 ✓ |ordinary| packages/dalph/test/cassettes/scenario.test.ts > reconciles ambiguous suspension and claim release across later activations without duplicates 476ms
 ✓ |ordinary| packages/dalph/test/cassettes/scenario.test.ts > cancels held Resume before Stop and preserves a foreign claim 246ms
 ✓ |ordinary| packages/dalph/test/cassettes/scenario.test.ts > preserves every exact attempt artifact after Stop cancels held Resume 47ms
 ✓ |ordinary| packages/dalph/test/cassettes/scenario.test.ts > uses the injected projection when the public Run entry reconstructs an ambiguous Suspend 21ms
 ✓ |ordinary| packages/dalph/test/cassettes/scenario.test.ts > rejects Continue and Stop after the exact integration cutoff 262ms
 ✓ |ordinary| packages/dalph/test/cassettes/scenario.test.ts > does not cross cleanup or integration boundaries for a stale direction 217ms
 ✓ |ordinary| packages/dalph/test/cassettes/scenario.test.ts > durably reconciles an unresolved claim release through bounded later activations 29ms
 ✓ |ordinary| packages/dalph/test/cassettes/scenario.test.ts > does not create a Pause view after Alice's stale task request is rejected 30ms
 ✓ |ordinary| packages/dalph/test/cassettes/scenario.test.ts > shows an incomplete control read without recording a direction 34ms
 ✓ |ordinary| packages/dalph/test/cassettes/scenario.test.ts > pauses A and its grouping child while recording only A's direction 243ms
 ✓ |ordinary| packages/dalph/test/cassettes/scenario.test.ts > lets independent B use capacity only after paused A confirms suspension 230ms
 ✓ |ordinary| packages/dalph/test/cassettes/scenario.test.ts > finishes an already-held integration boundary after task Pause without later cleanup 202ms
 ✓ |ordinary| packages/dalph/test/cassettes/scenario.test.ts > freshly rereads preserved task authorities before resuming after task Unpause 198ms
 ✓ |ordinary| packages/dalph/test/cassettes/scenario.test.ts > reopens after task Unpause and finishes suspension before executor work 181ms
 ✓ |ordinary| packages/dalph/test/cassettes/scenario.test.ts > stops before the next forward operation after Alice pauses the Run 212ms
 ✓ |ordinary| packages/dalph/test/cassettes/scenario.test.ts > cancelling Alice's Pause observation does not cancel delivery or authorize cleanup 75ms
 ✓ |ordinary| packages/dalph/test/cassettes/scenario.test.ts > Alice unpauses task A before its Pause observation confirms 470ms
 ✓ |ordinary| packages/dalph/test/cassettes/scenario.test.ts > Alice sees current grouping facts add D to task A's Pause 518ms
 ✓ |ordinary| packages/dalph/test/cassettes/scenario.test.ts > Alice sees task A and grouping child D reach their exact Pause boundaries 784ms
 ✓ |ordinary| packages/dalph/test/cassettes/scenario.test.ts > restarts a confirmed paused Run without selecting new forward progress 130ms
 ✓ |ordinary| packages/dalph/test/cassettes/scenario.test.ts > accepts successful recovered completion at the terminal assertion boundary 0ms
 ✓ |ordinary| packages/dalph/test/cassettes/scenario.test.ts > Dalph confirms A before a later graph read releases B 639ms
 ✓ |ordinary| packages/dalph/test/cassettes/scenario.test.ts > Dalph checks A after losing the tracker completion response 582ms
 ✓ |ordinary| packages/dalph/test/cassettes/scenario.test.ts > Restart keeps B blocked between A's success confirmation and the later graph 697ms
 ✓ |ordinary| packages/dalph/test/cassettes/scenario.test.ts > the fresh complete graph blocks before a later edit can release B 586ms
 ✓ |ordinary| packages/dalph/test/cassettes/scenario.test.ts > A tracker client changes A while Dalph's completion request is pending 463ms
 ✓ |ordinary| packages/dalph/test/cassettes/scenario.test.ts > rejects the completion conflict cassette when its terminal G2 response is omitted 436ms
 ✓ |ordinary| packages/dalph/test/cassettes/scenario.test.ts > finishes the exact safe suspension before fresh reads after Unpause 172ms
 ✓ |ordinary| packages/dalph/test/cassettes/scenario.test.ts > reprojects the exact suspension on the second ordinary Run activation without a duplicate command 1ms
 ✓ |ordinary| packages/dalph/test/cassettes/scenario.test.ts > applies an authored operator direction through the production control boundary 205ms
 ✓ |ordinary| packages/dalph/test/cassettes/scenario.test.ts > continues an accepted result after process death and crosses its integration cutoff once 16ms
 ✓ |ordinary| packages/dalph/test/cassettes/scenario.test.ts > projects exact integration order from typed delivery obligations 1ms
 ✓ |ordinary| packages/dalph/test/cassettes/scenario.test.ts > promotes Git-qualified M by exact compare-and-set and records exact ancestry 239ms
 ✓ |ordinary| packages/dalph/test/cassettes/scenario.test.ts > preserves the Git-qualified candidate and releases integration when a blocker appears before promotion 214ms
 ✓ |ordinary| packages/dalph/test/cassettes/scenario.test.ts > preserves the Integrator session and releases target ownership when a blocker appears before promotion 1ms
 ✓ |ordinary| packages/dalph/test/cassettes/scenario.test.ts > keeps an unfinished Integrator session dormant when a blocker appears after process loss 4ms
 ✓ |ordinary| packages/dalph/test/cassettes/scenario.test.ts > delegates changed H after a cleared blocker without reusing M or creating S2 369ms
 ✓ |ordinary| packages/dalph/test/cassettes/scenario.test.ts > promotes the preserved candidate after a blocker clears at unchanged H 429ms
 ✓ |ordinary| packages/dalph/test/cassettes/scenario.test.ts > restarts after a durable blocker read with the candidate and queue history intact 373ms
 ✓ |ordinary| packages/dalph/test/cassettes/scenario.test.ts > durably waits after an unreadable blocker restart read and resumes only on later complete facts 312ms
 ✓ |ordinary| packages/dalph/test/cassettes/scenario.test.ts > preserves promotion proof and releases target ownership before tracker completion on a new blocker 328ms
 ✓ |ordinary| packages/dalph/test/cassettes/scenario.test.ts > reconstructs a post-promotion blocker without repeating Git promotion 363ms
 ✓ |ordinary| packages/dalph/test/cassettes/scenario.test.ts > preserves accepted tracker completion when a prerequisite concurrently reopens 887ms
 ✓ |ordinary| packages/dalph/test/cassettes/scenario.test.ts > records completion finality after Git-qualified promotion history 321ms
 ✓ |ordinary| packages/dalph/test/cassettes/scenario.test.ts > settles a promoted authored task through the real completion-claim boundary 510ms
 ✓ |ordinary| packages/dalph/test/cassettes/scenario.test.ts > runs the five-task controlled-provider diamond through exact accepted-result finality 4337ms
 ✓ |ordinary| packages/dalph/test/cassettes/scenario.test.ts > proves promoted ancestry after the blocker clears and completes without reintegration 82ms
 ✓ |ordinary| packages/dalph/test/cassettes/scenario.test.ts > reconciles a lost promotion response and never sends a fourth request 299ms
 ✓ |ordinary| packages/dalph/test/cassettes/scenario.test.ts > records stale H2 and never overwrites it 221ms
 ✓ |ordinary| packages/dalph/test/cassettes/scenario.test.ts > records a rejected target compare-and-set as stale exact authority 236ms
 ✓ |ordinary| packages/dalph/test/cassettes/scenario.test.ts > discovers M in current target ancestry after losing the promotion response 255ms
 ✓ |ordinary| packages/dalph/test/cassettes/scenario.test.ts > keeps another target usable while M promotion waits and releases only M when it settles 40ms
 ✓ |ordinary| packages/dalph/test/cassettes/scenario.test.ts > waits without another request when Git cannot be read 25ms
 ✓ |ordinary| packages/dalph/test/cassettes/scenario.test.ts > rejects protocol cassettes with duplicate, missing, or unsettled participants 0ms
 ✓ |ordinary| packages/dalph/test/cassettes/scenario.test.ts > starts a queued accepted result in the same live coordinator process 157ms
 ✓ |ordinary| packages/dalph/test/cassettes/scenario.test.ts > releases B only after A's accepted-result finality in one Run 1013ms
 ✓ |ordinary| packages/dalph/test/cassettes/scenario.test.ts > captures every authored delivery frame from production and keeps desired tickets separate from held work 1079ms
 ✓ |ordinary| packages/dalph/test/cassettes/scenario.test.ts > notifies the read-only delivery observer before returning the terminal authored result 1081ms
 ✓ |ordinary| packages/dalph/test/cassettes/scenario.test.ts > reuses one delivery relation evaluation for the authored publication frame 1017ms
 ✓ |ordinary| packages/dalph/test/cassettes/scenario.test.ts > retains every conflicting production proposal owner in the delivery frame 1029ms
 ✓ |ordinary| packages/dalph/test/cassettes/scenario.test.ts > projects every isolated action-planning issue through its typed maintainer meaning 1026ms
 ✓ |ordinary| packages/dalph/test/cassettes/scenario.test.ts > separates delivery frames across authored coordinator activations 1ms
 ✓ |ordinary| packages/dalph/test/cassettes/scenario.test.ts > separates every coordinator activation while a lost claim-release response is reconciled 0ms
 ✓ |ordinary| packages/dalph/test/cassettes/scenario.test.ts > retains the exact paused quiescence disposition in production delivery frames 0ms
 ✓ |ordinary| packages/dalph/test/cassettes/scenario.test.ts > performs one final tracker read before the current bounded activation returns or terminates 124ms
 ✓ |ordinary| packages/dalph/test/cassettes/scenario.test.ts > re-enters the same Run and activates it after quiescent incomplete return 112ms
 ✓ |ordinary| packages/dalph/test/cassettes/scenario.test.ts > gives newly begun and reconstructed Runs the same one-shot finality path 199ms
 ✓ |ordinary| packages/dalph/test/cassettes/scenario.test.ts > an invalid quiescent refresh authorizes no new work 63ms
 ✓ |ordinary| packages/dalph/test/cassettes/scenario.test.ts > an incomplete quiescent refresh authorizes no new work 68ms
 ✓ |ordinary| packages/dalph/test/cassettes/scenario.test.ts > later complete reads add newly selected D and keep removed unstarted C from responsibility 159ms
 ✓ |ordinary| packages/dalph/test/cassettes/scenario.test.ts > runs the maintained singleton through production activation and describes only its task-work result 1ms
 ✓ |ordinary| packages/dalph/test/cassettes/scenario.test.ts > keeps the maintained singleton Run active while its tracker task remains open 1ms
 ✓ |ordinary| packages/dalph/test/cassettes/scenario.test.ts > assigns a fresh exact run identity each time the same tracker target starts 176ms
 ✓ |ordinary| packages/dalph/test/cassettes/scenario.test.ts > runs another story with a different initial task-execution capacity 79ms
 ✓ |ordinary| packages/dalph/test/cassettes/scenario.test.ts > requires one terminal assertion group and one owner for every decoded story item 4ms
 ✓ |ordinary| packages/dalph/test/cassettes/scenario.test.ts > lowers capacity while A holds a position and admits B only after A releases it 981ms
 ✓ |ordinary| packages/dalph/test/cassettes/scenario.test.ts > retains both executing holders until terminal observations release contracted capacity 364ms
 ✓ |ordinary| packages/dalph/test/cassettes/scenario.test.ts > safely suspends A after membership removal while independent B continues, including external success 779ms
 ✓ |ordinary| packages/dalph/test/cassettes/scenario.test.ts > rejects cassette-local contradictions and leaves an authority mismatch to its ordinary boundary 58ms
 ✓ |ordinary| packages/dalph/test/cassettes/scenario.test.ts > reports mismatches through the surface that owns the current story item 1232ms
 ✓ |ordinary| packages/dalph/test/cassettes/scenario.test.ts > rejects a contradictory coordinator activation return decision 207ms
 ✓ |ordinary| packages/dalph/test/cassettes/scenario.test.ts > derives failed task-work results and safely suspended orchestration evidence from recorded handling 103ms
 ✓ |ordinary| packages/dalph/test/cassettes/scenario.test.ts > records a foreign claim after process death and safely suspends only its exact attempt 69ms
 ✓ |ordinary| packages/dalph/test/cassettes/scenario.test.ts > drives a public operator claim-reacquisition request through a later activation 303ms
 ✓ |ordinary| packages/dalph/test/cassettes/scenario.test.ts > records a foreign reacquisition rejection and never retries it after the next activation 216ms
 ✓ |ordinary| packages/dalph/test/cassettes/scenario.test.ts > records a lost planned worktree in the authored and recorded post-death cassette 189ms
 ✓ |ordinary| packages/dalph/test/cassettes/scenario.test.ts > records compatible target advancement and isolates a proven target rewrite in maintained cassettes 470ms
 ✓ |ordinary| packages/dalph/test/cassettes/scenario.test.ts > reconciles the same Run and attempt after typed cassette death without another Begin 125ms
 ✓ |ordinary| packages/dalph/test/cassettes/scenario.test.ts > rejects missing, stale, later, and wrong-attempt continuation witnesses before executor contact 23ms
 ✓ |ordinary| packages/dalph/test/cassettes/scenario.test.ts > rejects forged continuation authorization during journal reconstruction 55ms
 ✓ |ordinary| packages/dalph/test/cassettes/scenario.test.ts > fails typed expected-behavior assertions and renders the applied capacity item 114ms
 ✓ |ordinary| packages/dalph/test/cassettes/scenario.test.ts > matches optional orchestration and protocol evidence in exact order 92ms
 ✓ |ordinary| packages/dalph/test/cassettes/scenario.test.ts > requires orchestration evidence when task-work results cannot distinguish attempts 1ms
 ✓ |ordinary| packages/dalph/test/cassettes/scenario.test.ts > rejects missing, reordered, or additional evidence within either present authored assertion lens 442ms
 ✓ |ordinary| packages/dalph/test/cassettes/scenario.test.ts > rejects no-work-undertaken when Dalph assumed executor-work responsibility for that task 83ms
 ✓ |ordinary| packages/dalph/test/cassettes/scenario.test.ts > keeps explicit story interactions chronological when lower-level evidence is omitted 8ms
 ✓ |ordinary| packages/dalph/test/cassettes/scenario.test.ts > projects every occurrence and checks state, history, position, and selection after every non-empty prefix 15ms
stdout | packages/dalph/test/cassettes/scenario.test.ts > alpha-renames every Dalph-generated identity and preserves tracker revisions, task revisions, and Git SHAs
[03:00:05.511] ERROR (#844046): AuthoredCassetteInteractionMismatch: 
    at Array.<anonymous> (/workspace/dalph-dogfood/issue-491-20261009/task-worktrees/part-run-398-72312e65794a6d636d567a6147356c63334d694f6949774d5745784d6a4a684e4330354d4751334c546333595449744f5451784e5330334d474d3059/part-3251794f5468694f4749694c434a3059584a6e5a5851694f6e7369583352685a794936496b647064476831596b6c7a6333566c4969776961584e7a6457564f64/part-5731695a5849694f6a51354d537769623364755a5849694f694a6b5a574679624739795a486c7362334a6b49697769636d567762334e70644739796553493649/part-6d52686248426f496e3139-task-122-74312e57794a535832746e52453955597a4266535645694c434a4a5832743352453955597a426653574d345155464251/part-554a585455566a4e4763695851-attempt-0/_leaf/packages/dalph/src/cassettes/authored-cursor.ts:1295:23) {
  _tag: 'AuthoredCassetteInteractionMismatch',
  actual: 'CoordinatorActivationReturned',
  expected: 'OperatorAppliesRunCancellation',
  storyPosition: 49,
  [cause]: undefined
}

 × |ordinary| packages/dalph/test/cassettes/scenario.test.ts > alpha-renames every Dalph-generated identity and preserves tracker revisions, task revisions, and Git SHAs 786ms
   → 
 ✓ |ordinary| packages/dalph/test/cassettes/scenario.test.ts > renames and renders every contradictory planned-worktree observation distinctly 4ms
 ✓ |ordinary| packages/dalph/test/cassettes/scenario.test.ts > rejects identity renaming that repeats a source or destination 0ms
 ✓ |ordinary| packages/dalph/test/cassettes/scenario.test.ts > has no recording for an empty unidentified journal 25ms
 ✓ |ordinary| packages/dalph/test/cassettes/scenario.test.ts > rejects responsibility and ExecutorWorkExecuting before worktree readiness even when later entries match 129ms
 ✓ |ordinary| packages/dalph/test/cassettes/scenario.test.ts > renders a recorded applied operator direction from its structured occurrence 7ms
 ✓ |ordinary| packages/dalph/test/cassettes/scenario.test.ts > labels the 100-task four-read encoding experiment as a baseline 1315ms
 ✓ |ordinary| packages/dalph/test/cassettes/scenario.test.ts > rejects unclosed, unbounded, and misordered integration-finality protocol stories 1ms
 ✓ |ordinary| packages/dalph/test/cassettes/scenario.test.ts > rejects promoted finality replay without each exact causal premise 257ms
 ✓ |ordinary| packages/dalph/test/cassettes/scenario.test.ts > keeps an empty frontier active while claim replacement is non-convergent 239ms
 ✓ |ordinary| packages/dalph/test/cassettes/scenario.test.ts > replays definite completion-claim boundary rejections as terminal typed failures 716ms
 ✓ |ordinary| packages/dalph/test/cassettes/scenario.test.ts > replaces the exact active claim with a promotion-bound completion claim 457ms
 ✓ |ordinary| packages/dalph/test/cassettes/scenario.test.ts > restart after promotion resumes completion settlement without another integration agent 466ms
 ✓ |ordinary| packages/dalph/test/cassettes/scenario.test.ts > reconciles a lost completion-claim replacement without allocating another claim 449ms
 ✓ |ordinary| packages/dalph/test/cassettes/scenario.test.ts > does not mutate a foreign claim while settling a promoted task 437ms
 ✓ |ordinary| packages/dalph/test/cassettes/scenario.test.ts > deletes only the exact completion claim after focused task success 481ms
 ✓ |ordinary| packages/dalph/test/cassettes/scenario.test.ts > reconciles a lost completion-claim deletion without reopening success 500ms
 ✓ |ordinary| packages/dalph/test/cassettes/scenario.test.ts > reconstructs and round-trips interrupted and settled completion-cleanup Run prefixes 552ms
 ✓ |ordinary| packages/dalph/test/cassettes/scenario.test.ts > waits without replacing when the current completion claim cannot be read 465ms
 ✓ |ordinary| packages/dalph/test/cassettes/scenario.test.ts > keeps successful work final when the completion claim cannot be read before deletion 519ms
 ✓ |ordinary| packages/dalph/test/cassettes/scenario.test.ts > keeps successful work final when completion-claim deletion cannot converge 501ms
 ✓ |ordinary| packages/dalph/test/cassettes/scenario.test.ts > does not terminate an empty frontier while completion settlement is pending 564ms
 ✓ |ordinary| packages/dalph/test/cassettes/scenario.test.ts > round-trips guidance metadata and refuses uncertainty without intent 24ms
 ✓ |ordinary| packages/dalph/test/cassettes/delivery-story-capstone.execution.test.ts > distinguishes legacy and exact targeted coordinator deaths at the cassette boundary 3ms
 ↓ |ordinary| packages/dalph/test/cassettes/delivery-story-capstone.execution.test.ts > fails closed when an armed targeted coordinator death passes its exact journal event
 ↓ |ordinary| packages/dalph/test/cassettes/delivery-story-capstone.execution.test.ts > resumes the composed DS-14 through DS-17 path after every CAS-to-successor durable checkpoint
 ↓ |ordinary| packages/dalph/test/cassettes/delivery-story-capstone.execution.test.ts > resumes exact DS-17 finality after TargetPromotionObservedSuccess durable checkpoint
 ↓ |ordinary| packages/dalph/test/cassettes/delivery-story-capstone.execution.test.ts > resumes exact DS-17 finality after CompletionClaimReplaced durable checkpoint
 ↓ |ordinary| packages/dalph/test/cassettes/delivery-story-capstone.execution.test.ts > resumes exact DS-17 finality after CompletionTaskAcknowledged durable checkpoint
 ↓ |ordinary| packages/dalph/test/cassettes/delivery-story-capstone.execution.test.ts > resumes exact DS-17 finality after CompletionClaimDeleted durable checkpoint
 ↓ |ordinary| packages/dalph/test/cassettes/delivery-story-capstone.execution.test.ts > resumes exact DS-17 finality after IntegrationFinalitySettled durable checkpoint
 ↓ |ordinary| packages/dalph/test/cassettes/delivery-story-capstone.execution.test.ts > executes DS-14 through DS-17 from rejected exact-head offer through Operator-authorized successor finality
 ↓ |ordinary| packages/dalph/test/cassettes/delivery-story-capstone.execution.test.ts > rejects DS-15 evidence when M or M2 lacks exact ordered head-then-C parents
 ✓ |ordinary| packages/dalph/test/cassettes/delivery-story-capstone.execution.test.ts > fails immediately when an authored CAS response is replaced by another selection without fabricating provider ambiguity 482ms
 ↓ |ordinary| packages/dalph/test/cassettes/delivery-story-capstone.execution.test.ts > rejects DS16 evidence without the rejected CAS attempt
 ↓ |ordinary| packages/dalph/test/cassettes/delivery-story-capstone.execution.test.ts > accepts every DS-14 through DS-17 checkpoint prefix as valid history with at most one recorded successor, promotion, and completion attempt
 ✓ |ordinary| packages/dalph/test/cassettes/delivery-story-capstone.execution.test.ts > DS-01 derives A, B, and C inside capacity while D and E stay outside 59ms
 ✓ |ordinary| packages/dalph/test/cassettes/delivery-story-capstone.execution.test.ts > DS-02 startup inventory rejects duplicate Begin, reordered startup, and outside-bound admission 1ms
 ✓ |ordinary| packages/dalph/test/cassettes/delivery-story-capstone.execution.test.ts > DS-02 starts only A, B, and C through the production workflow algebra 263ms
 ✓ |ordinary| packages/dalph/test/cassettes/delivery-story-capstone.execution.test.ts > DS-03 accepts Alice's B/F2 and G1 tracker edit without triggering Dalph work 297ms
 ✓ |ordinary| packages/dalph/test/cassettes/delivery-story-capstone.execution.test.ts > refreshes B from the bounded timer when its notification is lost 339ms
 ✓ |ordinary| packages/dalph/test/cassettes/delivery-story-capstone.execution.test.ts > DS-05 accepts exact B1 Safe and releases only B1's position 324ms
 ↓ |ordinary| packages/dalph/test/cassettes/delivery-story-capstone.execution.test.ts > DS-06 admits D only after B1 releases and keeps E outside every boundary
 ↓ |ordinary| packages/dalph/test/cassettes/delivery-story-capstone.execution.test.ts > DS-07 applies P2 without evicting the three already-held attempts
 ✓ |ordinary| packages/dalph/test/cassettes/delivery-story-capstone.execution.test.ts > DS-08 interrupts the first coordinator after published P2 while the external executor state survives 392ms
 ✓ |ordinary| packages/dalph/test/cassettes/delivery-story-capstone.execution.test.ts > reattaches three exact attempts after restart without Begin or Resume 438ms
 ✓ |ordinary| packages/dalph/test/cassettes/delivery-story-capstone.execution.test.ts > returns RunnableTransition after strict restart projections before the later refresh 452ms
 ✓ |ordinary| packages/dalph/test/cassettes/delivery-story-capstone.execution.test.ts > refreshes closed C through the same owner and keeps its position 543ms
 ✓ |ordinary| packages/dalph/test/cassettes/delivery-story-capstone.execution.test.ts > accepts exact C1 Safe and releases only C1's position 513ms
 ✓ |ordinary| packages/dalph/test/cassettes/delivery-story-capstone.execution.test.ts > keeps active-work refresh before quiescence and stabilization after it 568ms
 ✓ |ordinary| packages/dalph/test/cassettes/delivery-story-capstone.execution.test.ts > accepts exact B1 Continue but defers Resume while A1 and D1 fill capacity 576ms
 ✓ |ordinary| packages/dalph/test/cassettes/delivery-story-capstone.execution.test.ts > resumes retained B1 after A1 accepts and does not create B2 608ms
 ✓ |ordinary| packages/dalph/test/cassettes/delivery-story-capstone.execution.test.ts > retains exact Run attempt claim and resource identities across DS01 through DS13 594ms
 ↓ |ordinary| packages/dalph/test/cassettes/delivery-story-capstone.execution.test.ts > emits the exact DS01 through DS13 delivery checkpoint table
 ↓ |ordinary| packages/dalph/test/cassettes/delivery-story-capstone.execution.test.ts > records the complete cassette-free controlled occurrence order
 ↓ |ordinary| packages/dalph/test/cassettes/delivery-story-capstone.execution.test.ts > consumes exactly the accepted controlled occurrence inventory
 ✓ |ordinary| packages/dalph/test/cassettes/delivery-story-capstone.execution.test.ts > rejects each required controlled edge reversal 574ms
 ✓ |ordinary| packages/dalph/test/cassettes/delivery-story-capstone.execution.test.ts > consumes a staggered graph while restart-added X waits for recovered capacity 13080ms
 ✓ |ordinary| packages/dalph/test/cassettes/delivery-story-capstone.execution.test.ts > preserves the double-diamond middle positions across coordinator restart 1ms
 ✓ |ordinary| packages/dalph/test/cassettes/authored-active-work-causal-sync.test.ts > normalizes both cleanup operation IDs for an authored Run 1ms
 ✓ |ordinary| packages/dalph/test/cassettes/authored-active-work-causal-sync.test.ts > binds unselected cleanup claim reads to their exact journaled calls 8ms
 ✓ |ordinary| packages/dalph/test/cassettes/authored-active-work-causal-sync.test.ts > pairs a direct Restart graph result separately from an independent selected graph read 3ms
 ✓ |ordinary| packages/dalph/test/cassettes/authored-active-work-causal-sync.test.ts > binds an accepted replacement plan once for later exact predecessors 2ms
 ✓ |ordinary| packages/dalph/test/cassettes/authored-active-work-causal-sync.test.ts > binds direct Restart specification and claim only at their exact responses 3ms
 ✓ |ordinary| packages/dalph/test/cassettes/authored-active-work-causal-sync.test.ts > binds bounded claim attempts to one exact focused operation 1ms
 ✓ |ordinary| packages/dalph/test/cassettes/authored-active-work-causal-sync.test.ts > binds direct Git reads only after matching their actual results 3ms
 ✓ |ordinary| packages/dalph/test/cassettes/authored-active-work-causal-sync.test.ts > reports a same-kind attempt identity mismatch inside a causal window 1ms
 ✓ |ordinary| packages/dalph/test/cassettes/authored-active-work-causal-sync.test.ts > distinguishes independent graph reads by their exact covered tasks 3ms
 ✓ |ordinary| packages/dalph/test/cassettes/authored-active-work-causal-sync.test.ts > replays opposite graph, specification, and worktree selection orders from one causal window 4ms
 ✓ |ordinary| packages/dalph/test/cassettes/authored-active-work-causal-sync.test.ts > waits for an explicitly named selected predecessor without scheduler turns 2ms
 ✓ |ordinary| packages/dalph/test/cassettes/authored-active-work-causal-sync.test.ts > records concurrent causal claims in the same order as atomic consumption 2ms
 ✓ |ordinary| packages/dalph/test/cassettes/authored-active-work-causal-sync.test.ts > replays independent A-E boundary chains in opposite valid interleavings 12ms
 ✓ |ordinary| packages/dalph/test/cassettes/authored-active-work-causal-sync.test.ts > replays the #268 capstone admission window with A Begin before or after B and C worktrees 8ms
 ✓ |ordinary| packages/dalph/test/cassettes/authored-active-work-causal-sync.test.ts > distinguishes equal-shaped graph reads by cause and exact response owner 2ms
 ✓ |ordinary| packages/dalph/test/cassettes/authored-active-work-causal-sync.test.ts > rejects a claim response from a different selected operation 1ms
 ✓ |ordinary| packages/dalph/test/cassettes/authored-active-work-causal-sync.test.ts > runs a catalog cassette with a causally authored tracker boundary 232ms
 ✓ |ordinary| packages/dalph/test/cassettes/authored-active-work-causal-sync.test.ts > rejects duplicate causal occurrence IDs before the first boundary call 7ms
 ✓ |ordinary| packages/dalph/test/cassettes/authored-active-work-causal-sync.test.ts > rejects two enabled same-shaped concurrent reads without choosing array order 1ms
 ✓ |ordinary| packages/dalph/test/cassettes/authored-active-work-causal-sync.test.ts > binds an exact operation anchor without revalidating its earlier Journal-owned ancestry 4ms
 ✓ |ordinary| packages/dalph/test/cassettes/authored-active-work-causal-sync.test.ts > binds authored roles at the real operation-selection trace seam 2ms
 ✓ |ordinary| packages/dalph/test/cassettes/authored-active-work-causal-sync.test.ts > selects F1 then F2 and pairs reverse-completing reads with their exact initiating operations 2ms
 ✓ |ordinary| packages/dalph/test/cassettes/authored-active-work-causal-sync.test.ts > fails closed for missing crossed foreign and duplicate causal relationships 9ms
 ✓ |ordinary| packages/dalph/test/cassettes/authored-active-work-causal-sync.test.ts > drains repeatedly forked exact read operations without resetting the story position 4ms
 ✓ |ordinary| packages/dalph/test/cassettes/authored-active-work-causal-sync.test.ts > reobserves B1 executing without advancing or manufacturing another report 1ms
 ✓ |ordinary| packages/dalph/test/cassettes/authored-active-work-causal-sync.test.ts > allows only B1 safe or terminal observations to consume B1's lifecycle result 2ms
 ✓ |ordinary| packages/dalph/test/cassettes/authored-active-work-causal-sync.test.ts > delivers an enabled terminal report while an independent graph remains earlier in the window 1ms
 ✓ |ordinary| packages/dalph/test/cassettes/authored-active-work-causal-sync.test.ts > wakes a passive terminal report only after its causal graph predecessor is consumed 1ms
 ✓ |ordinary| packages/dalph/test/cassettes/authored-active-work-causal-sync.test.ts > holds a passive terminal report until the exact successor plan is accepted 1ms
 ✓ |ordinary| packages/dalph/test/cassettes/authored-active-work-causal-sync.test.ts > keeps requested executor projections ordered even in a causal tracker story 1ms
 ✓ |ordinary| packages/dalph/test/cassettes/authored-active-work-causal-sync.test.ts > coalesces notification and timer hints then retains B's first attempt until its exact safe report 436ms
 ✓ |ordinary| packages/dalph/test/cassettes/cassette-residuals.test.ts > authors distinct instruction-read chronology for fresh, safely suspended, and already-executing work 1ms
 ✓ |ordinary| packages/dalph/test/cassettes/cassette-residuals.test.ts > renders every maintained authored story item through both public presentation seams 9ms
 ✓ |ordinary| packages/dalph/test/cassettes/cassette-residuals.test.ts > consumes the authored cursor's optional and terminal public probes 20ms
 ✓ |ordinary| packages/dalph/test/cassettes/cassette-residuals.test.ts > rejects empty, duplicate, and late fresh-claim holds at decode and cursor closure boundaries 2ms
 ✓ |ordinary| packages/dalph/test/cassettes/cassette-residuals.test.ts > parks every marked fresh claim before selection while A, Operator reacquisition, and reads bypass it 5ms
 ✓ |ordinary| packages/dalph/test/cassettes/cassette-residuals.test.ts > keeps authored promotion Git, control, and executor outcomes correlated at the cursor boundary 15ms
 ✓ |ordinary| packages/dalph/test/cassettes/cassette-residuals.test.ts > correlates concurrent operation selections before advancing the authored story 1ms
 ✓ |ordinary| packages/dalph/test/cassettes/cassette-residuals.test.ts > lets fresh claim selections wait for an actively owned lineage selection and its hold marker 2ms
 ✓ |ordinary| packages/dalph/test/cassettes/cassette-residuals.test.ts > proves task Pause through Suspend and Safe without requiring a redundant pre-Suspend projection 1ms
 ✓ |ordinary| packages/dalph/test/cassettes/cassette-residuals.test.ts > correlates concurrent executor reports when the later request arrives first 1ms
 ✓ |ordinary| packages/dalph/test/cassettes/cassette-residuals.test.ts > registers exact executor ownership after a sibling selection is already waiting 2ms
 ✓ |ordinary| packages/dalph/test/cassettes/cassette-residuals.test.ts > keeps a pre-registered executor owner when another exact report arrives first 1ms
 ✓ |ordinary| packages/dalph/test/cassettes/cassette-residuals.test.ts > fails closed when an exact selection has no permitted immediate predecessor owner 7ms
 ✓ |ordinary| packages/dalph/test/cassettes/cassette-residuals.test.ts > fails closed when an executor publication hold has no matching request owner 3ms
 ✓ |ordinary| packages/dalph/test/cassettes/cassette-residuals.test.ts > does not let a competing executor command consume a publication hold 1ms
 ✓ |ordinary| packages/dalph/test/cassettes/cassette-residuals.test.ts > fails closed when an exact executor report has no permitted immediate predecessor owner 1ms
 ✓ |ordinary| packages/dalph/test/cassettes/cassette-residuals.test.ts > lets an exact operation selection wait for an actively owned sibling executor outcome 1ms
 ✓ |ordinary| packages/dalph/test/cassettes/cassette-residuals.test.ts > round-trips restart, release, worktree, Git, and lost-response histories: changedAttemptRestartsCleanly 516ms
 ✓ |ordinary| packages/dalph/test/cassettes/cassette-residuals.test.ts > round-trips restart, release, worktree, Git, and lost-response histories: changedAttemptStopReleaseResponseLost 383ms
 ✓ |ordinary| packages/dalph/test/cassettes/cassette-residuals.test.ts > round-trips restart, release, worktree, Git, and lost-response histories: lostPlannedWorktreeSafelySuspends 212ms
 ✓ |ordinary| packages/dalph/test/cassettes/cassette-residuals.test.ts > round-trips restart, release, worktree, Git, and lost-response histories: changedAttemptRestartCancelsHeldResume 399ms
 ✓ |ordinary| packages/dalph/test/cassettes/cassette-residuals.test.ts > round-trips restart, release, worktree, Git, and lost-response histories: acceptedResultRestartsIntoIntegration 192ms
 ✓ |ordinary| packages/dalph/test/cassettes/cassette-residuals.test.ts > keeps held-Resume Restart authority before the separate final tracker reconfirmation 0ms
 ✓ |ordinary| packages/dalph/test/cassettes/cassette-residuals.test.ts > projects, folds, compares, renders, and alpha-renames a public recorded run 221ms
 ✓ |ordinary| packages/dalph/test/cassettes/recorded-integrator-laws.test.ts > projects, folds, and non-trivially renames the current FullRerun successor with repeated native Operator Retry cycles 896ms
 ✓ |ordinary| packages/dalph/test/cassettes/recorded-integrator-laws.test.ts > records automatic successor authorization and fixation as distinct Dalph coordinator facts 40ms
 ✓ |ordinary| packages/dalph/test/cassettes/authored-domain.test.ts > accepts a causal anchor that leaves activation return outside its assertion 1ms
 ✓ |ordinary| packages/dalph/test/cassettes/authored-domain.test.ts > validates a causal boundary window against the decoded story before playback 9ms
 ✓ |ordinary| packages/dalph/test/cassettes/authored-domain.test.ts > accepts an independently declared activation return owed by the selected operation 0ms
 ✓ |ordinary| packages/dalph/test/cassettes/authored-domain.test.ts > rejects an unsupported causal-anchor return boundary 0ms
 ✓ |ordinary| packages/dalph/test/cassettes/authored-domain.test.ts > accepts an exact in-flight prefix of the completion-finality boundary chronology 0ms
 ✓ |ordinary| packages/dalph/test/cassettes/authored-domain.test.ts > rejects a skipped step in the authored completion-finality boundary chronology 0ms
 ✓ |ordinary| packages/dalph/test/cassettes/authored-domain.test.ts > keeps active-record absence distinct from completion-marker absence in authored finality 1ms
 ✓ |ordinary| packages/dalph/test/cassettes/authored-domain.test.ts > rejects an authored Begin response that skips Executing 1ms
 ✓ |ordinary| packages/dalph/test/cassettes/authored-domain.test.ts > accepts an active coordinator return whose diagnostic reason is outside the scenario claim 0ms
 ✓ |ordinary| packages/dalph/test/cassettes/authored-domain.test.ts > does not carry a diagnostic reason in the reason-unasserted coordinator return 0ms
 ✓ |ordinary| packages/dalph/test/cassettes/authored-domain.test.ts > accepts the exact promoted-completion-read hold and release chronology 0ms
 ✓ |ordinary| packages/dalph/test/cassettes/authored-domain.test.ts > accepts the exact worktree-selection hold and release chronology 0ms
 ✓ |ordinary| packages/dalph/test/cassettes/authored-domain.test.ts > keeps separator-containing exact hold identities distinct 0ms
 ✓ |ordinary| packages/dalph/test/cassettes/authored-domain.test.ts > rejects an unreleased worktree-selection hold 0ms
 ✓ |ordinary| packages/dalph/test/cassettes/authored-domain.test.ts > rejects a worktree-selection release without an Applied promotion 0ms
 ✓ |ordinary| packages/dalph/test/cassettes/authored-domain.test.ts > rejects a worktree-selection hold placed after its matching selection 0ms
 ✓ |ordinary| packages/dalph/test/cassettes/authored-domain.test.ts > rejects a held worktree selection placed before its release 0ms
 ✓ |ordinary| packages/dalph/test/cassettes/authored-domain.test.ts > rejects sequential reuse of one pre-armed worktree hold 0ms
 ✓ |ordinary| packages/dalph/test/cassettes/authored-domain.test.ts > rejects an unreleased promoted-completion-read hold 0ms
 ✓ |ordinary| packages/dalph/test/cassettes/authored-domain.test.ts > rejects a promoted-completion-read release before the exact Begin response 0ms
 ✓ |ordinary| packages/dalph/test/cassettes/authored-domain.test.ts > rejects a promoted-completion-read release for the wrong attempt 0ms
 ✓ |ordinary| packages/dalph/test/cassettes/authored-domain.test.ts > rejects a promoted-completion hold whose Applied CAS belongs to another Integrator 0ms
 ✓ |ordinary| packages/dalph/test/cassettes/authored-domain.test.ts > rejects any promoted-task completion-claim read before its pre-armed hold 0ms
 ✓ |ordinary| packages/dalph/test/cassettes/authored-domain.test.ts > rejects a sequential second promoted-completion hold for the same task 0ms
 ✓ |ordinary| packages/dalph/test/cassettes/authored-domain.test.ts > requires a worktree hold and release to carry the same exact promotion request 0ms
 ✓ |ordinary| packages/dalph/test/cassettes/authored-domain.test.ts > rejects concurrent distinct Integrator correlations that alias one CAS request 3ms
 ✓ |ordinary| packages/dalph/test/cassettes/authored-domain.test.ts > does not report a sequential identical CAS request as an alias 0ms
 ✓ |ordinary| packages/dalph/test/cassettes/run-cancellation.test.ts > cancels an idle Run after the durable direction and fresh graph read 219ms
 ✓ |ordinary| packages/dalph/test/cassettes/run-cancellation.test.ts > cancels a running exact attempt through suspension, claim release, and fresh classification 298ms
stdout | packages/dalph/test/cassettes/run-cancellation.test.ts > cancels after admitted integration settles without rollback or replacement
[03:00:46.009] ERROR (#9846): AuthoredCassetteInteractionMismatch: 
    at Array.<anonymous> (/workspace/dalph-dogfood/issue-491-20261009/task-worktrees/part-run-398-72312e65794a6d636d567a6147356c63334d694f6949774d5745784d6a4a684e4330354d4751334c546333595449744f5451784e5330334d474d3059/part-3251794f5468694f4749694c434a3059584a6e5a5851694f6e7369583352685a794936496b647064476831596b6c7a6333566c4969776961584e7a6457564f64/part-5731695a5849694f6a51354d537769623364755a5849694f694a6b5a574679624739795a486c7362334a6b49697769636d567762334e70644739796553493649/part-6d52686248426f496e3139-task-122-74312e57794a535832746e52453955597a4266535645694c434a4a5832743352453955597a426653574d345155464251/part-554a585455566a4e4763695851-attempt-0/_leaf/packages/dalph/src/cassettes/authored-cursor.ts:1295:23) {
  _tag: 'AuthoredCassetteInteractionMismatch',
  actual: 'CoordinatorActivationReturned',
  expected: 'OperatorAppliesRunCancellation',
  storyPosition: 49,
  [cause]: undefined
}

 × |ordinary| packages/dalph/test/cassettes/run-cancellation.test.ts > cancels after admitted integration settles without rollback or replacement 527ms
   → 
 ✓ |ordinary| packages/dalph/test/cassettes/run-cancellation.test.ts > cancels a running exact attempt without releasing a foreign claim 212ms
 ✓ |ordinary| packages/dalph/test/cassettes/run-cancellation.test.ts > re-enters once after an unacknowledged cancellation termination append 13ms
 ✓ |ordinary| packages/dalph/test/cassettes/recorded-prefix-parity.property.test.ts > preserves complete cold checkpoints for cassette unchanged entries 512ms
 ✓ |ordinary| packages/dalph/test/cassettes/recorded-prefix-parity.property.test.ts > preserves complete cold checkpoints for cassette removed entry 378ms
 ✓ |ordinary| packages/dalph/test/cassettes/recorded-prefix-parity.property.test.ts > preserves complete cold checkpoints for cassette duplicate entry 420ms
 ✓ |ordinary| packages/dalph/test/cassettes/recorded-prefix-parity.property.test.ts > preserves complete cold checkpoints for cassette reordered entries 404ms
 ✓ |ordinary| packages/dalph/test/cassettes/recorded-prefix-parity.property.test.ts > preserves complete cold checkpoints for cassette short prefix 336ms
 ✓ |ordinary| packages/dalph/test/cassettes/recorded-prefix-parity.property.test.ts > preserves complete cold checkpoints for cassette foreign Run 457ms
 ✓ |ordinary| packages/dalph/test/cassettes/recorded-prefix-parity.property.test.ts > preserves every cold checkpoint after a source removed occurrence 283ms
 ✓ |ordinary| packages/dalph/test/cassettes/recorded-prefix-parity.property.test.ts > preserves every cold checkpoint after a source duplicate occurrence 437ms
 ✓ |ordinary| packages/dalph/test/cassettes/recorded-prefix-parity.property.test.ts > preserves every cold checkpoint after a source reordered occurrences 366ms
 ✓ |ordinary| packages/dalph/test/cassettes/recorded-prefix-parity.property.test.ts > preserves every cold checkpoint after a source noncanonical position 465ms
 ✓ |ordinary| packages/dalph/test/cassettes/recorded-prefix-parity.property.test.ts > preserves every cold checkpoint after a source noncanonical key 367ms
 ✓ |ordinary| packages/dalph/test/cassettes/recorded-prefix-parity.property.test.ts > preserves every cold checkpoint after a source foreign Run 336ms
 ✓ |ordinary| packages/dalph/test/cassettes/recorded-prefix-parity.property.test.ts > preserves cold checkpoints through successive distinct invalid source prefixes 3ms
 ✓ |ordinary| packages/dalph/test/cassettes/recorded-prefix-parity.property.test.ts > compares current invalid-history summaries rather than stale equal valid meaning prefixes 2ms
 ✓ |ordinary| packages/dalph/test/cassettes/recorded-prefix-parity.property.test.ts > keeps empty sources and unvisited schema-invalid suffixes untouched and shorter final prefixes repeated 7ms
 ✓ |ordinary| packages/dalph/test/cassettes/recorded-prefix-parity.property.test.ts > retains cold schema diagnostics at every visited invalid entry and envelope 326ms
 ✓ |ordinary| packages/dalph/test/cassettes/recorded-prefix-parity.property.test.ts > avoids repeated reads of already validated entry fields without losing cold checkpoints 95ms
 ✓ |ordinary| packages/dalph/test/cassettes/recorded-prefix-parity.property.test.ts > prepares 1 valid history occurrences once without repeated whole-prefix exports 1ms
 ✓ |ordinary| packages/dalph/test/cassettes/recorded-prefix-parity.property.test.ts > prepares 8 valid history occurrences once without repeated whole-prefix exports 1ms
 ✓ |ordinary| packages/dalph/test/cassettes/recorded-prefix-parity.property.test.ts > prepares 32 valid history occurrences once without repeated whole-prefix exports 5ms
 ✓ |ordinary| packages/dalph/test/cassettes/recorded-prefix-parity.property.test.ts > validates every source and recorded occurrence once while retaining all checkpoint comparisons 4ms
 ✓ |ordinary| packages/dalph/test/cassettes/recorded-prefix-parity.property.test.ts > preserves typed workflow history, nested identity failures, causal defect cursor, and early-order negatives 1032ms
 ✓ |ordinary| packages/dalph/test/cassettes/lifecycle-resume.test.ts > reopens C and resumes its original attempt only after accepted capacity three 1075ms
 ✓ |ordinary| packages/dalph/test/cassettes/lifecycle-resume.test.ts > recovers the real G4 crash before resuming exactly retained C1 868ms
 ✓ |ordinary| packages/dalph/test/cassettes/lifecycle-resume.test.ts > recovers the real Capacity crash before resuming exactly retained C1 797ms
 ✓ |ordinary| packages/dalph/test/cassettes/lifecycle-resume.test.ts > recovers the real Reservation crash before resuming exactly retained C1 892ms
 ✓ |ordinary| packages/dalph/test/cassettes/lifecycle-resume.test.ts > recovers the real Specification crash before resuming exactly retained C1 802ms
 ✓ |ordinary| packages/dalph/test/cassettes/lifecycle-resume.test.ts > recovers the real Claim crash before resuming exactly retained C1 943ms
 ✓ |ordinary| packages/dalph/test/cassettes/lifecycle-resume.test.ts > recovers the real Worktree crash before resuming exactly retained C1 895ms
 ✓ |ordinary| packages/dalph/test/cassettes/lifecycle-resume.test.ts > recovers the real Lineage crash before resuming exactly retained C1 817ms
 ✓ |ordinary| packages/dalph/test/cassettes/lifecycle-resume.test.ts > recovers the real Authorization crash before resuming exactly retained C1 802ms
 ✓ |ordinary| packages/dalph/test/cassettes/lifecycle-resume.test.ts > recovers the real ResumeIntent crash before resuming exactly retained C1 1135ms
 ✓ |ordinary| packages/dalph/test/cassettes/lifecycle-resume.test.ts > preserves Alice's independently applied Pause when G4 reopens C even at capacity three 819ms
 ✓ |ordinary| packages/dalph/test/cassettes/lifecycle-resume.test.ts > recovers RedeliveryIntent with a new projection and no new semantic Resume 1154ms
 ✓ |ordinary| packages/dalph/test/cassettes/lifecycle-resume.test.ts > recovers RedeliveryHeld with a new projection and no new semantic Resume 1106ms
 ✓ |ordinary| packages/dalph/test/cassettes/lifecycle-resume.test.ts > recovers RedeliveryResponseLost with a new projection and no new semantic Resume 870ms
 ✓ |ordinary| packages/dalph/test/cassettes/lifecycle-resume.test.ts > reconciles C's lost Resume response after restart without another Begin or Resume 739ms
 ✓ |ordinary| packages/dalph/test/cassettes/position-release.test.ts > starts B integration after its exact acquired claim graph and lineage observations 498ms
 ✓ |ordinary| packages/dalph/test/cassettes/position-release.test.ts > releases B C and D positions to E F and G while B holds integration 646ms
 ✓ |ordinary| packages/dalph/test/cassettes/position-release.test.ts > serializes distinct B through G sessions resources and candidates in accepted order 2826ms
 ✓ |ordinary| packages/dalph/test/cassettes/position-release.test.ts > recovers B at BeforeObservation without another executor command 379ms
 ✓ |ordinary| packages/dalph/test/cassettes/position-release.test.ts > recovers B at AfterObservation without another executor command 316ms
 ✓ |ordinary| packages/dalph/test/cassettes/position-release.test.ts > recovers B at AfterAcceptance without another executor command 304ms
 ✓ |ordinary| packages/dalph/test/cassettes/position-release.test.ts > retains every occupied position when B terminal evidence is Unavailable 154ms
 ✓ |ordinary| packages/dalph/test/cassettes/position-release.test.ts > retains every occupied position when B terminal evidence is Foreign 144ms
 ✓ |ordinary| packages/dalph/test/cassettes/integration-finality-protocol-cassette.test.ts > accepts a promoted history containing a replacement plan while selecting the promoted plan 719ms
 ✓ |ordinary| packages/dalph/test/cassettes/integration-finality-protocol-cassette.test.ts > rejects omitting the replacement promotion activation return before the next tracker read 459ms
 ✓ |ordinary| packages/dalph/test/cassettes/integration-finality-protocol-cassette.test.ts > rejects omitting the next activation's owed reconfirmation graph before replacement terminal assertions 418ms
 ✓ |ordinary| packages/dalph/test/cassettes/integration-finality-protocol-cassette.test.ts > rejects Executing and terminal reports as replacement quiescence witnesses 633ms
 ✓ |ordinary| packages/dalph/test/cassettes/integration-finality-protocol-cassette.test.ts > rejects active-record absence as a completion-marker absence result 1ms
 ✓ |ordinary| packages/dalph/test/cassettes/authored-domain.property.test.ts > roundtrips arbitrary authored tracker graph outcomes through the story-item boundary 9ms
 ✓ |ordinary| packages/dalph/test/cassettes/authored-domain.property.test.ts > roundtrips valid exact Pause waiting observations 9ms
 ✓ |ordinary| packages/dalph/test/cassettes/authored-domain.property.test.ts > roundtrips valid exact integration Pause waiting observations 18ms
 ✓ |ordinary| packages/dalph/test/cassettes/authored-domain.property.test.ts > validates every exact executor action route and boundary-only responsibility identity 0ms
 ✓ |ordinary| packages/dalph/test/cassettes/authored-domain.property.test.ts > roundtrips a settled executor action awaiting accepted-outcome publication 3ms
 ✓ |ordinary| packages/dalph/test/cassettes/authored-domain.property.test.ts > roundtrips an exact workflow operation awaiting accepted-outcome publication 3ms
 ✓ |ordinary| packages/dalph/test/cassettes/authored-domain.property.test.ts > rejects mutations that break an exact Pause responsibility correlation 13ms
 ✓ |ordinary| packages/dalph/test/cassettes/authored-domain.property.test.ts > rejects one-field mutations of exact integration correlations 6ms
 ✓ |ordinary| packages/dalph/test/cassettes/authored-domain.property.test.ts > rejects one-field mutations of exact delivery proposal identity 6ms
 ✓ |ordinary| packages/dalph/test/cassettes/authored-domain.property.test.ts > rejects a settled executor blocker whose exact attempt identity changed 6ms
 ✓ |ordinary| packages/dalph/test/cassettes/authored-domain.property.test.ts > rejects a settled workflow blocker whose exact operation identity changed 5ms
stdout | packages/dalph/test/cassettes/capstone.execution.test.ts > maintained delivery capstone proves the #413 publication and integration interval through DS17
[03:01:25.037] ERROR (#2668): IntegratorCandidateCleanupEvidenceReadFailure: 
    at /workspace/dalph-dogfood/issue-491-20261009/task-worktrees/part-run-398-72312e65794a6d636d567a6147356c63334d694f6949774d5745784d6a4a684e4330354d4751334c546333595449744f5451784e5330334d474d3059/part-3251794f5468694f4749694c434a3059584a6e5a5851694f6e7369583352685a794936496b647064476831596b6c7a6333566c4969776961584e7a6457564f64/part-5731695a5849694f6a51354d537769623364755a5849694f694a6b5a574679624739795a486c7362334a6b49697769636d567762334e70644739796553493649/part-6d52686248426f496e3139-task-122-74312e57794a535832746e52453955597a4266535645694c434a4a5832743352453955597a426653574d345155464251/part-554a585455566a4e4763695851-attempt-0/_leaf/packages/orchestrator/src/workflow/protocols/disposition-cleanup/loop.ts:522:19
    at file:///workspace/dalph-dogfood/issue-491-20261009/task-worktrees/part-run-398-72312e65794a6d636d567a6147356c63334d694f6949774d5745784d6a4a684e4330354d4751334c546333595449744f5451784e5330334d474d3059/part-3251794f5468694f4749694c434a3059584a6e5a5851694f6e7369583352685a794936496b647064476831596b6c7a6333566c4969776961584e7a6457564f64/part-5731695a5849694f6a51354d537769623364755a5849694f694a6b5a574679624739795a486c7362334a6b49697769636d567762334e70644739796553493649/part-6d52686248426f496e3139-task-122-74312e57794a535832746e52453955597a4266535645694c434a4a5832743352453955597a426653574d345155464251/part-554a585455566a4e4763695851-attempt-0/_leaf/node_modules/.pnpm/effect@4.0.0-beta.106/node_modules/effect/dist/internal/effect.js:1383:96
    at ~effect/Utils/internal (file:///workspace/dalph-dogfood/issue-491-20261009/task-worktrees/part-run-398-72312e65794a6d636d567a6147356c63334d694f6949774d5745784d6a4a684e4330354d4751334c546333595449744f5451784e5330334d474d3059/part-3251794f5468694f4749694c434a3059584a6e5a5851694f6e7369583352685a794936496b647064476831596b6c7a6333566c4969776961584e7a6457564f64/part-5731695a5849694f6a51354d537769623364755a5849694f694a6b5a574679624739795a486c7362334a6b49697769636d567762334e70644739796553493649/part-6d52686248426f496e3139-task-122-74312e57794a535832746e52453955597a4266535645694c434a4a5832743352453955597a426653574d345155464251/part-554a585455566a4e4763695851-attempt-0/_leaf/node_modules/.pnpm/effect@4.0.0-beta.106/node_modules/effect/dist/Utils.js:79:14) {
  _tag: 'IntegratorCandidateCleanupEvidenceReadFailure',
  detail: 'provider-private evidence revision could not be read for the exact candidate subject',
  [cause]: undefined
}

 × |ordinary| packages/dalph/test/cassettes/capstone.execution.test.ts > maintained delivery capstone proves the #413 publication and integration interval through DS17 5050ms
   → 
 ↓ |ordinary| packages/dalph/test/cassettes/capstone.execution.test.ts > maintained deliveryInvariantStoryCapstone executes all 22 beats in one exact Run
 ↓ |ordinary| packages/dalph/test/cassettes/capstone.execution.test.ts > completes the uninterrupted seven-task run after reconciling A FullRerun predecessor cleanup
 ↓ |ordinary| packages/dalph/test/cassettes/capstone.execution.test.ts > replays the maintained capstone with the same exact chronology
 ✓ |ordinary| packages/dalph/test/cassettes/authored-coverage.test.ts > uses default authored tracker hooks and exposes every completion lookup outcome 9ms
 ✓ |ordinary| packages/dalph/test/cassettes/authored-coverage.test.ts > runs the authored changedAttemptContinues candidate and promotion outcomes through their production adapters 434ms
 ✓ |ordinary| packages/dalph/test/cassettes/authored-coverage.test.ts > runs the authored changedAttemptRestartsCleanly candidate and promotion outcomes through their production adapters 301ms
 ✓ |ordinary| packages/dalph/test/cassettes/authored-coverage.test.ts > runs the authored changedAttemptRestartAfterSupersessionCrash candidate and promotion outcomes through their production adapters 269ms
 ✓ |ordinary| packages/dalph/test/cassettes/authored-coverage.test.ts > runs the authored changedAttemptStopsAndReleases candidate and promotion outcomes through their production adapters 211ms
 ✓ |ordinary| packages/dalph/test/cassettes/authored-coverage.test.ts > runs the authored changedAttemptStopsWithAbsentClaim candidate and promotion outcomes through their production adapters 197ms
 ✓ |ordinary| packages/dalph/test/cassettes/authored-coverage.test.ts > runs the authored changedAttemptStopsWithForeignClaim candidate and promotion outcomes through their production adapters 207ms
 ✓ |ordinary| packages/dalph/test/cassettes/authored-coverage.test.ts > runs the authored changedAttemptChoiceRace candidate and promotion outcomes through their production adapters 260ms
 ✓ |ordinary| packages/dalph/test/cassettes/authored-coverage.test.ts > runs the authored changedAttemptReacquisitionForeignConflict candidate and promotion outcomes through their production adapters 220ms
 ✓ |ordinary| packages/dalph/test/cassettes/authored-coverage.test.ts > runs the authored taskPauseExecutorAndPromotionBoundaries candidate and promotion outcomes through their production adapters 884ms
 ✓ |ordinary| packages/dalph/test/cassettes/authored-coverage.test.ts > runs the authored taskPauseFinishesHeldIntegration candidate and promotion outcomes through their production adapters 224ms
 ✓ |ordinary| packages/dalph/test/cassettes/authored-coverage.test.ts > runs the authored runPauseSafelySuspends candidate and promotion outcomes through their production adapters 92ms
 ✓ |ordinary| packages/dalph/test/cassettes/authored-coverage.test.ts > runs the authored runPauseObservationDisconnects candidate and promotion outcomes through their production adapters 72ms
 ✓ |ordinary| packages/dalph/test/cassettes/authored-coverage.test.ts > runs the authored runUnpauseAfterSafeSuspension candidate and promotion outcomes through their production adapters 154ms
 ✓ |ordinary| packages/dalph/test/cassettes/authored-coverage.test.ts > runs the authored runUnpauseDuringSuspensionRestarts candidate and promotion outcomes through their production adapters 192ms
 ✓ |ordinary| packages/dalph/test/cassettes/authored-coverage.test.ts > runs the authored taskUnpauseAfterSafeSuspension candidate and promotion outcomes through their production adapters 285ms
 ✓ |ordinary| packages/dalph/test/cassettes/authored-coverage.test.ts > runs the authored taskUnpauseDuringSuspensionRestarts candidate and promotion outcomes through their production adapters 202ms
 ✓ |ordinary| packages/dalph/test/cassettes/authored-coverage.test.ts > runs the authored targetPromotionAmbiguityExhaustion candidate and promotion outcomes through their production adapters 321ms
 ✓ |ordinary| packages/dalph/test/cassettes/authored-coverage.test.ts > runs the authored targetPromotionStaleBeforeCompareAndSet candidate and promotion outcomes through their production adapters 245ms
 ✓ |ordinary| packages/dalph/test/cassettes/authored-coverage.test.ts > runs the authored targetPromotionLostResponseDiscoversCurrentCandidate candidate and promotion outcomes through their production adapters 274ms
 ✓ |ordinary| packages/dalph/test/cassettes/authored-coverage.test.ts > covers authored cursor terminal and cleanup outcomes 5ms
 ✓ |ordinary| packages/dalph/test/cassettes/authored-coverage.test.ts > fails authored tracker and trace adapters closed at their declared boundaries 3ms
 ✓ |ordinary| packages/dalph/test/cassettes/capstone-post-return-causality.test.ts > accepts authorized post-return specs A then B 8ms
 ✓ |ordinary| packages/dalph/test/cassettes/capstone-post-return-causality.test.ts > accepts authorized post-return specs B then A 1ms
 ✓ |ordinary| packages/dalph/test/cassettes/capstone-post-return-causality.test.ts > rejects B specification without the accepted graph predecessor 2ms
 ✓ |ordinary| packages/dalph/test/cassettes/capstone-post-return-causality.test.ts > bounds generalized continuation windows before control and lifecycle barriers 34ms
 ✓ |ordinary| packages/dalph/test/cassettes/capstone-post-return-causality.test.ts > rejects successor reconciliation before A terminal and accepts its exact Begin across independent graph reads 4ms
 ✓ |ordinary| packages/dalph/test/cassettes/capstone-post-return-causality.test.ts > retains C continuation authority across the capacity marker and rejects the later independent graph 2ms
 ✓ |ordinary| packages/dalph/test/cassettes/capstone-post-return-causality.test.ts > keeps B finality authority before claim replacement and continues with focused completion afterward 1ms
 ✓ |ordinary| packages/dalph/test/cassettes/disposition-cleanup-cassette.test.ts > runs each authored cleanup chronology and records its exact event family 216ms
 ✓ |ordinary| packages/dalph/test/cassettes/codex-purged-work-unit-replacement.property.test.ts > roundtrips arbitrary persisted replacement ledgers through Schema and the private encoding 31ms
 ✓ |ordinary| packages/dalph/test/cassettes/codex-purged-work-unit-replacement.property.test.ts > preserves exact correlation and history when a replacement phase is appended 43ms
 ✓ |ordinary| packages/dalph/test/cassettes/codex-purged-work-unit-replacement.property.test.ts > rejects replacement request identity reuse and one-field correlation/history mutations 32ms
 ✓ |ordinary| packages/dalph/test/cassettes/codex-purged-work-unit-replacement.property.test.ts > rejects every malformed replacement-history boundary and non-append successor 2ms
 ↓ |ordinary| packages/dalph/test/cassettes/authored-delivery-status.test.ts > authored capstone carries exact canonical status or typed failure at its observation moment
 ↓ |ordinary| packages/dalph/test/cassettes/authored-delivery-status.test.ts > reopens A cleanup after exact removal before response and settles only after owning-boundary absence
 ✓ |ordinary| packages/dalph/test/cassettes/authored-delivery-status.test.ts > status conflict replay normalizes only the proposal Run and preserves different task and operation identities 2ms
 ✓ |ordinary| packages/dalph/test/cassettes/authored-delivery-status.test.ts > status conflict identity changes a verified acceptance descriptor but preserves altered evidence and unrelated identities 2ms
 ✓ |ordinary| packages/dalph/test/cassettes/integrator-cassette.execution.test.ts > maintained outer Integrator cassettes > runs maintained Integrator cassette exactCandidate through the production protocol 38ms
 ✓ |ordinary| packages/dalph/test/cassettes/integrator-cassette.execution.test.ts > maintained outer Integrator cassettes > runs maintained Integrator cassette incompatibleLineage through the production protocol 9ms
 ✓ |ordinary| packages/dalph/test/cassettes/integrator-cassette.execution.test.ts > maintained outer Integrator cassettes > runs maintained Integrator cassette invalidReportedObject through the production protocol 12ms
 ✓ |ordinary| packages/dalph/test/cassettes/integrator-cassette.execution.test.ts > maintained outer Integrator cassettes > runs maintained Integrator cassette notPrepared through the production protocol 9ms
 ✓ |ordinary| packages/dalph/test/cassettes/integrator-cassette.execution.test.ts > maintained outer Integrator cassettes > runs maintained Integrator cassette processLoss through the production protocol 12ms
 ✓ |ordinary| packages/dalph/test/cassettes/integrator-cassette.execution.test.ts > maintained outer Integrator cassettes > gives one exact session to the Integrator and qualifies its reported candidate 11ms
 ✓ |ordinary| packages/dalph/test/cassettes/integrator-cassette.execution.test.ts > maintained outer Integrator cassettes > automatically restores the same unfinished integration session after process loss 16ms
 ✓ |ordinary| packages/dalph/test/cassettes/integrator-cassette.execution.test.ts > maintained outer Integrator cassettes > stops before the Integrator when Git cannot prove compatible target lineage 7ms
 ✓ |ordinary| packages/dalph/test/cassettes/integrator-cassette.execution.test.ts > maintained outer Integrator cassettes > does not infer a candidate from resource head or process success 9ms
 ✓ |ordinary| packages/dalph/test/cassettes/integrator-cassette.execution.test.ts > maintained outer Integrator cassettes > rejects a reported candidate unless Git proves ordered parents H then C 10ms
 ✓ |ordinary| packages/dalph/test/cassettes/integrator-cassette.execution.test.ts > maintained outer Integrator cassettes > projects exact run-bound Integrator records and omits unrelated journal events 10ms
 ✓ |ordinary| packages/dalph/test/cassettes/integrator-cassette.execution.test.ts > maintained outer Integrator cassettes > fails closed when scripted Integrator or Git observations are unavailable 45ms
 ✓ |ordinary| packages/dalph/test/cassettes/integrator-cassette.execution.test.ts > maintained outer Integrator cassettes > rejects a terminal assertion without a matching observation or assertion 16ms
 ✓ |ordinary| packages/dalph/test/cassettes/authored-integrator-boundary.test.ts > decodes the explicit outer Integrator request, result, and Git story items 3ms
 ✓ |ordinary| packages/dalph/test/cassettes/authored-integrator-boundary.test.ts > asserts the exact request correlation before consuming its public result and Git observation 6ms
 ✓ |ordinary| packages/dalph/test/cassettes/authored-integrator-boundary.test.ts > waits for an actively owned recovery selection before consuming the outer Integrator Git observation 2ms
 ✓ |ordinary| packages/dalph/test/cassettes/authored-integrator-boundary.test.ts > fails closed for an unrelated selection before the outer Integrator Git observation 6ms
 ✓ |ordinary| packages/dalph/test/cassettes/authored-integrator-boundary.test.ts > fails closed when an Integrator recovery read has no exact owner 1ms
 ✓ |ordinary| packages/dalph/test/cassettes/authored-integrator-boundary.test.ts > rejects a foreign request correlation and a Git observation for another candidate 2ms
 ✓ |ordinary| packages/dalph/test/cassettes/authored-integrator-boundary.test.ts > rejects run two when the authored request belongs to run one of the same session 1ms
 ✓ |ordinary| packages/dalph/test/cassettes/authored-integrator-boundary.test.ts > returns a typed Git failure for the exact reported candidate 1ms
 ✓ |ordinary| packages/dalph/test/cassettes/authored-observation-playback.test.ts > Finish drains every pre-cut capture once in FIFO order and closes admission 11ms
 ✓ |ordinary| packages/dalph/test/cassettes/authored-observation-playback.test.ts > supervision and Finish retain the exact typed projector failure without partial success 13ms
 ✓ |ordinary| packages/dalph/test/cassettes/authored-observation-playback.test.ts > the first genuine callback defect wins before a later projector can run 2ms
 ✓ |ordinary| packages/dalph/test/cassettes/authored-observation-playback.test.ts > interrupting the owner settles its worker and closes the queue without a join hang 2ms
 ✓ |ordinary| packages/dalph/test/cassettes/authored-observation-playback.test.ts > N and 2N accepted captures have exact linear projection and retained-moment counts 45ms
 ✓ |ordinary| packages/dalph/test/cassettes/authored-observation-playback.test.ts > the exact chronology oracle exposes duplicate reordered and dropped captures 3ms
 ✓ |ordinary| packages/dalph/test/cassettes/authored-owner-lifetime.test.ts > installs one owner before a later explicit notification without inventing a startup notification 729ms
 ✓ |ordinary| packages/dalph/test/cassettes/authored-owner-lifetime.test.ts > propagates an unrelated authored boundary failure without restarting its owner 16ms
 ✓ |ordinary| packages/dalph/test/cassettes/authored-owner-lifetime.test.ts > consumes each idle-boundary process death once before installing the next owner 500ms
 ✓ |ordinary| packages/dalph/test/cassettes/result-recovery-recording.test.ts > preserves historical Restart custody through native cassette round trip and identity renaming 117ms
 ✓ |ordinary| packages/dalph/test/cassettes/authored-presentation.test.ts > authored delivery landmarks > projects every landmark kind from typed authored boundary occurrences 2ms
 ✓ |ordinary| packages/dalph/test/cassettes/authored-presentation.test.ts > authored delivery landmarks > explains the tracker's classification of an ambiguous completion request 0ms
 ✓ |ordinary| packages/dalph/test/cassettes/authored-presentation.test.ts > authored delivery landmarks > states when an active-return reason is intentionally outside the authored claim 0ms
 ✓ |ordinary| packages/dalph/test/cassettes/authored-presentation.test.ts > authored delivery landmarks > renders control, Integrator, and protocol variants at the presentation boundary 1ms
 ✓ |ordinary| packages/dalph/test/cassettes/outstanding-work.test.ts > keeps proposals live owners held executor integration finality and claim-cleanup work nonterminal 1701ms
 ✓ |ordinary| packages/dalph/test/cassettes/outstanding-work.test.ts > keeps an exact executor correlation conflict and its retained position nonterminal 829ms
 ✓ |ordinary| packages/dalph/test/cassettes/accepted-publication-observer.test.ts > accepted publication from active refresh starts one trailing ordinary activation 1028ms
 ✓ |ordinary| packages/dalph/test/cassettes/double-diamond-activation-chronology.test.ts > returns after the paid G2 and settles F X and the complete double diamond after fresh activation facts 13635ms
 ✓ |ordinary| packages/dalph/test/cassettes/double-diamond-activation-chronology.test.ts > rejects omission of the actual double-diamond activation return before its owed next graph 5134ms
 ✓ |ordinary| packages/dalph/test/cassettes/application-and-codex-protocol.execution.test.ts > reports an absent private Codex record tag as null 1ms
 ✓ |ordinary| packages/dalph/test/cassettes/application-and-codex-protocol.execution.test.ts > runs maintained application Exit stories through the production request boundary 8ms
 ✓ |ordinary| packages/dalph/test/cassettes/application-and-codex-protocol.execution.test.ts > runs maintained Codex executor stories through the concrete production executor 40ms
 ✓ |ordinary| packages/dalph/test/cassettes/authored-observation-chronology.test.ts > captures delivery publications and live runtime owners in one authored observation order 450ms
 ✓ |ordinary| packages/dalph/test/cassettes/authored-observation-chronology.test.ts > surfaces the original playback callback defect before the authored workflow completes 9ms
 ✓ |ordinary| packages/dalph/test/cassettes/active-graph-refresh.test.ts > recovers the same Run after G5 Intent while B C D remain held and F G remain unadmitted 1329ms
 ✓ |ordinary| packages/dalph/test/cassettes/active-graph-refresh.test.ts > recovers the same Run after G5 Observation while B C D remain held and F G remain unadmitted 1003ms
 ✓ |ordinary| packages/dalph/test/cassettes/active-graph-refresh.test.ts > observes F and G without admitting either while B C and D retain every exact position 1015ms
 ✓ |ordinary| packages/dalph/test/cassettes/capstone-entry-causality.test.ts > accepts independent empty-task graph before A claim 7ms
 ✓ |ordinary| packages/dalph/test/cassettes/capstone-entry-causality.test.ts > accepts independent empty-task graph after A claim 2ms
 ✓ |ordinary| packages/dalph/test/cassettes/capstone-entry-causality.test.ts > rejects a fabricated claim predecessor on the independent empty-task graph 2ms
 ✓ |ordinary| packages/dalph/test/cassettes/capstone-entry-causality.test.ts > assigns exact read owners without assigning read owners to entry executor reports 38ms
 ✓ |ordinary| packages/dalph/test/cassettes/capstone-entry-causality.test.ts > declares exact graph roles and claim predecessors for every entry graph 1ms
 ✓ |ordinary| packages/dalph/test/cassettes/authored-causal-graph.test.ts > accepts opposite topological orders of independent boundary chains 2ms
 ✓ |ordinary| packages/dalph/test/cassettes/authored-causal-graph.test.ts > rejects an early boundary with its exact unmet predecessor 1ms
 ✓ |ordinary| packages/dalph/test/cassettes/authored-causal-graph.test.ts > rejects two enabled same-shaped occurrences instead of picking array order 0ms
 ✓ |ordinary| packages/dalph/test/cassettes/authored-causal-graph.test.ts > rejects duplicate consumption and exposes unconsumed required nodes 1ms
 ✓ |ordinary| packages/dalph/test/cassettes/authored-causal-graph.test.ts > rejects duplicate IDs, missing predecessors, repeated edges, and cycles before playback 0ms
 ✓ |ordinary| packages/dalph/test/cassettes/authored-causal-graph.test.ts > compiles sequential stories into strict adjacent predecessor edges 0ms
 ✓ |ordinary| packages/dalph/test/cassettes/authored-causal-graph.test.ts > compiles sequence and parallel authoring into only the required cross-stage edges 0ms
 ✓ |ordinary| packages/dalph/test/cassettes/authored-target-promotion-cursor.test.ts > consumes reverse-arriving CAS responses by exact request without imposing production order 9ms
 ✓ |ordinary| packages/dalph/test/cassettes/authored-target-promotion-cursor.test.ts > does not collapse separator-containing target requests into one CAS correlation 7ms
 ✓ |ordinary| packages/dalph/test/cassettes/authored-target-promotion-cursor.test.ts > returns the typed failure only for the exact lost CAS request 4ms
 ✓ |ordinary| packages/dalph/test/cassettes/authored-target-promotion-cursor.test.ts > allows sequential identical requests after the first response is consumed 3ms
 ✓ |ordinary| packages/dalph/test/cassettes/authored-target-promotion-cursor.test.ts > fails closed when two consumers try the same CAS request concurrently 2ms
 ✓ |ordinary| packages/dalph/test/cassettes/delivery-capstone-authored-correlations.test.ts > resolves the decoded capstone correlation and independently sealed manifest 3ms
 ✓ |ordinary| packages/dalph/test/cassettes/delivery-capstone-authored-correlations.test.ts > rejects foreign declared Runs and noncanonical declared evidence references 1ms
 ✓ |ordinary| packages/dalph/test/cassettes/delivery-capstone-authored-correlations.test.ts > preserves identity suffixes, Run generation, and other correlation differences 1ms
 ✓ |ordinary| packages/dalph/test/cassettes/authored-target-lineage.test.ts > binds independent lineage reads by exact attempt in attempt:A:0 then attempt:B:replacement:1 order 4ms
 ✓ |ordinary| packages/dalph/test/cassettes/authored-target-lineage.test.ts > binds independent lineage reads by exact attempt in attempt:B:replacement:1 then attempt:A:0 order 1ms
 ✓ |ordinary| packages/dalph/test/cassettes/authored-target-lineage.test.ts > rejects a wrong Base without consuming the exact attempt response 1ms
 ✓ |ordinary| packages/dalph/test/cassettes/authored-target-lineage.test.ts > keeps same-Base reads with different heads owned by their exact attempts 1ms
 ✓ |ordinary| packages/dalph/test/cassettes/authored-target-lineage.test.ts > reads the controlled baseline at the fixture Base when a replacement owns a different Base 1ms
 ✓ |ordinary| packages/dalph/test/cassettes/authored-target-lineage.test.ts > retains a fail-closed unreadable baseline when the pinned Git observation fails 1ms
 ✓ |ordinary| packages/dalph/test/cassettes/recorded-completion-lookup.test.ts > records exact completion-request lookup intent and outcomes 980ms
 ✓ |ordinary| packages/dalph/test/cassettes/pause-observation-chronology.test.ts > rejects a wrong declared earlier activation result before Alice consumes buffered Pause views 955ms
 ✓ |ordinary| packages/dalph/test/cassettes/pause-observation-chronology.test.ts > rejects an omitted final authored tracker response before Alice's expected Pause behavior 734ms
 ✓ |ordinary| packages/dalph/test/cassettes/authored-assertion-boundary.test.ts > projects reacquisition and non-exact executor evidence through the authored assertion boundary 6ms
 ✓ |ordinary| packages/dalph/test/cassettes/authored-runner-finality.test.ts > accepts RunMustRemainActive without asserting its diagnostic reason 628ms
 ✓ |ordinary| packages/dalph/test/cassettes/authored-runner-finality.test.ts > still requires RunMustRemainActive when an active return is reason-unasserted 261ms
 ✓ |ordinary| packages/dalph/test/cassettes/authored-runner-finality.test.ts > keeps exact diagnostic reasons exact for ordinary active-return assertions 767ms
 ✓ |ordinary| packages/dalph/test/cassettes/recorded-semantic-state.test.ts > reads exact accepted occurrence cardinality without materializing records or changing an earlier prefix 8ms
 ✓ |ordinary| packages/dalph/test/cassettes/authored-reactivation-hint-fifo.test.ts > authored Run reactivation hint FIFO > takes hints in offer order and releases every consumed persistent node 4ms
 ✓ |ordinary| packages/dalph/test/cassettes/authored-reactivation-hint-fifo.test.ts > authored Run reactivation hint FIFO > keeps every hint offered by concurrent cassette fibers 2ms
 ✓ |ordinary| packages/dalph/test/cassettes/delivery-capstone-owner-removal.test.ts > selects exact removal after the same owner's settled snapshot 1ms
 ✓ |ordinary| packages/dalph/test/cassettes/delivery-capstone-owner-removal.test.ts > does not mistake same-ID settled lifecycle for owner removal 0ms
 ✓ |ordinary| packages/dalph/test/cassettes/delivery-capstone-owner-removal.test.ts > fails closed when no removal capture exists 0ms
 ✓ |ordinary| packages/dalph/test/cassettes/delivery-capstone-owner-removal.test.ts > does not skip a foreign remaining owner to find a later empty capture 1ms
 ✓ |ordinary| packages/dalph/test/cassettes/delivery-capstone-owner-removal.test.ts > does not accept removal from a replacement activation 0ms
 ✓ |ordinary| packages/dalph/test/cassettes/maintained-catalog-0.execution.test.ts > runs maintained authored cassette activeWorkF2SafelySuspends through the composed production coordinator 637ms
 ✓ |ordinary| packages/dalph/test/cassettes/maintained-catalog-0.execution.test.ts > runs maintained authored cassette prePromotionBlockerClearAndSupersession through the composed production coordinator 330ms
 ✓ |ordinary| packages/dalph/test/cassettes/maintained-catalog-0.execution.test.ts > runs maintained authored cassette targetPromotionSuccess through the composed production coordinator 281ms
 ✓ |ordinary| packages/dalph/test/cassettes/maintained-catalog-0.execution.test.ts > runs maintained authored cassette targetPromotionStaleBeforeCompareAndSet through the composed production coordinator 262ms
 ✓ |ordinary| packages/dalph/test/cassettes/maintained-catalog-0.execution.test.ts > runs maintained authored cassette changedAttemptRestartClaimUnavailable through the composed production coordinator 189ms
 ✓ |ordinary| packages/dalph/test/cassettes/maintained-catalog-0.execution.test.ts > runs maintained authored cassette changedAttemptRestartCancelsHeldResume through the composed production coordinator 321ms
 ✓ |ordinary| packages/dalph/test/cassettes/maintained-catalog-0.execution.test.ts > runs maintained authored cassette changedAgainAttemptRequiresNewChoice through the composed production coordinator 312ms
 ✓ |ordinary| packages/dalph/test/cassettes/maintained-catalog-0.execution.test.ts > runs maintained authored cassette changedAttemptStopReleaseResponseLost through the composed production coordinator 338ms
 ✓ |ordinary| packages/dalph/test/cassettes/maintained-catalog-0.execution.test.ts > runs maintained authored cassette compatibleTargetAdvanceContinues through the composed production coordinator 190ms
 ✓ |ordinary| packages/dalph/test/cassettes/maintained-catalog-0.execution.test.ts > runs maintained authored cassette prerequisiteReopensDuringCompletion through the composed production coordinator 812ms
 ✓ |ordinary| packages/dalph/test/cassettes/maintained-catalog-0.execution.test.ts > runs maintained authored cassette deliveryFinalitySpine through the composed production coordinator 645ms
 ✓ |ordinary| packages/dalph/test/cassettes/maintained-catalog-0.execution.test.ts > runs maintained authored cassette runPauseObservationDisconnects through the composed production coordinator 82ms
 ✓ |ordinary| packages/dalph/test/cassettes/maintained-catalog-0.execution.test.ts > runs maintained authored cassette staleTaskPauseRejected through the composed production coordinator 26ms
 ✓ |ordinary| packages/dalph/test/cassettes/maintained-catalog-0.execution.test.ts > runs maintained authored cassette taskPauseGroupingFactsAdded through the composed production coordinator 471ms
 ✓ |ordinary| packages/dalph/test/cassettes/maintained-catalog-0.execution.test.ts > runs maintained authored cassette taskUnpauseAfterSafeSuspension through the composed production coordinator 188ms
 ✓ |ordinary| packages/dalph/test/cassettes/maintained-catalog-1.execution.test.ts > runs maintained authored cassette acceptedResultRestartsIntoIntegration through the composed production coordinator 404ms
 ✓ |ordinary| packages/dalph/test/cassettes/maintained-catalog-1.execution.test.ts > runs maintained authored cassette prePromotionBlockerClearAtCurrentHead through the composed production coordinator 423ms
 ✓ |ordinary| packages/dalph/test/cassettes/maintained-catalog-1.execution.test.ts > runs maintained authored cassette blockersAroundPromotion through the composed production coordinator 341ms
 ✓ |ordinary| packages/dalph/test/cassettes/maintained-catalog-1.execution.test.ts > runs maintained authored cassette targetPromotionLostResponseDiscoversCurrentCandidate through the composed production coordinator 409ms
 ✓ |ordinary| packages/dalph/test/cassettes/maintained-catalog-1.execution.test.ts > runs maintained authored cassette changedAttemptRestartFactsChanged through the composed production coordinator 280ms
 ✓ |ordinary| packages/dalph/test/cassettes/maintained-catalog-1.execution.test.ts > runs maintained authored cassette changedAttemptRestartsCleanly through the composed production coordinator 339ms
 ✓ |ordinary| packages/dalph/test/cassettes/maintained-catalog-1.execution.test.ts > runs maintained authored cassette changedAttemptStopCancelsHeldResume through the composed production coordinator 276ms
 ✓ |ordinary| packages/dalph/test/cassettes/maintained-catalog-1.execution.test.ts > runs maintained authored cassette changedAttemptStopsWithAbsentClaim through the composed production coordinator 175ms
 ✓ |ordinary| packages/dalph/test/cassettes/maintained-catalog-1.execution.test.ts > runs maintained authored cassette coordinatorProcessDeathContinues through the composed production coordinator 183ms
 ✓ |ordinary| packages/dalph/test/cassettes/maintained-catalog-1.execution.test.ts > runs maintained authored cassette completionGraphRefreshRecovery through the composed production coordinator 767ms
 ✓ |ordinary| packages/dalph/test/cassettes/maintained-catalog-1.execution.test.ts > runs maintained authored cassette incompatibleTargetRewriteSafelySuspends through the composed production coordinator 264ms
 ✓ |ordinary| packages/dalph/test/cassettes/maintained-catalog-1.execution.test.ts > runs maintained authored cassette runPauseSafelySuspends through the composed production coordinator 103ms
 ✓ |ordinary| packages/dalph/test/cassettes/maintained-catalog-1.execution.test.ts > runs maintained authored cassette unreadableTaskUnpauseRejected through the composed production coordinator 27ms
 ✓ |ordinary| packages/dalph/test/cassettes/maintained-catalog-1.execution.test.ts > runs maintained authored cassette taskPauseExecutorAndPromotionBoundaries through the composed production coordinator 739ms
 ✓ |ordinary| packages/dalph/test/cassettes/maintained-catalog-1.execution.test.ts > runs maintained authored cassette taskUnpauseDuringSuspensionRestarts through the composed production coordinator 191ms
 ✓ |ordinary| packages/dalph/test/cassettes/maintained-catalog-2.execution.test.ts > runs maintained authored cassette postIntegrationAttemptChoiceRejected through the composed production coordinator 374ms
 ✓ |ordinary| packages/dalph/test/cassettes/maintained-catalog-2.execution.test.ts > runs maintained authored cassette prePromotionBlockerRecovery through the composed production coordinator 388ms
 ✓ |ordinary| packages/dalph/test/cassettes/maintained-catalog-2.execution.test.ts > runs maintained authored cassette postPromotionBlockerRecovery through the composed production coordinator 523ms
 ✓ |ordinary| packages/dalph/test/cassettes/maintained-catalog-2.execution.test.ts > runs maintained authored cassette changedAttemptContinues through the composed production coordinator 281ms
 ✓ |ordinary| packages/dalph/test/cassettes/maintained-catalog-2.execution.test.ts > runs maintained authored cassette changedAttemptRestartCancelsHeldResumeBeforeChangedFacts through the composed production coordinator 272ms
 ✓ |ordinary| packages/dalph/test/cassettes/maintained-catalog-2.execution.test.ts > runs maintained authored cassette changedAttemptRestartWorktreeNotReady through the composed production coordinator 233ms
 ✓ |ordinary| packages/dalph/test/cassettes/maintained-catalog-2.execution.test.ts > runs maintained authored cassette changedAttemptStopCancelsHeldResumeWithForeignClaim through the composed production coordinator 269ms
 ✓ |ordinary| packages/dalph/test/cassettes/maintained-catalog-2.execution.test.ts > runs maintained authored cassette changedAttemptStopsWithForeignClaim through the composed production coordinator 194ms
 ✓ |ordinary| packages/dalph/test/cassettes/maintained-catalog-2.execution.test.ts > runs maintained authored cassette contractedCapacityRetainsTwoAttempts through the composed production coordinator 373ms
 ✓ |ordinary| packages/dalph/test/cassettes/maintained-catalog-2.execution.test.ts > runs maintained authored cassette completionTaskConflict through the composed production coordinator 543ms
 ✓ |ordinary| packages/dalph/test/cassettes/maintained-catalog-2.execution.test.ts > runs maintained authored cassette lostPlannedWorktreeSafelySuspends through the composed production coordinator 225ms
 ✓ |ordinary| packages/dalph/test/cassettes/maintained-catalog-2.execution.test.ts > runs maintained authored cassette runUnpauseAfterSafeSuspension through the composed production coordinator 161ms
 ✓ |ordinary| packages/dalph/test/cassettes/maintained-catalog-2.execution.test.ts > runs maintained authored cassette taskPauseCoversGroupingChild through the composed production coordinator 256ms
 ✓ |ordinary| packages/dalph/test/cassettes/maintained-catalog-2.execution.test.ts > runs maintained authored cassette taskPauseFinishesHeldIntegration through the composed production coordinator 244ms
 ✓ |ordinary| packages/dalph/test/cassettes/maintained-catalog-2.execution.test.ts > runs maintained authored cassette singletonTaskCompletes through the composed production coordinator 92ms
 ✓ |ordinary| packages/dalph/test/cassettes/maintained-catalog-3.execution.test.ts > runs maintained authored cassette prePromotionBlocker through the composed production coordinator 488ms
 ✓ |ordinary| packages/dalph/test/cassettes/maintained-catalog-3.execution.test.ts > runs maintained authored cassette prePromotionBlockerUnreadableReadRecovery through the composed production coordinator 420ms
 ✓ |ordinary| packages/dalph/test/cassettes/maintained-catalog-3.execution.test.ts > runs maintained authored cassette targetPromotionAmbiguityExhaustion through the composed production coordinator 351ms
 ✓ |ordinary| packages/dalph/test/cassettes/maintained-catalog-3.execution.test.ts > runs maintained authored cassette changedAttemptRestartAfterSupersessionCrash through the composed production coordinator 267ms
 ✓ |ordinary| packages/dalph/test/cassettes/maintained-catalog-3.execution.test.ts > runs maintained authored cassette changedAttemptRestartPastIntegrationRejected through the composed production coordinator 161ms
 ✓ |ordinary| packages/dalph/test/cassettes/maintained-catalog-3.execution.test.ts > runs maintained authored cassette changedAttemptChoiceRace through the composed production coordinator 244ms
 ✓ |ordinary| packages/dalph/test/cassettes/maintained-catalog-3.execution.test.ts > runs maintained authored cassette changedAttemptStopsAndReleases through the composed production coordinator 183ms
 ✓ |ordinary| packages/dalph/test/cassettes/maintained-catalog-3.execution.test.ts > runs maintained authored cassette changedAttemptReacquisitionForeignConflict through the composed production coordinator 220ms
 ✓ |ordinary| packages/dalph/test/cassettes/maintained-catalog-3.execution.test.ts > runs maintained authored cassette ambiguousCompletionResponse through the composed production coordinator 668ms
 ✓ |ordinary| packages/dalph/test/cassettes/maintained-catalog-3.execution.test.ts > runs maintained authored cassette currentCompletionGraphAuthority through the composed production coordinator 571ms
 ✓ |ordinary| packages/dalph/test/cassettes/maintained-catalog-3.execution.test.ts > runs maintained authored cassette runPauseRestartsPassively through the composed production coordinator 104ms
 ✓ |ordinary| packages/dalph/test/cassettes/maintained-catalog-3.execution.test.ts > runs maintained authored cassette runUnpauseDuringSuspensionRestarts through the composed production coordinator 188ms
 ✓ |ordinary| packages/dalph/test/cassettes/maintained-catalog-3.execution.test.ts > runs maintained authored cassette taskPauseObservationUnpaused through the composed production coordinator 406ms
 ✓ |ordinary| packages/dalph/test/cassettes/maintained-catalog-3.execution.test.ts > runs maintained authored cassette taskPauseLetsIndependentTaskContinue through the composed production coordinator 217ms
 ✓ |ordinary-serial| packages/dalph/test/cassettes/distinct-finality.test.ts > settles B through G through distinct Integrator qualification promotion focused success and exact claim deletion paths 4253ms
 ✓ |ordinary-serial| packages/dalph/test/cassettes/distinct-finality.test.ts > recovers D after AcceptedResult without duplicating delivery effects 1758ms
 ✓ |ordinary-serial| packages/dalph/test/cassettes/distinct-finality.test.ts > recovers D after IntegratorResult without duplicating delivery effects 2013ms
 ✓ |ordinary-serial| packages/dalph/test/cassettes/distinct-finality.test.ts > recovers D after PromotionIntent without duplicating delivery effects 1906ms
 ✓ |ordinary-serial| packages/dalph/test/cassettes/distinct-finality.test.ts > recovers D after Promotion without duplicating delivery effects 1897ms
 ✓ |ordinary-serial| packages/dalph/test/cassettes/distinct-finality.test.ts > recovers D after CompletionRequest without duplicating delivery effects 1727ms
 ✓ |ordinary-serial| packages/dalph/test/cassettes/distinct-finality.test.ts > recovers D after CompletionAcknowledgement without duplicating delivery effects 1968ms
 ✓ |ordinary-serial| packages/dalph/test/cassettes/distinct-finality.test.ts > recovers D after ClaimDeletionIntent without duplicating delivery effects 1958ms
 ✓ |ordinary-serial| packages/dalph/test/cassettes/distinct-finality.test.ts > recovers D after ClaimDeletion without duplicating delivery effects 2013ms
 ✓ |ordinary-serial| packages/dalph/test/cassettes/distinct-finality.test.ts > waits for focused success and exact claim absence before settling B 1723ms
 ✓ |ordinary-serial| packages/dalph/test/cassettes/normal-termination.test.ts > settles seven tasks, refreshes Gfinal after a crash, and recovers lost termination acknowledgement 5855ms
 ✓ |ordinary-serial| packages/dalph/test/cassettes/maintained-observations.test.ts > preserves maintained authored moments after fresh-claim integration progress in dependentTasksCompleteInOneRun 1631ms

⎯⎯⎯⎯⎯⎯⎯ Failed Tests 3 ⎯⎯⎯⎯⎯⎯⎯

 FAIL  |ordinary| packages/dalph/test/cassettes/capstone.execution.test.ts > maintained delivery capstone proves the #413 publication and integration interval through DS17
{
  _tag: 'IntegratorCandidateCleanupEvidenceReadFailure',
  detail: 'provider-private evidence revision could not be read for the exact candidate subject',
  message: '',
  stack: 'IntegratorCandidateCleanupEvidenceReadFailure: \n' +
    '    at /workspace/dalph-dogfood/issue-491-20261009/task-worktrees/part-run-398-72312e65794a6d636d567a6147356c63334d694f6949774d5745784d6a4a684e4330354d4751334c546333595449744f5451784e5330334d474d3059/part-3251794f5468694f4749694c434a3059584a6e5a5851694f6e7369583352685a794936496b647064476831596b6c7a6333566c4969776961584e7a6457564f64/part-5731695a5849694f6a51354d537769623364755a5849694f694a6b5a574679624739795a486c7362334a6b49697769636d567762334e70644739796553493649/part-6d52686248426f496e3139-task-122-74312e57794a535832746e52453955597a4266535645694c434a4a5832743352453955597a426653574d345155464251/part-554a585455566a4e4763695851-attempt-0/_leaf/packages/orchestrator/src/workflow/protocols/disposition-cleanup/loop.ts:522:19\n' +
    '    at file:///workspace/dalph-dogfood/issue-491-20261009/task-worktrees/part-run-398-72312e65794a6d636d567a6147356c63334d694f6949774d5745784d6a4a684e4330354d4751334c546333595449744f5451784e5330334d474d3059/part-3251794f5468694f4749694c434a3059584a6e5a5851694f6e7369583352685a794936496b647064476831596b6c7a6333566c4969776961584e7a6457564f64/part-5731695a5849694f6a51354d537769623364755a5849694f694a6b5a574679624739795a486c7362334a6b49697769636d567762334e70644739796553493649/part-6d52686248426f496e3139-task-122-74312e57794a535832746e52453955597a4266535645694c434a4a5832743352453955597a426653574d345155464251/part-554a585455566a4e4763695851-attempt-0/_leaf/node_modules/.pnpm/effect@4.0.0-beta.106/node_modules/effect/dist/internal/effect.js:1383:96\n' +
    '    at ~effect/Utils/internal (file:///workspace/dalph-dogfood/issue-491-20261009/task-worktrees/part-run-398-72312e65794a6d636d567a6147356c63334d694f6949774d5745784d6a4a684e4330354d4751334c546333595449744f5451784e5330334d474d3059/part-3251794f5468694f4749694c434a3059584a6e5a5851694f6e7369583352685a794936496b647064476831596b6c7a6333566c4969776961584e7a6457564f64/part-5731695a5849694f6a51354d537769623364755a5849694f694a6b5a574679624739795a486c7362334a6b49697769636d567762334e70644739796553493649/part-6d52686248426f496e3139-task-122-74312e57794a535832746e52453955597a4266535645694c434a4a5832743352453955597a426653574d345155464251/part-554a585455566a4e4763695851-attempt-0/_leaf/node_modules/.pnpm/effect@4.0.0-beta.106/node_modules/effect/dist/Utils.js:79:14)\n' +
    '    at Object.~effect/Effect/args (file:///workspace/dalph-dogfood/issue-491-20261009/task-worktrees/part-run-398-72312e65794a6d636d567a6147356c63334d694f6949774d5745784d6a4a684e4330354d4751334c546333595449744f5451784e5330334d474d3059/part-3251794f5468694f4749694c434a3059584a6e5a5851694f6e7369583352685a794936496b647064476831596b6c7a6333566c4969776961584e7a6457564f64/part-5731695a5849694f6a51354d537769623364755a5849694f694a6b5a574679624739795a486c7362334a6b49697769636d567762334e70644739796553493649/part-6d52686248426f496e3139-task-122-74312e57794a535832746e52453955597a4266535645694c434a4a5832743352453955597a426653574d345155464251/part-554a585455566a4e4763695851-attempt-0/_leaf/node_modules/.pnpm/effect@4.0.0-beta.106/node_modules/effect/dist/internal/effect.js:720:53)\n' +
    '    at Object.~effect/Effect/evaluate (file:///workspace/dalph-dogfood/issue-491-20261009/task-worktrees/part-run-398-72312e65794a6d636d567a6147356c63334d694f6949774d5745784d6a4a684e4330354d4751334c546333595449744f5451784e5330334d474d3059/part-3251794f5468694f4749694c434a3059584a6e5a5851694f6e7369583352685a794936496b647064476831596b6c7a6333566c4969776961584e7a6457564f64/part-5731695a5849694f6a51354d537769623364755a5849694f694a6b5a574679624739795a486c7362334a6b49697769636d567762334e70644739796553493649/part-6d52686248426f496e3139-task-122-74312e57794a535832746e52453955597a4266535645694c434a4a5832743352453955597a426653574d345155464251/part-554a585455566a4e4763695851-attempt-0/_leaf/node_modules/.pnpm/effect@4.0.0-beta.106/node_modules/effect/dist/internal/effect.js:681:22)\n' +
    '    at FiberImpl.runLoop (file:///workspace/dalph-dogfood/issue-491-20261009/task-worktrees/part-run-398-72312e65794a6d636d567a6147356c63334d694f6949774d5745784d6a4a684e4330354d4751334c546333595449744f5451784e5330334d474d3059/part-3251794f5468694f4749694c434a3059584a6e5a5851694f6e7369583352685a794936496b647064476831596b6c7a6333566c4969776961584e7a6457564f64/part-5731695a5849694f6a51354d537769623364755a5849694f694a6b5a574679624739795a486c7362334a6b49697769636d567762334e70644739796553493649/part-6d52686248426f496e3139-task-122-74312e57794a535832746e52453955597a4266535645694c434a4a5832743352453955597a426653574d345155464251/part-554a585455566a4e4763695851-attempt-0/_leaf/node_modules/.pnpm/effect@4.0.0-beta.106/node_modules/effect/dist/internal/effect.js:461:107)\n' +
    '    at FiberImpl.evaluate (file:///workspace/dalph-dogfood/issue-491-20261009/task-worktrees/part-run-398-72312e65794a6d636d567a6147356c63334d694f6949774d5745784d6a4a684e4330354d4751334c546333595449744f5451784e5330334d474d3059/part-3251794f5468694f4749694c434a3059584a6e5a5851694f6e7369583352685a794936496b647064476831596b6c7a6333566c4969776961584e7a6457564f64/part-5731695a5849694f6a51354d537769623364755a5849694f694a6b5a574679624739795a486c7362334a6b49697769636d567762334e70644739796553493649/part-6d52686248426f496e3139-task-122-74312e57794a535832746e52453955597a4266535645694c434a4a5832743352453955597a426653574d345155464251/part-554a585455566a4e4763695851-attempt-0/_leaf/node_modules/.pnpm/effect@4.0.0-beta.106/node_modules/effect/dist/internal/effect.js:421:23)\n' +
    '    at file:///workspace/dalph-dogfood/issue-491-20261009/task-worktrees/part-run-398-72312e65794a6d636d567a6147356c63334d694f6949774d5745784d6a4a684e4330354d4751334c546333595449744f5451784e5330334d474d3059/part-3251794f5468694f4749694c434a3059584a6e5a5851694f6e7369583352685a794936496b647064476831596b6c7a6333566c4969776961584e7a6457564f64/part-5731695a5849694f6a51354d537769623364755a5849694f694a6b5a574679624739795a486c7362334a6b49697769636d567762334e70644739796553493649/part-6d52686248426f496e3139-task-122-74312e57794a535832746e52453955597a4266535645694c434a4a5832743352453955597a426653574d345155464251/part-554a585455566a4e4763695851-attempt-0/_leaf/node_modules/.pnpm/effect@4.0.0-beta.106/node_modules/effect/dist/internal/effect.js:780:15\n' +
    '    at releaseTakers (file:///workspace/dalph-dogfood/issue-491-20261009/task-worktrees/part-run-398-72312e65794a6d636d567a6147356c63334d694f6949774d5745784d6a4a684e4330354d4751334c546333595449744f5451784e5330334d474d3059/part-3251794f5468694f4749694c434a3059584a6e5a5851694f6e7369583352685a794936496b647064476831596b6c7a6333566c4969776961584e7a6457564f64/part-5731695a5849694f6a51354d537769623364755a5849694f694a6b5a574679624739795a486c7362334a6b49697769636d567762334e70644739796553493649/part-6d52686248426f496e3139-task-122-74312e57794a535832746e52453955597a4266535645694c434a4a5832743352453955597a426653574d345155464251/part-554a585455566a4e4763695851-attempt-0/_leaf/node_modules/.pnpm/effect@4.0.0-beta.106/node_modules/effect/dist/Queue.js:1481:5)\n' +
    '    at Array.<anonymous> (file:///workspace/dalph-dogfood/issue-491-20261009/task-worktrees/part-run-398-72312e65794a6d636d567a6147356c63334d694f6949774d5745784d6a4a684e4330354d4751334c546333595449744f5451784e5330334d474d3059/part-3251794f5468694f4749694c434a3059584a6e5a5851694f6e7369583352685a794936496b647064476831596b6c7a6333566c4969776961584e7a6457564f64/part-5731695a5849694f6a51354d537769623364755a5849694f694a6b5a574679624739795a486c7362334a6b49697769636d567762334e70644739796553493649/part-6d52686248426f496e3139-task-122-74312e57794a535832746e52453955597a4266535645694c434a4a5832743352453955597a426653574d345155464251/part-554a585455566a4e4763695851-attempt-0/_leaf/node_modules/.pnpm/effect@4.0.0-beta.106/node_modules/effect/dist/Queue.js:1492:38)',
  name: 'IntegratorCandidateCleanupEvidenceReadFailure',
  stacks: [
    {
      method: '',
      file: '/workspace/dalph-dogfood/issue-491-20261009/task-worktrees/part-run-398-72312e65794a6d636d567a6147356c63334d694f6949774d5745784d6a4a684e4330354d4751334c546333595449744f5451784e5330334d474d3059/part-3251794f5468694f4749694c434a3059584a6e5a5851694f6e7369583352685a794936496b647064476831596b6c7a6333566c4969776961584e7a6457564f64/part-5731695a5849694f6a51354d537769623364755a5849694f694a6b5a574679624739795a486c7362334a6b49697769636d567762334e70644739796553493649/part-6d52686248426f496e3139-task-122-74312e57794a535832746e52453955597a4266535645694c434a4a5832743352453955597a426653574d345155464251/part-554a585455566a4e4763695851-attempt-0/_leaf/packages/orchestrator/src/workflow/protocols/disposition-cleanup/loop.ts',
      line: 522,
      column: 19
    },
    {
      line: 3266,
      column: 72,
      file: '/workspace/dalph-dogfood/issue-491-20261009/task-worktrees/part-run-398-72312e65794a6d636d567a6147356c63334d694f6949774d5745784d6a4a684e4330354d4751334c546333595449744f5451784e5330334d474d3059/part-3251794f5468694f4749694c434a3059584a6e5a5851694f6e7369583352685a794936496b647064476831596b6c7a6333566c4969776961584e7a6457564f64/part-5731695a5849694f6a51354d537769623364755a5849694f694a6b5a574679624739795a486c7362334a6b49697769636d567762334e70644739796553493649/part-6d52686248426f496e3139-task-122-74312e57794a535832746e52453955597a4266535645694c434a4a5832743352453955597a426653574d345155464251/part-554a585455566a4e4763695851-attempt-0/_leaf/node_modules/.pnpm/effect@4.0.0-beta.106/node_modules/effect/src/internal/effect.ts',
      method: ''
    },
    {
      line: 208,
      column: 13,
      file: '/workspace/dalph-dogfood/issue-491-20261009/task-worktrees/part-run-398-72312e65794a6d636d567a6147356c63334d694f6949774d5745784d6a4a684e4330354d4751334c546333595449744f5451784e5330334d474d3059/part-3251794f5468694f4749694c434a3059584a6e5a5851694f6e7369583352685a794936496b647064476831596b6c7a6333566c4969776961584e7a6457564f64/part-5731695a5849694f6a51354d537769623364755a5849694f694a6b5a574679624739795a486c7362334a6b49697769636d567762334e70644739796553493649/part-6d52686248426f496e3139-task-122-74312e57794a535832746e52453955597a4266535645694c434a4a5832743352453955597a426653574d345155464251/part-554a585455566a4e4763695851-attempt-0/_leaf/node_modules/.pnpm/effect@4.0.0-beta.106/node_modules/effect/src/Utils.ts',
      method: '~effect/Utils/internal'
    },
    {
      line: 1011,
      column: 94,
      file: '/workspace/dalph-dogfood/issue-491-20261009/task-worktrees/part-run-398-72312e65794a6d636d567a6147356c63334d694f6949774d5745784d6a4a684e4330354d4751334c546333595449744f5451784e5330334d474d3059/part-3251794f5468694f4749694c434a3059584a6e5a5851694f6e7369583352685a794936496b647064476831596b6c7a6333566c4969776961584e7a6457564f64/part-5731695a5849694f6a51354d537769623364755a5849694f694a6b5a574679624739795a486c7362334a6b49697769636d567762334e70644739796553493649/part-6d52686248426f496e3139-task-122-74312e57794a535832746e52453955597a4266535645694c434a4a5832743352453955597a426653574d345155464251/part-554a585455566a4e4763695851-attempt-0/_leaf/node_modules/.pnpm/effect@4.0.0-beta.106/node_modules/effect/src/internal/effect.ts',
      method: 'Object.~effect/Effect/args'
    },
    {
      line: 943,
      column: 21,
      file: '/workspace/dalph-dogfood/issue-491-20261009/task-worktrees/part-run-398-72312e65794a6d636d567a6147356c63334d694f6949774d5745784d6a4a684e4330354d4751334c546333595449744f5451784e5330334d474d3059/part-3251794f5468694f4749694c434a3059584a6e5a5851694f6e7369583352685a794936496b647064476831596b6c7a6333566c4969776961584e7a6457564f64/part-5731695a5849694f6a51354d537769623364755a5849694f694a6b5a574679624739795a486c7362334a6b49697769636d567762334e70644739796553493649/part-6d52686248426f496e3139-task-122-74312e57794a535832746e52453955597a4266535645694c434a4a5832743352453955597a426653574d345155464251/part-554a585455566a4e4763695851-attempt-0/_leaf/node_modules/.pnpm/effect@4.0.0-beta.106/node_modules/effect/src/internal/effect.ts',
      method: 'Object.~effect/Effect/evaluate'
    },
    {
      line: 654,
      column: 39,
      file: '/workspace/dalph-dogfood/issue-491-20261009/task-worktrees/part-run-398-72312e65794a6d636d567a6147356c63334d694f6949774d5745784d6a4a684e4330354d4751334c546333595449744f5451784e5330334d474d3059/part-3251794f5468694f4749694c434a3059584a6e5a5851694f6e7369583352685a794936496b647064476831596b6c7a6333566c4969776961584e7a6457564f64/part-5731695a5849694f6a51354d537769623364755a5849694f694a6b5a574679624739795a486c7362334a6b49697769636d567762334e70644739796553493649/part-6d52686248426f496e3139-task-122-74312e57794a535832746e52453955597a4266535645694c434a4a5832743352453955597a426653574d345155464251/part-554a585455566a4e4763695851-attempt-0/_leaf/node_modules/.pnpm/effect@4.0.0-beta.106/node_modules/effect/src/internal/effect.ts',
      method: 'FiberImpl.runLoop'
    },
    {
      line: 606,
      column: 22,
      file: '/workspace/dalph-dogfood/issue-491-20261009/task-worktrees/part-run-398-72312e65794a6d636d567a6147356c63334d694f6949774d5745784d6a4a684e4330354d4751334c546333595449744f5451784e5330334d474d3059/part-3251794f5468694f4749694c434a3059584a6e5a5851694f6e7369583352685a794936496b647064476831596b6c7a6333566c4969776961584e7a6457564f64/part-5731695a5849694f6a51354d537769623364755a5849694f694a6b5a574679624739795a486c7362334a6b49697769636d567762334e70644739796553493649/part-6d52686248426f496e3139-task-122-74312e57794a535832746e52453955597a4266535645694c434a4a5832743352453955597a426653574d345155464251/part-554a585455566a4e4763695851-attempt-0/_leaf/node_modules/.pnpm/effect@4.0.0-beta.106/node_modules/effect/src/internal/effect.ts',
      method: 'FiberImpl.evaluate'
    },
    {
      line: 1111,
      column: 14,
      file: '/workspace/dalph-dogfood/issue-491-20261009/task-worktrees/part-run-398-72312e65794a6d636d567a6147356c63334d694f6949774d5745784d6a4a684e4330354d4751334c546333595449744f5451784e5330334d474d3059/part-3251794f5468694f4749694c434a3059584a6e5a5851694f6e7369583352685a794936496b647064476831596b6c7a6333566c4969776961584e7a6457564f64/part-5731695a5849694f6a51354d537769623364755a5849694f694a6b5a574679624739795a486c7362334a6b49697769636d567762334e70644739796553493649/part-6d52686248426f496e3139-task-122-74312e57794a535832746e52453955597a4266535645694c434a4a5832743352453955597a426653574d345155464251/part-554a585455566a4e4763695851-attempt-0/_leaf/node_modules/.pnpm/effect@4.0.0-beta.106/node_modules/effect/src/internal/effect.ts',
      method: ''
    },
    {
      line: 1964,
      column: 4,
      file: '/workspace/dalph-dogfood/issue-491-20261009/task-worktrees/part-run-398-72312e65794a6d636d567a6147356c63334d694f6949774d5745784d6a4a684e4330354d4751334c546333595449744f5451784e5330334d474d3059/part-3251794f5468694f4749694c434a3059584a6e5a5851694f6e7369583352685a794936496b647064476831596b6c7a6333566c4969776961584e7a6457564f64/part-5731695a5849694f6a51354d537769623364755a5849694f694a6b5a574679624739795a486c7362334a6b49697769636d567762334e70644739796553493649/part-6d52686248426f496e3139-task-122-74312e57794a535832746e52453955597a4266535645694c434a4a5832743352453955597a426653574d345155464251/part-554a585455566a4e4763695851-attempt-0/_leaf/node_modules/.pnpm/effect@4.0.0-beta.106/node_modules/effect/src/Queue.ts',
      method: 'releaseTakers'
    },
    {
      line: 1976,
      column: 37,
      file: '/workspace/dalph-dogfood/issue-491-20261009/task-worktrees/part-run-398-72312e65794a6d636d567a6147356c63334d694f6949774d5745784d6a4a684e4330354d4751334c546333595449744f5451784e5330334d474d3059/part-3251794f5468694f4749694c434a3059584a6e5a5851694f6e7369583352685a794936496b647064476831596b6c7a6333566c4969776961584e7a6457564f64/part-5731695a5849694f6a51354d537769623364755a5849694f694a6b5a574679624739795a486c7362334a6b49697769636d567762334e70644739796553493649/part-6d52686248426f496e3139-task-122-74312e57794a535832746e52453955597a4266535645694c434a4a5832743352453955597a426653574d345155464251/part-554a585455566a4e4763695851-attempt-0/_leaf/node_modules/.pnpm/effect@4.0.0-beta.106/node_modules/effect/src/Queue.ts',
      method: 'Array.<anonymous>'
    }
  ]
}
 ❯ packages/orchestrator/src/workflow/protocols/disposition-cleanup/loop.ts:522:19
    520|               Effect.mapError(
    521|                 () =>
    522|                   new IntegratorCandidateCleanupEvidenceReadFailure({
       |                   ^
    523|                     detail: "provider-private evidence revision could …
    524|                   })
 ❯ node_modules/.pnpm/effect@4.0.0-beta.106/node_modules/effect/src/internal/effect.ts:3266:72
 ❯ ~effect/Utils/internal node_modules/.pnpm/effect@4.0.0-beta.106/node_modules/effect/src/Utils.ts:208:13
 ❯ Object.~effect/Effect/args node_modules/.pnpm/effect@4.0.0-beta.106/node_modules/effect/src/internal/effect.ts:1011:94
 ❯ Object.~effect/Effect/evaluate node_modules/.pnpm/effect@4.0.0-beta.106/node_modules/effect/src/internal/effect.ts:943:21
 ❯ FiberImpl.runLoop node_modules/.pnpm/effect@4.0.0-beta.106/node_modules/effect/src/internal/effect.ts:654:39
 ❯ FiberImpl.evaluate node_modules/.pnpm/effect@4.0.0-beta.106/node_modules/effect/src/internal/effect.ts:606:22
 ❯ node_modules/.pnpm/effect@4.0.0-beta.106/node_modules/effect/src/internal/effect.ts:1111:14
 ❯ releaseTakers node_modules/.pnpm/effect@4.0.0-beta.106/node_modules/effect/src/Queue.ts:1964:4
 ❯ Array.<anonymous> node_modules/.pnpm/effect@4.0.0-beta.106/node_modules/effect/src/Queue.ts:1976:37

⎯⎯⎯⎯⎯⎯⎯⎯⎯⎯⎯⎯⎯⎯⎯⎯⎯⎯⎯⎯⎯⎯⎯⎯⎯⎯⎯⎯⎯⎯
Serialized Error: { _tag: 'IntegratorCandidateCleanupEvidenceReadFailure', detail: 'provider-private evidence revision could not be read for the exact candidate subject' }
⎯⎯⎯⎯⎯⎯⎯⎯⎯⎯⎯⎯⎯⎯⎯⎯⎯⎯⎯⎯⎯⎯⎯⎯[1/3]⎯

 FAIL  |ordinary| packages/dalph/test/cassettes/run-cancellation.test.ts > cancels after admitted integration settles without rollback or replacement
 FAIL  |ordinary| packages/dalph/test/cassettes/scenario.test.ts > alpha-renames every Dalph-generated identity and preserves tracker revisions, task revisions, and Git SHAs
{
  _tag: 'AuthoredCassetteInteractionMismatch',
  actual: 'CoordinatorActivationReturned',
  expected: 'OperatorAppliesRunCancellation',
  storyPosition: 49,
  diff: 'Expected: "OperatorAppliesRunCancellation"\n' +
    'Received: "CoordinatorActivationReturned"',
  message: '',
  stack: 'AuthoredCassetteInteractionMismatch: \n' +
    '    at Array.<anonymous> (/workspace/dalph-dogfood/issue-491-20261009/task-worktrees/part-run-398-72312e65794a6d636d567a6147356c63334d694f6949774d5745784d6a4a684e4330354d4751334c546333595449744f5451784e5330334d474d3059/part-3251794f5468694f4749694c434a3059584a6e5a5851694f6e7369583352685a794936496b647064476831596b6c7a6333566c4969776961584e7a6457564f64/part-5731695a5849694f6a51354d537769623364755a5849694f694a6b5a574679624739795a486c7362334a6b49697769636d567762334e70644739796553493649/part-6d52686248426f496e3139-task-122-74312e57794a535832746e52453955597a4266535645694c434a4a5832743352453955597a426653574d345155464251/part-554a585455566a4e4763695851-attempt-0/_leaf/packages/dalph/src/cassettes/authored-cursor.ts:1295:23)\n' +
    '    at Generator.next (<anonymous>)\n' +
    '    at Object.~effect/Effect/successCont (file:///workspace/dalph-dogfood/issue-491-20261009/task-worktrees/part-run-398-72312e65794a6d636d567a6147356c63334d694f6949774d5745784d6a4a684e4330354d4751334c546333595449744f5451784e5330334d474d3059/part-3251794f5468694f4749694c434a3059584a6e5a5851694f6e7369583352685a794936496b647064476831596b6c7a6333566c4969776961584e7a6457564f64/part-5731695a5849694f6a51354d537769623364755a5849694f694a6b5a574679624739795a486c7362334a6b49697769636d567762334e70644739796553493649/part-6d52686248426f496e3139-task-122-74312e57794a535832746e52453955597a4266535645694c434a4a5832743352453955597a426653574d345155464251/part-554a585455566a4e4763695851-attempt-0/_leaf/node_modules/.pnpm/effect@4.0.0-beta.106/node_modules/effect/dist/internal/effect.js:927:26)\n' +
    '    at Object.~effect/Effect/evaluate (file:///workspace/dalph-dogfood/issue-491-20261009/task-worktrees/part-run-398-72312e65794a6d636d567a6147356c63334d694f6949774d5745784d6a4a684e4330354d4751334c546333595449744f5451784e5330334d474d3059/part-3251794f5468694f4749694c434a3059584a6e5a5851694f6e7369583352685a794936496b647064476831596b6c7a6333566c4969776961584e7a6457564f64/part-5731695a5849694f6a51354d537769623364755a5849694f694a6b5a574679624739795a486c7362334a6b49697769636d567762334e70644739796553493649/part-6d52686248426f496e3139-task-122-74312e57794a535832746e52453955597a4266535645694c434a4a5832743352453955597a426653574d345155464251/part-554a585455566a4e4763695851-attempt-0/_leaf/node_modules/.pnpm/effect@4.0.0-beta.106/node_modules/effect/dist/internal/core.js:297:30)\n' +
    '    at FiberImpl.runLoop (file:///workspace/dalph-dogfood/issue-491-20261009/task-worktrees/part-run-398-72312e65794a6d636d567a6147356c63334d694f6949774d5745784d6a4a684e4330354d4751334c546333595449744f5451784e5330334d474d3059/part-3251794f5468694f4749694c434a3059584a6e5a5851694f6e7369583352685a794936496b647064476831596b6c7a6333566c4969776961584e7a6457564f64/part-5731695a5849694f6a51354d537769623364755a5849694f694a6b5a574679624739795a486c7362334a6b49697769636d567762334e70644739796553493649/part-6d52686248426f496e3139-task-122-74312e57794a535832746e52453955597a4266535645694c434a4a5832743352453955597a426653574d345155464251/part-554a585455566a4e4763695851-attempt-0/_leaf/node_modules/.pnpm/effect@4.0.0-beta.106/node_modules/effect/dist/internal/effect.js:461:107)\n' +
    '    at FiberImpl.evaluate (file:///workspace/dalph-dogfood/issue-491-20261009/task-worktrees/part-run-398-72312e65794a6d636d567a6147356c63334d694f6949774d5745784d6a4a684e4330354d4751334c546333595449744f5451784e5330334d474d3059/part-3251794f5468694f4749694c434a3059584a6e5a5851694f6e7369583352685a794936496b647064476831596b6c7a6333566c4969776961584e7a6457564f64/part-5731695a5849694f6a51354d537769623364755a5849694f694a6b5a574679624739795a486c7362334a6b49697769636d567762334e70644739796553493649/part-6d52686248426f496e3139-task-122-74312e57794a535832746e52453955597a4266535645694c434a4a5832743352453955597a426653574d345155464251/part-554a585455566a4e4763695851-attempt-0/_leaf/node_modules/.pnpm/effect@4.0.0-beta.106/node_modules/effect/dist/internal/effect.js:421:23)\n' +
    '    at file:///workspace/dalph-dogfood/issue-491-20261009/task-worktrees/part-run-398-72312e65794a6d636d567a6147356c63334d694f6949774d5745784d6a4a684e4330354d4751334c546333595449744f5451784e5330334d474d3059/part-3251794f5468694f4749694c434a3059584a6e5a5851694f6e7369583352685a794936496b647064476831596b6c7a6333566c4969776961584e7a6457564f64/part-5731695a5849694f6a51354d537769623364755a5849694f694a6b5a574679624739795a486c7362334a6b49697769636d567762334e70644739796553493649/part-6d52686248426f496e3139-task-122-74312e57794a535832746e52453955597a4266535645694c434a4a5832743352453955597a426653574d345155464251/part-554a585455566a4e4763695851-attempt-0/_leaf/node_modules/.pnpm/effect@4.0.0-beta.106/node_modules/effect/dist/internal/effect.js:780:15\n' +
    '    at Array.<anonymous> (file:///workspace/dalph-dogfood/issue-491-20261009/task-worktrees/part-run-398-72312e65794a6d636d567a6147356c63334d694f6949774d5745784d6a4a684e4330354d4751334c546333595449744f5451784e5330334d474d3059/part-3251794f5468694f4749694c434a3059584a6e5a5851694f6e7369583352685a794936496b647064476831596b6c7a6333566c4969776961584e7a6457564f64/part-5731695a5849694f6a51354d537769623364755a5849694f694a6b5a574679624739795a486c7362334a6b49697769636d567762334e70644739796553493649/part-6d52686248426f496e3139-task-122-74312e57794a535832746e52453955597a4266535645694c434a4a5832743352453955597a426653574d345155464251/part-554a585455566a4e4763695851-attempt-0/_leaf/node_modules/.pnpm/effect@4.0.0-beta.106/node_modules/effect/dist/internal/effect.js:569:42)\n' +
    '    at FiberImpl.evaluate (file:///workspace/dalph-dogfood/issue-491-20261009/task-worktrees/part-run-398-72312e65794a6d636d567a6147356c63334d694f6949774d5745784d6a4a684e4330354d4751334c546333595449744f5451784e5330334d474d3059/part-3251794f5468694f4749694c434a3059584a6e5a5851694f6e7369583352685a794936496b647064476831596b6c7a6333566c4969776961584e7a6457564f64/part-5731695a5849694f6a51354d537769623364755a5849694f694a6b5a574679624739795a486c7362334a6b49697769636d567762334e70644739796553493649/part-6d52686248426f496e3139-task-122-74312e57794a535832746e52453955597a4266535645694c434a4a5832743352453955597a426653574d345155464251/part-554a585455566a4e4763695851-attempt-0/_leaf/node_modules/.pnpm/effect@4.0.0-beta.106/node_modules/effect/dist/internal/effect.js:434:25)\n' +
    '    at file:///workspace/dalph-dogfood/issue-491-20261009/task-worktrees/part-run-398-72312e65794a6d636d567a6147356c63334d694f6949774d5745784d6a4a684e4330354d4751334c546333595449744f5451784e5330334d474d3059/part-3251794f5468694f4749694c434a3059584a6e5a5851694f6e7369583352685a794936496b647064476831596b6c7a6333566c4969776961584e7a6457564f64/part-5731695a5849694f6a51354d537769623364755a5849694f694a6b5a574679624739795a486c7362334a6b49697769636d567762334e70644739796553493649/part-6d52686248426f496e3139-task-122-74312e57794a535832746e52453955597a4266535645694c434a4a5832743352453955597a426653574d345155464251/part-554a585455566a4e4763695851-attempt-0/_leaf/node_modules/.pnpm/effect@4.0.0-beta.106/node_modules/effect/dist/internal/effect.js:780:15',
  name: 'AuthoredCassetteInteractionMismatch',
  stacks: [
    {
      method: 'Array.<anonymous>',
      file: '/workspace/dalph-dogfood/issue-491-20261009/task-worktrees/part-run-398-72312e65794a6d636d567a6147356c63334d694f6949774d5745784d6a4a684e4330354d4751334c546333595449744f5451784e5330334d474d3059/part-3251794f5468694f4749694c434a3059584a6e5a5851694f6e7369583352685a794936496b647064476831596b6c7a6333566c4969776961584e7a6457564f64/part-5731695a5849694f6a51354d537769623364755a5849694f694a6b5a574679624739795a486c7362334a6b49697769636d567762334e70644739796553493649/part-6d52686248426f496e3139-task-122-74312e57794a535832746e52453955597a4266535645694c434a4a5832743352453955597a426653574d345155464251/part-554a585455566a4e4763695851-attempt-0/_leaf/packages/dalph/src/cassettes/authored-cursor.ts',
      line: 1295,
      column: 23
    },
    {
      line: 1355,
      column: 25,
      file: '/workspace/dalph-dogfood/issue-491-20261009/task-worktrees/part-run-398-72312e65794a6d636d567a6147356c63334d694f6949774d5745784d6a4a684e4330354d4751334c546333595449744f5451784e5330334d474d3059/part-3251794f5468694f4749694c434a3059584a6e5a5851694f6e7369583352685a794936496b647064476831596b6c7a6333566c4969776961584e7a6457564f64/part-5731695a5849694f6a51354d537769623364755a5849694f694a6b5a574679624739795a486c7362334a6b49697769636d567762334e70644739796553493649/part-6d52686248426f496e3139-task-122-74312e57794a535832746e52453955597a4266535645694c434a4a5832743352453955597a426653574d345155464251/part-554a585455566a4e4763695851-attempt-0/_leaf/node_modules/.pnpm/effect@4.0.0-beta.106/node_modules/effect/src/internal/effect.ts',
      method: 'Object.~effect/Effect/successCont'
    },
    {
      line: 514,
      column: 30,
      file: '/workspace/dalph-dogfood/issue-491-20261009/task-worktrees/part-run-398-72312e65794a6d636d567a6147356c63334d694f6949774d5745784d6a4a684e4330354d4751334c546333595449744f5451784e5330334d474d3059/part-3251794f5468694f4749694c434a3059584a6e5a5851694f6e7369583352685a794936496b647064476831596b6c7a6333566c4969776961584e7a6457564f64/part-5731695a5849694f6a51354d537769623364755a5849694f694a6b5a574679624739795a486c7362334a6b49697769636d567762334e70644739796553493649/part-6d52686248426f496e3139-task-122-74312e57794a535832746e52453955597a4266535645694c434a4a5832743352453955597a426653574d345155464251/part-554a585455566a4e4763695851-attempt-0/_leaf/node_modules/.pnpm/effect@4.0.0-beta.106/node_modules/effect/src/internal/core.ts',
      method: 'Object.~effect/Effect/evaluate'
    },
    {
      line: 654,
      column: 39,
      file: '/workspace/dalph-dogfood/issue-491-20261009/task-worktrees/part-run-398-72312e65794a6d636d567a6147356c63334d694f6949774d5745784d6a4a684e4330354d4751334c546333595449744f5451784e5330334d474d3059/part-3251794f5468694f4749694c434a3059584a6e5a5851694f6e7369583352685a794936496b647064476831596b6c7a6333566c4969776961584e7a6457564f64/part-5731695a5849694f6a51354d537769623364755a5849694f694a6b5a574679624739795a486c7362334a6b49697769636d567762334e70644739796553493649/part-6d52686248426f496e3139-task-122-74312e57794a535832746e52453955597a4266535645694c434a4a5832743352453955597a426653574d345155464251/part-554a585455566a4e4763695851-attempt-0/_leaf/node_modules/.pnpm/effect@4.0.0-beta.106/node_modules/effect/src/internal/effect.ts',
      method: 'FiberImpl.runLoop'
    },
    {
      line: 606,
      column: 22,
      file: '/workspace/dalph-dogfood/issue-491-20261009/task-worktrees/part-run-398-72312e65794a6d636d567a6147356c63334d694f6949774d5745784d6a4a684e4330354d4751334c546333595449744f5451784e5330334d474d3059/part-3251794f5468694f4749694c434a3059584a6e5a5851694f6e7369583352685a794936496b647064476831596b6c7a6333566c4969776961584e7a6457564f64/part-5731695a5849694f6a51354d537769623364755a5849694f694a6b5a574679624739795a486c7362334a6b49697769636d567762334e70644739796553493649/part-6d52686248426f496e3139-task-122-74312e57794a535832746e52453955597a4266535645694c434a4a5832743352453955597a426653574d345155464251/part-554a585455566a4e4763695851-attempt-0/_leaf/node_modules/.pnpm/effect@4.0.0-beta.106/node_modules/effect/src/internal/effect.ts',
      method: 'FiberImpl.evaluate'
    },
    {
      line: 1111,
      column: 14,
      file: '/workspace/dalph-dogfood/issue-491-20261009/task-worktrees/part-run-398-72312e65794a6d636d567a6147356c63334d694f6949774d5745784d6a4a684e4330354d4751334c546333595449744f5451784e5330334d474d3059/part-3251794f5468694f4749694c434a3059584a6e5a5851694f6e7369583352685a794936496b647064476831596b6c7a6333566c4969776961584e7a6457564f64/part-5731695a5849694f6a51354d537769623364755a5849694f694a6b5a574679624739795a486c7362334a6b49697769636d567762334e70644739796553493649/part-6d52686248426f496e3139-task-122-74312e57794a535832746e52453955597a4266535645694c434a4a5832743352453955597a426653574d345155464251/part-554a585455566a4e4763695851-attempt-0/_leaf/node_modules/.pnpm/effect@4.0.0-beta.106/node_modules/effect/src/internal/effect.ts',
      method: ''
    },
    {
      line: 773,
      column: 43,
      file: '/workspace/dalph-dogfood/issue-491-20261009/task-worktrees/part-run-398-72312e65794a6d636d567a6147356c63334d694f6949774d5745784d6a4a684e4330354d4751334c546333595449744f5451784e5330334d474d3059/part-3251794f5468694f4749694c434a3059584a6e5a5851694f6e7369583352685a794936496b647064476831596b6c7a6333566c4969776961584e7a6457564f64/part-5731695a5849694f6a51354d537769623364755a5849694f694a6b5a574679624739795a486c7362334a6b49697769636d567762334e70644739796553493649/part-6d52686248426f496e3139-task-122-74312e57794a535832746e52453955597a4266535645694c434a4a5832743352453955597a426653574d345155464251/part-554a585455566a4e4763695851-attempt-0/_leaf/node_modules/.pnpm/effect@4.0.0-beta.106/node_modules/effect/src/internal/effect.ts',
      method: 'Array.<anonymous>'
    },
    {
      line: 621,
      column: 25,
      file: '/workspace/dalph-dogfood/issue-491-20261009/task-worktrees/part-run-398-72312e65794a6d636d567a6147356c63334d694f6949774d5745784d6a4a684e4330354d4751334c546333595449744f5451784e5330334d474d3059/part-3251794f5468694f4749694c434a3059584a6e5a5851694f6e7369583352685a794936496b647064476831596b6c7a6333566c4969776961584e7a6457564f64/part-5731695a5849694f6a51354d537769623364755a5849694f694a6b5a574679624739795a486c7362334a6b49697769636d567762334e70644739796553493649/part-6d52686248426f496e3139-task-122-74312e57794a535832746e52453955597a4266535645694c434a4a5832743352453955597a426653574d345155464251/part-554a585455566a4e4763695851-attempt-0/_leaf/node_modules/.pnpm/effect@4.0.0-beta.106/node_modules/effect/src/internal/effect.ts',
      method: 'FiberImpl.evaluate'
    },
    {
      line: 1111,
      column: 14,
      file: '/workspace/dalph-dogfood/issue-491-20261009/task-worktrees/part-run-398-72312e65794a6d636d567a6147356c63334d694f6949774d5745784d6a4a684e4330354d4751334c546333595449744f5451784e5330334d474d3059/part-3251794f5468694f4749694c434a3059584a6e5a5851694f6e7369583352685a794936496b647064476831596b6c7a6333566c4969776961584e7a6457564f64/part-5731695a5849694f6a51354d537769623364755a5849694f694a6b5a574679624739795a486c7362334a6b49697769636d567762334e70644739796553493649/part-6d52686248426f496e3139-task-122-74312e57794a535832746e52453955597a4266535645694c434a4a5832743352453955597a426653574d345155464251/part-554a585455566a4e4763695851-attempt-0/_leaf/node_modules/.pnpm/effect@4.0.0-beta.106/node_modules/effect/src/internal/effect.ts',
      method: ''
    }
  ]
}

Expected: "OperatorAppliesRunCancellation"
Received: "CoordinatorActivationReturned"

 ❯ Array.<anonymous> packages/dalph/src/cassettes/authored-cursor.ts:1295:23
    1293|       const claimed = yield* claimNext((item): item is StoryItem => it…
    1294|       if (claimed._tag === "Mismatch") {
    1295|         return yield* new AuthoredCassetteInteractionMismatch({
       |                       ^
    1296|           actual: tag,
    1297|           /* v8 ignore next -- The terminal assertion item keeps a dec…
 ❯ Object.~effect/Effect/successCont node_modules/.pnpm/effect@4.0.0-beta.106/node_modules/effect/src/internal/effect.ts:1355:25
 ❯ Object.~effect/Effect/evaluate node_modules/.pnpm/effect@4.0.0-beta.106/node_modules/effect/src/internal/core.ts:514:30
 ❯ FiberImpl.runLoop node_modules/.pnpm/effect@4.0.0-beta.106/node_modules/effect/src/internal/effect.ts:654:39
 ❯ FiberImpl.evaluate node_modules/.pnpm/effect@4.0.0-beta.106/node_modules/effect/src/internal/effect.ts:606:22
 ❯ node_modules/.pnpm/effect@4.0.0-beta.106/node_modules/effect/src/internal/effect.ts:1111:14
 ❯ Array.<anonymous> node_modules/.pnpm/effect@4.0.0-beta.106/node_modules/effect/src/internal/effect.ts:773:43
 ❯ FiberImpl.evaluate node_modules/.pnpm/effect@4.0.0-beta.106/node_modules/effect/src/internal/effect.ts:621:25
 ❯ node_modules/.pnpm/effect@4.0.0-beta.106/node_modules/effect/src/internal/effect.ts:1111:14

⎯⎯⎯⎯⎯⎯⎯⎯⎯⎯⎯⎯⎯⎯⎯⎯⎯⎯⎯⎯⎯⎯⎯⎯⎯⎯⎯⎯⎯⎯
Serialized Error: { _tag: 'AuthoredCassetteInteractionMismatch', storyPosition: 49 }
⎯⎯⎯⎯⎯⎯⎯⎯⎯⎯⎯⎯⎯⎯⎯⎯⎯⎯⎯⎯⎯⎯⎯⎯[2/3]⎯


 Test Files  3 failed | 46 passed (49)
      Tests  3 failed | 505 passed | 21 skipped (529)
   Start at  02:59:22
   Duration  245.77s (transform 6.50s, setup 0ms, import 52.40s, tests 188.83s, environment 2ms)

 ELIFECYCLE  Command failed with exit code 1.
 ELIFECYCLE  Command failed with exit code 1.
