
 RUN  v4.1.10 /workspace/dalph-dogfood/issue-491-20261009/task-worktrees/part-run-398-72312e65794a6d636d567a6147356c63334d694f6949774d5745784d6a4a684e4330354d4751334c546333595449744f5451784e5330334d474d3059/part-3251794f5468694f4749694c434a3059584a6e5a5851694f6e7369583352685a794936496b647064476831596b6c7a6333566c4969776961584e7a6457564f64/part-5731695a5849694f6a51354d537769623364755a5849694f694a6b5a574679624739795a486c7362334a6b49697769636d567762334e70644739796553493649/part-6d52686248426f496e3139-task-122-74312e57794a535832746e52453955597a4266535645694c434a4a5832743352453955597a426653574d345155464251/part-554a585455566a4e4763695851-attempt-0/_leaf

 ✓ |ordinary-serial| packages/dalph/src/application/production-public-recovery.integration.test.ts > the shipped binary and recovery qualification select the same CLI and host composition 6ms
 ✓ |ordinary-serial| packages/dalph/src/application/production-public-recovery.integration.test.ts > one-minute production activation keeps stdout bounded while executor work remains active 4570ms
stdout | packages/dalph/src/application/production-public-recovery.integration.test.ts > SIGINT suspends active production executor work and preserves the exact unfinished Run evidence
[03:09:50.346] ERROR (#112): Error [AssertionError]: expected [ { …(5) } ] to deeply equal [ { …(4) } ]
    at Array.<anonymous> (/workspace/dalph-dogfood/issue-491-20261009/task-worktrees/part-run-398-72312e65794a6d636d567a6147356c63334d694f6949774d5745784d6a4a684e4330354d4751334c546333595449744f5451784e5330334d474d3059/part-3251794f5468694f4749694c434a3059584a6e5a5851694f6e7369583352685a794936496b647064476831596b6c7a6333566c4969776961584e7a6457564f64/part-5731695a5849694f6a51354d537769623364755a5849694f694a6b5a574679624739795a486c7362334a6b49697769636d567762334e70644739796553493649/part-6d52686248426f496e3139-task-122-74312e57794a535832746e52453955597a4266535645694c434a4a5832743352453955597a426653574d345155464251/part-554a585455566a4e4763695851-attempt-0/_leaf/packages/dalph/src/application/production-public-recovery.integration.test.ts:465:85) {
  actual: [
    {
      _tag: 'ApplicationExitDisposition',
      disposition: [Object],
      owners: [Object],
      runId: 'r1.eyJmcmVzaG5lc3MiOiIwMWExMjRhNS04MjUxLTdmMWQtYjZhMC05YmM4OTJlNmNjM2QiLCJ0YXJnZXQiOnsiX3RhZyI6IkdpdGh1Yklzc3VlIiwiaXNzdWVOdW1iZXIiOjQyLCJvd25lciI6Im9jdG8iLCJyZXBvc2l0b3J5IjoiZGFscGgifX0',
      version: 1
    }
  ],
  expected: [
    {
      _tag: 'ApplicationExitDisposition',
      disposition: [Object],
      runId: 'r1.eyJmcmVzaG5lc3MiOiIwMWExMjRhNS04MjUxLTdmMWQtYjZhMC05YmM4OTJlNmNjM2QiLCJ0YXJnZXQiOnsiX3RhZyI6IkdpdGh1Yklzc3VlIiwiaXNzdWVOdW1iZXIiOjQyLCJvd25lciI6Im9jdG8iLCJyZXBvc2l0b3J5IjoiZGFscGgifX0',
      version: 1
    }
  ],
  showDiff: true,
  operator: 'deepStrictEqual',
  [cause]: undefined
}

 × |ordinary-serial| packages/dalph/src/application/production-public-recovery.integration.test.ts > SIGINT suspends active production executor work and preserves the exact unfinished Run evidence 2421ms
   → expected [ { …(5) } ] to deeply equal [ { …(4) } ]
stdout | packages/dalph/src/application/production-public-recovery.integration.test.ts > SIGINT reports the exact failed suspension boundary and retains unmatched intent without completion
[03:09:52.597] ERROR (#210): Error [SchemaError]: Missing key
  at ["result"]["diagnostics"]
Expected "TimedOut"
  at ["result"]["_tag"]
    at file:///workspace/dalph-dogfood/issue-491-20261009/task-worktrees/part-run-398-72312e65794a6d636d567a6147356c63334d694f6949774d5745784d6a4a684e4330354d4751334c546333595449744f5451784e5330334d474d3059/part-3251794f5468694f4749694c434a3059584a6e5a5851694f6e7369583352685a794936496b647064476831596b6c7a6333566c4969776961584e7a6457564f64/part-5731695a5849694f6a51354d537769623364755a5849694f694a6b5a574679624739795a486c7362334a6b49697769636d567762334e70644739796553493649/part-6d52686248426f496e3139-task-122-74312e57794a535832746e52453955597a4266535645694c434a4a5832743352453955597a426653574d345155464251/part-554a585455566a4e4763695851-attempt-0/_leaf/node_modules/.pnpm/effect@4.0.0-beta.106/node_modules/effect/dist/Schema.js:652:97
    at file:///workspace/dalph-dogfood/issue-491-20261009/task-worktrees/part-run-398-72312e65794a6d636d567a6147356c63334d694f6949774d5745784d6a4a684e4330354d4751334c546333595449744f5451784e5330334d474d3059/part-3251794f5468694f4749694c434a3059584a6e5a5851694f6e7369583352685a794936496b647064476831596b6c7a6333566c4969776961584e7a6457564f64/part-5731695a5849694f6a51354d537769623364755a5849694f694a6b5a574679624739795a486c7362334a6b49697769636d567762334e70644739796553493649/part-6d52686248426f496e3139-task-122-74312e57794a535832746e52453955597a4266535645694c434a4a5832743352453955597a426653574d345155464251/part-554a585455566a4e4763695851-attempt-0/_leaf/node_modules/.pnpm/effect@4.0.0-beta.106/node_modules/effect/dist/internal/effect.js:146:23
    at Array.map (<anonymous>)
    at file:///workspace/dalph-dogfood/issue-491-20261009/task-worktrees/part-run-398-72312e65794a6d636d567a6147356c63334d694f6949774d5745784d6a4a684e4330354d4751334c546333595449744f5451784e5330334d474d3059/part-3251794f5468694f4749694c434a3059584a6e5a5851694f6e7369583352685a794936496b647064476831596b6c7a6333566c4969776961584e7a6457564f64/part-5731695a5849694f6a51354d537769623364755a5849694f694a6b5a574679624739795a486c7362334a6b49697769636d567762334e70644739796553493649/part-6d52686248426f496e3139-task-122-74312e57794a535832746e52453955597a4266535645694c434a4a5832743352453955597a426653574d345155464251/part-554a585455566a4e4763695851-attempt-0/_leaf/node_modules/.pnpm/effect@4.0.0-beta.106/node_modules/effect/dist/internal/effect.js:143:33
    at Module.<anonymous> (file:///workspace/dalph-dogfood/issue-491-20261009/task-worktrees/part-run-398-72312e65794a6d636d567a6147356c63334d694f6949774d5745784d6a4a684e4330354d4751334c546333595449744f5451784e5330334d474d3059/part-3251794f5468694f4749694c434a3059584a6e5a5851694f6e7369583352685a794936496b647064476831596b6c7a6333566c4969776961584e7a6457564f64/part-5731695a5849694f6a51354d537769623364755a5849694f694a6b5a574679624739795a486c7362334a6b49697769636d567762334e70644739796553493649/part-6d52686248426f496e3139-task-122-74312e57794a535832746e52453955597a4266535645694c434a4a5832743352453955597a426653574d345155464251/part-554a585455566a4e4763695851-attempt-0/_leaf/node_modules/.pnpm/effect@4.0.0-beta.106/node_modules/effect/dist/Function.js:78:18)
    at file:///workspace/dalph-dogfood/issue-491-20261009/task-worktrees/part-run-398-72312e65794a6d636d567a6147356c63334d694f6949774d5745784d6a4a684e4330354d4751334c546333595449744f5451784e5330334d474d3059/part-3251794f5468694f4749694c434a3059584a6e5a5851694f6e7369583352685a794936496b647064476831596b6c7a6333566c4969776961584e7a6457564f64/part-5731695a5849694f6a51354d537769623364755a5849694f694a6b5a574679624739795a486c7362334a6b49697769636d567762334e70644739796553493649/part-6d52686248426f496e3139-task-122-74312e57794a535832746e52453955597a4266535645694c434a4a5832743352453955597a426653574d345155464251/part-554a585455566a4e4763695851-attempt-0/_leaf/node_modules/.pnpm/effect@4.0.0-beta.106/node_modules/effect/dist/Schema.js:652:77
    at ~effect/Utils/internal (file:///workspace/dalph-dogfood/issue-491-20261009/task-worktrees/part-run-398-72312e65794a6d636d567a6147356c63334d694f6949774d5745784d6a4a684e4330354d4751334c546333595449744f5451784e5330334d474d3059/part-3251794f5468694f4749694c434a3059584a6e5a5851694f6e7369583352685a794936496b647064476831596b6c7a6333566c4969776961584e7a6457564f64/part-5731695a5849694f6a51354d537769623364755a5849694f694a6b5a574679624739795a486c7362334a6b49697769636d567762334e70644739796553493649/part-6d52686248426f496e3139-task-122-74312e57794a535832746e52453955597a4266535645694c434a4a5832743352453955597a426653574d345155464251/part-554a585455566a4e4763695851-attempt-0/_leaf/node_modules/.pnpm/effect@4.0.0-beta.106/node_modules/effect/dist/Utils.js:79:14)
    at ProductionPublicRecovery.spawn (/workspace/dalph-dogfood/issue-491-20261009/task-worktrees/part-run-398-72312e65794a6d636d567a6147356c63334d694f6949774d5745784d6a4a684e4330354d4751334c546333595449744f5451784e5330334d474d3059/part-3251794f5468694f4749694c434a3059584a6e5a5851694f6e7369583352685a794936496b647064476831596b6c7a6333566c4969776961584e7a6457564f64/part-5731695a5849694f6a51354d537769623364755a5849694f694a6b5a574679624739795a486c7362334a6b49697769636d567762334e70644739796553493649/part-6d52686248426f496e3139-task-122-74312e57794a535832746e52453955597a4266535645694c434a4a5832743352453955597a426653574d345155464251/part-554a585455566a4e4763695851-attempt-0/_leaf/packages/dalph/src/application/production-public-recovery.integration.test.ts:387:24)
    at ProductionPublicRecovery.spawn (definition) (/workspace/dalph-dogfood/issue-491-20261009/task-worktrees/part-run-398-72312e65794a6d636d567a6147356c63334d694f6949774d5745784d6a4a684e4330354d4751334c546333595449744f5451784e5330334d474d3059/part-3251794f5468694f4749694c434a3059584a6e5a5851694f6e7369583352685a794936496b647064476831596b6c7a6333566c4969776961584e7a6457564f64/part-5731695a5849694f6a51354d537769623364755a5849694f694a6b5a574679624739795a486c7362334a6b49697769636d567762334e70644739796553493649/part-6d52686248426f496e3139-task-122-74312e57794a535832746e52453955597a4266535645694c434a4a5832743352453955597a426653574d345155464251/part-554a585455566a4e4763695851-attempt-0/_leaf/packages/dalph/src/application/production-public-recovery.integration.test.ts:124:35)
    at ProductionPublicRecovery.startExecuting (/workspace/dalph-dogfood/issue-491-20261009/task-worktrees/part-run-398-72312e65794a6d636d567a6147356c63334d694f6949774d5745784d6a4a684e4330354d4751334c546333595449744f5451784e5330334d474d3059/part-3251794f5468694f4749694c434a3059584a6e5a5851694f6e7369583352685a794936496b647064476831596b6c7a6333566c4969776961584e7a6457564f64/part-5731695a5849694f6a51354d537769623364755a5849694f694a6b5a574679624739795a486c7362334a6b49697769636d567762334e70644739796553493649/part-6d52686248426f496e3139-task-122-74312e57794a535832746e52453955597a4266535645694c434a4a5832743352453955597a426653574d345155464251/part-554a585455566a4e4763695851-attempt-0/_leaf/packages/dalph/src/application/production-public-recovery.integration.test.ts:527:53)
    at ProductionPublicRecovery.startExecuting (definition) (/workspace/dalph-dogfood/issue-491-20261009/task-worktrees/part-run-398-72312e65794a6d636d567a6147356c63334d694f6949774d5745784d6a4a684e4330354d4751334c546333595449744f5451784e5330334d474d3059/part-3251794f5468694f4749694c434a3059584a6e5a5851694f6e7369583352685a794936496b647064476831596b6c7a6333566c4969776961584e7a6457564f64/part-5731695a5849694f6a51354d537769623364755a5849694f694a6b5a574679624739795a486c7362334a6b49697769636d567762334e70644739796553493649/part-6d52686248426f496e3139-task-122-74312e57794a535832746e52453955597a4266535645694c434a4a5832743352453955597a426653574d345155464251/part-554a585455566a4e4763695851-attempt-0/_leaf/packages/dalph/src/application/production-public-recovery.integration.test.ts:383:40) {
  issue: AnyOf {
    '~effect/SchemaIssue/Issue': '~effect/SchemaIssue/Issue',
    _tag: 'AnyOf',
    ast: Union {
      '~effect/Schema': '~effect/Schema',
      annotations: undefined,
      checks: undefined,
      encoding: [Array],
      context: undefined,
      _tag: 'Union',
      types: [Array],
      mode: 'anyOf',
      encodingChecks: undefined
    },
    issues: [ [Composite] ]
  },
  _tag: 'SchemaError',
  '~effect/SchemaError/SchemaError': '~effect/SchemaError/SchemaError',
  [cause]: undefined
}

 × |ordinary-serial| packages/dalph/src/application/production-public-recovery.integration.test.ts > SIGINT reports the exact failed suspension boundary and retains unmatched intent without completion 2249ms
   → Missing key
  at ["result"]["diagnostics"]
Expected "TimedOut"
  at ["result"]["_tag"]
 ✓ |ordinary-serial| packages/dalph/src/application/production-public-recovery.integration.test.ts > current-format SQLite restart reconciles a lost Begin acknowledgement without another turn 4330ms
 ✓ |ordinary-serial| packages/dalph/src/application/production-public-recovery.integration.test.ts > unfinished SQLite public restart repeats a cut claim read in the same Run without another acquisition 4534ms
 ✓ |ordinary-serial| packages/dalph/src/application/production-public-recovery.integration.test.ts > the public cancel command stops retained executor work, abandons it, releases its exact claim, and redelivers 5230ms
 ✓ |ordinary-serial| packages/dalph/src/application/production-public-recovery.integration.test.ts > already-terminal tracker state exits the public command once without active-refresh reactivation 1318ms
 ✓ |ordinary-serial| packages/dalph/src/application/production-public-recovery.integration.test.ts > already-terminal tracker state exits the public command once without active-refresh reactivation with injected process EACCES 1485ms
stdout | packages/dalph/src/application/production-public-recovery.integration.test.ts > application Exit during recovered Git cleanup closes the attached public status without claiming Run completion
[03:10:11.047] ERROR (#1624): Error [AssertionError]: expected [ { …(5) } ] to deeply equal [ { …(4) } ]
    at Array.<anonymous> (/workspace/dalph-dogfood/issue-491-20261009/task-worktrees/part-run-398-72312e65794a6d636d567a6147356c63334d694f6949774d5745784d6a4a684e4330354d4751334c546333595449744f5451784e5330334d474d3059/part-3251794f5468694f4749694c434a3059584a6e5a5851694f6e7369583352685a794936496b647064476831596b6c7a6333566c4969776961584e7a6457564f64/part-5731695a5849694f6a51354d537769623364755a5849694f694a6b5a574679624739795a486c7362334a6b49697769636d567762334e70644739796553493649/part-6d52686248426f496e3139-task-122-74312e57794a535832746e52453955597a4266535645694c434a4a5832743352453955597a426653574d345155464251/part-554a585455566a4e4763695851-attempt-0/_leaf/packages/dalph/src/application/production-public-recovery.integration.test.ts:1166:87) {
  actual: [
    {
      _tag: 'ApplicationExitDisposition',
      disposition: [Object],
      owners: [Object],
      runId: 'r1.eyJmcmVzaG5lc3MiOiIwMWExMjRhNS1kMjk3LTcwM2EtODIzNi1iMjMwOGUzOWRjZWQiLCJ0YXJnZXQiOnsiX3RhZyI6IkdpdGh1Yklzc3VlIiwiaXNzdWVOdW1iZXIiOjQyLCJvd25lciI6Im9jdG8iLCJyZXBvc2l0b3J5IjoiZGFscGgifX0',
      version: 1
    }
  ],
  expected: [
    {
      _tag: 'ApplicationExitDisposition',
      disposition: [Object],
      runId: 'r1.eyJmcmVzaG5lc3MiOiIwMWExMjRhNS1kMjk3LTcwM2EtODIzNi1iMjMwOGUzOWRjZWQiLCJ0YXJnZXQiOnsiX3RhZyI6IkdpdGh1Yklzc3VlIiwiaXNzdWVOdW1iZXIiOjQyLCJvd25lciI6Im9jdG8iLCJyZXBvc2l0b3J5IjoiZGFscGgifX0',
      version: 1
    }
  ],
  showDiff: true,
  operator: 'deepStrictEqual',
  [cause]: undefined
}

 × |ordinary-serial| packages/dalph/src/application/production-public-recovery.integration.test.ts > application Exit during recovered Git cleanup closes the attached public status without claiming Run completion 1552ms
   → expected [ { …(5) } ] to deeply equal [ { …(4) } ]
stdout | packages/dalph/src/application/production-public-recovery.integration.test.ts > application Exit during recovered Git cleanup closes the attached public status without claiming Run completion with injected process EACCES
[03:10:12.589] ERROR (#1945): Error [SchemaError]: Missing key
  at ["result"]["diagnostics"]
Expected "TimedOut"
  at ["result"]["_tag"]
    at file:///workspace/dalph-dogfood/issue-491-20261009/task-worktrees/part-run-398-72312e65794a6d636d567a6147356c63334d694f6949774d5745784d6a4a684e4330354d4751334c546333595449744f5451784e5330334d474d3059/part-3251794f5468694f4749694c434a3059584a6e5a5851694f6e7369583352685a794936496b647064476831596b6c7a6333566c4969776961584e7a6457564f64/part-5731695a5849694f6a51354d537769623364755a5849694f694a6b5a574679624739795a486c7362334a6b49697769636d567762334e70644739796553493649/part-6d52686248426f496e3139-task-122-74312e57794a535832746e52453955597a4266535645694c434a4a5832743352453955597a426653574d345155464251/part-554a585455566a4e4763695851-attempt-0/_leaf/node_modules/.pnpm/effect@4.0.0-beta.106/node_modules/effect/dist/Schema.js:652:97
    at file:///workspace/dalph-dogfood/issue-491-20261009/task-worktrees/part-run-398-72312e65794a6d636d567a6147356c63334d694f6949774d5745784d6a4a684e4330354d4751334c546333595449744f5451784e5330334d474d3059/part-3251794f5468694f4749694c434a3059584a6e5a5851694f6e7369583352685a794936496b647064476831596b6c7a6333566c4969776961584e7a6457564f64/part-5731695a5849694f6a51354d537769623364755a5849694f694a6b5a574679624739795a486c7362334a6b49697769636d567762334e70644739796553493649/part-6d52686248426f496e3139-task-122-74312e57794a535832746e52453955597a4266535645694c434a4a5832743352453955597a426653574d345155464251/part-554a585455566a4e4763695851-attempt-0/_leaf/node_modules/.pnpm/effect@4.0.0-beta.106/node_modules/effect/dist/internal/effect.js:146:23
    at Array.map (<anonymous>)
    at file:///workspace/dalph-dogfood/issue-491-20261009/task-worktrees/part-run-398-72312e65794a6d636d567a6147356c63334d694f6949774d5745784d6a4a684e4330354d4751334c546333595449744f5451784e5330334d474d3059/part-3251794f5468694f4749694c434a3059584a6e5a5851694f6e7369583352685a794936496b647064476831596b6c7a6333566c4969776961584e7a6457564f64/part-5731695a5849694f6a51354d537769623364755a5849694f694a6b5a574679624739795a486c7362334a6b49697769636d567762334e70644739796553493649/part-6d52686248426f496e3139-task-122-74312e57794a535832746e52453955597a4266535645694c434a4a5832743352453955597a426653574d345155464251/part-554a585455566a4e4763695851-attempt-0/_leaf/node_modules/.pnpm/effect@4.0.0-beta.106/node_modules/effect/dist/internal/effect.js:143:33
    at Module.<anonymous> (file:///workspace/dalph-dogfood/issue-491-20261009/task-worktrees/part-run-398-72312e65794a6d636d567a6147356c63334d694f6949774d5745784d6a4a684e4330354d4751334c546333595449744f5451784e5330334d474d3059/part-3251794f5468694f4749694c434a3059584a6e5a5851694f6e7369583352685a794936496b647064476831596b6c7a6333566c4969776961584e7a6457564f64/part-5731695a5849694f6a51354d537769623364755a5849694f694a6b5a574679624739795a486c7362334a6b49697769636d567762334e70644739796553493649/part-6d52686248426f496e3139-task-122-74312e57794a535832746e52453955597a4266535645694c434a4a5832743352453955597a426653574d345155464251/part-554a585455566a4e4763695851-attempt-0/_leaf/node_modules/.pnpm/effect@4.0.0-beta.106/node_modules/effect/dist/Function.js:78:18)
    at file:///workspace/dalph-dogfood/issue-491-20261009/task-worktrees/part-run-398-72312e65794a6d636d567a6147356c63334d694f6949774d5745784d6a4a684e4330354d4751334c546333595449744f5451784e5330334d474d3059/part-3251794f5468694f4749694c434a3059584a6e5a5851694f6e7369583352685a794936496b647064476831596b6c7a6333566c4969776961584e7a6457564f64/part-5731695a5849694f6a51354d537769623364755a5849694f694a6b5a574679624739795a486c7362334a6b49697769636d567762334e70644739796553493649/part-6d52686248426f496e3139-task-122-74312e57794a535832746e52453955597a4266535645694c434a4a5832743352453955597a426653574d345155464251/part-554a585455566a4e4763695851-attempt-0/_leaf/node_modules/.pnpm/effect@4.0.0-beta.106/node_modules/effect/dist/Schema.js:652:77
    at ~effect/Utils/internal (file:///workspace/dalph-dogfood/issue-491-20261009/task-worktrees/part-run-398-72312e65794a6d636d567a6147356c63334d694f6949774d5745784d6a4a684e4330354d4751334c546333595449744f5451784e5330334d474d3059/part-3251794f5468694f4749694c434a3059584a6e5a5851694f6e7369583352685a794936496b647064476831596b6c7a6333566c4969776961584e7a6457564f64/part-5731695a5849694f6a51354d537769623364755a5849694f694a6b5a574679624739795a486c7362334a6b49697769636d567762334e70644739796553493649/part-6d52686248426f496e3139-task-122-74312e57794a535832746e52453955597a4266535645694c434a4a5832743352453955597a426653574d345155464251/part-554a585455566a4e4763695851-attempt-0/_leaf/node_modules/.pnpm/effect@4.0.0-beta.106/node_modules/effect/dist/Utils.js:79:14)
    at ProductionPublicRecovery.spawn (/workspace/dalph-dogfood/issue-491-20261009/task-worktrees/part-run-398-72312e65794a6d636d567a6147356c63334d694f6949774d5745784d6a4a684e4330354d4751334c546333595449744f5451784e5330334d474d3059/part-3251794f5468694f4749694c434a3059584a6e5a5851694f6e7369583352685a794936496b647064476831596b6c7a6333566c4969776961584e7a6457564f64/part-5731695a5849694f6a51354d537769623364755a5849694f694a6b5a574679624739795a486c7362334a6b49697769636d567762334e70644739796553493649/part-6d52686248426f496e3139-task-122-74312e57794a535832746e52453955597a4266535645694c434a4a5832743352453955597a426653574d345155464251/part-554a585455566a4e4763695851-attempt-0/_leaf/packages/dalph/src/application/production-public-recovery.integration.test.ts:1093:32)
    at ProductionPublicRecovery.spawn (definition) (/workspace/dalph-dogfood/issue-491-20261009/task-worktrees/part-run-398-72312e65794a6d636d567a6147356c63334d694f6949774d5745784d6a4a684e4330354d4751334c546333595449744f5451784e5330334d474d3059/part-3251794f5468694f4749694c434a3059584a6e5a5851694f6e7369583352685a794936496b647064476831596b6c7a6333566c4969776961584e7a6457564f64/part-5731695a5849694f6a51354d537769623364755a5849694f694a6b5a574679624739795a486c7362334a6b49697769636d567762334e70644739796553493649/part-6d52686248426f496e3139-task-122-74312e57794a535832746e52453955597a4266535645694c434a4a5832743352453955597a426653574d345155464251/part-554a585455566a4e4763695851-attempt-0/_leaf/packages/dalph/src/application/production-public-recovery.integration.test.ts:124:35) {
  issue: AnyOf {
    '~effect/SchemaIssue/Issue': '~effect/SchemaIssue/Issue',
    _tag: 'AnyOf',
    ast: Union {
      '~effect/Schema': '~effect/Schema',
      annotations: undefined,
      checks: undefined,
      encoding: [Array],
      context: undefined,
      _tag: 'Union',
      types: [Array],
      mode: 'anyOf',
      encodingChecks: undefined
    },
    issues: [ [Composite] ]
  },
  _tag: 'SchemaError',
  '~effect/SchemaError/SchemaError': '~effect/SchemaError/SchemaError',
  [cause]: undefined
}

 × |ordinary-serial| packages/dalph/src/application/production-public-recovery.integration.test.ts > application Exit during recovered Git cleanup closes the attached public status without claiming Run completion with injected process EACCES 1545ms
   → Missing key
  at ["result"]["diagnostics"]
Expected "TimedOut"
  at ["result"]["_tag"]
 ✓ |ordinary-serial| packages/dalph/src/application/production-public-recovery.integration.test.ts > public stdout decoder rejects a runtime cause dump instead of filtering it 1ms
 ✓ |ordinary-serial| packages/dalph/src/application/production-public-recovery.integration.test.ts > built public recovery rejects a dirty stdout negative control 1409ms

⎯⎯⎯⎯⎯⎯⎯ Failed Tests 4 ⎯⎯⎯⎯⎯⎯⎯

 FAIL  |ordinary-serial| packages/dalph/src/application/production-public-recovery.integration.test.ts > SIGINT suspends active production executor work and preserves the exact unfinished Run evidence
AssertionError: expected [ { …(5) } ] to deeply equal [ { …(4) } ]

- Expected
+ Received

@@ -3,9 +3,96 @@
      "_tag": "ApplicationExitDisposition",
      "disposition": {
        "_tag": "Succeeded",
        "requestedStatus": 0,
      },
+     "owners": {
+       "cutoffClosed": true,
+       "owners": [
+         {
+           "boundary": null,
+           "evidence": "DrainSucceeded",
+           "family": "ExecutorDrain",
+           "kind": "ExecutorDrain",
+           "missingEvidence": "None",
+           "name": "ExecutorWork",
+           "nextAction": "None",
+           "ownerId": 0,
+           "subject": {
+             "_tag": "Run",
+             "runId": "r1.eyJmcmVzaG5lc3MiOiIwMWExMjRhNS04MjUxLTdmMWQtYjZhMC05YmM4OTJlNmNjM2QiLCJ0YXJnZXQiOnsiX3RhZyI6IkdpdGh1Yklzc3VlIiwiaXNzdWVOdW1iZXIiOjQyLCJvd25lciI6Im9jdG8iLCJyZXBvc2l0b3J5IjoiZGFscGgifX0",
+           },
+         },
+         {
+           "boundary": null,
+           "evidence": "DrainSucceeded",
+           "family": "LocalDrain",
+           "kind": "LocalDrain",
+           "missingEvidence": "None",
+           "name": "CodexProvider",
+           "nextAction": "None",
+           "ownerId": 1,
+           "subject": {
+             "_tag": "NoRun",
+           },
+         },
+         {
+           "boundary": null,
+           "evidence": "DrainSucceeded",
+           "family": "LocalDrain",
+           "kind": "LocalDrain",
+           "missingEvidence": "None",
+           "name": "RunRuntime",
+           "nextAction": "None",
+           "ownerId": 2,
+           "subject": {
+             "_tag": "Run",
+             "runId": "r1.eyJmcmVzaG5lc3MiOiIwMWExMjRhNS04MjUxLTdmMWQtYjZhMC05YmM4OTJlNmNjM2QiLCJ0YXJnZXQiOnsiX3RhZyI6IkdpdGh1Yklzc3VlIiwiaXNzdWVOdW1iZXIiOjQyLCJvd25lciI6Im9jdG8iLCJyZXBvc2l0b3J5IjoiZGFscGgifX0",
+           },
+         },
+         {
+           "boundary": null,
+           "evidence": "DrainSucceeded",
+           "family": "LocalDrain",
+           "kind": "LocalDrain",
+           "missingEvidence": "None",
+           "name": "RunRuntime",
+           "nextAction": "None",
+           "ownerId": 3,
+           "subject": {
+             "_tag": "Run",
+             "runId": "r1.eyJmcmVzaG5lc3MiOiIwMWExMjRhNS04MjUxLTdmMWQtYjZhMC05YmM4OTJlNmNjM2QiLCJ0YXJnZXQiOnsiX3RhZyI6IkdpdGh1Yklzc3VlIiwiaXNzdWVOdW1iZXIiOjQyLCJvd25lciI6Im9jdG8iLCJyZXBvc2l0b3J5IjoiZGFscGgifX0",
+           },
+         },
+         {
+           "boundary": null,
+           "evidence": "DrainSucceeded",
+           "family": "LocalDrain",
+           "kind": "LocalDrain",
+           "missingEvidence": "None",
+           "name": "ArchiveMaintenance",
+           "nextAction": "None",
+           "ownerId": 4,
+           "subject": {
+             "_tag": "Run",
+             "runId": "r1.eyJmcmVzaG5lc3MiOiIwMWExMjRhNS04MjUxLTdmMWQtYjZhMC05YmM4OTJlNmNjM2QiLCJ0YXJnZXQiOnsiX3RhZyI6IkdpdGh1Yklzc3VlIiwiaXNzdWVOdW1iZXIiOjQyLCJvd25lciI6Im9jdG8iLCJyZXBvc2l0b3J5IjoiZGFscGgifX0",
+           },
+         },
+         {
+           "boundary": null,
+           "evidence": "DrainSucceeded",
+           "family": "LocalDrain",
+           "kind": "LocalDrain",
+           "missingEvidence": "None",
+           "name": "CodexProvider",
+           "nextAction": "None",
+           "ownerId": 5,
+           "subject": {
+             "_tag": "NoRun",
+           },
+         },
+       ],
+     },
      "runId": "r1.eyJmcmVzaG5lc3MiOiIwMWExMjRhNS04MjUxLTdmMWQtYjZhMC05YmM4OTJlNmNjM2QiLCJ0YXJnZXQiOnsiX3RhZyI6IkdpdGh1Yklzc3VlIiwiaXNzdWVOdW1iZXIiOjQyLCJvd25lciI6Im9jdG8iLCJyZXBvc2l0b3J5IjoiZGFscGgifX0",
      "version": 1,
    },
  ]

 ❯ Array.<anonymous> packages/dalph/src/application/production-public-recovery.integration.test.ts:465:85
    463|         expect(yield* Ref.get(child.exitDiagnostics)).toEqual([])
    464|         const records = yield* Ref.get(child.recordLog)
    465|         expect(records.filter(({ _tag }) => _tag === "ApplicationExitD…
       |                                                                                     ^
    466|           {
    467|             _tag: "ApplicationExitDisposition",
 ❯ Object.~effect/Effect/successCont node_modules/.pnpm/effect@4.0.0-beta.106/node_modules/effect/src/internal/effect.ts:1355:25
 ❯ Object.~effect/Effect/evaluate node_modules/.pnpm/effect@4.0.0-beta.106/node_modules/effect/src/internal/effect.ts:933:30
 ❯ FiberImpl.runLoop node_modules/.pnpm/effect@4.0.0-beta.106/node_modules/effect/src/internal/effect.ts:654:39
 ❯ FiberImpl.evaluate node_modules/.pnpm/effect@4.0.0-beta.106/node_modules/effect/src/internal/effect.ts:606:22
 ❯ node_modules/.pnpm/effect@4.0.0-beta.106/node_modules/effect/src/internal/effect.ts:1111:14
 ❯ onExit node_modules/.pnpm/effect@4.0.0-beta.106/node_modules/effect/src/internal/effect.ts:1545:8
 ❯ Array.<anonymous> node_modules/.pnpm/effect@4.0.0-beta.106/node_modules/effect/src/internal/effect.ts:1561:10
 ❯ FiberImpl.evaluate node_modules/.pnpm/effect@4.0.0-beta.106/node_modules/effect/src/internal/effect.ts:621:25

⎯⎯⎯⎯⎯⎯⎯⎯⎯⎯⎯⎯⎯⎯⎯⎯⎯⎯⎯⎯⎯⎯⎯⎯[1/4]⎯

 FAIL  |ordinary-serial| packages/dalph/src/application/production-public-recovery.integration.test.ts > SIGINT reports the exact failed suspension boundary and retains unmatched intent without completion
 FAIL  |ordinary-serial| packages/dalph/src/application/production-public-recovery.integration.test.ts > application Exit during recovered Git cleanup closes the attached public status without claiming Run completion with injected process EACCES
SchemaError: Missing key
  at ["result"]["diagnostics"]
Expected "TimedOut"
  at ["result"]["_tag"]
 ❯ node_modules/.pnpm/effect@4.0.0-beta.106/node_modules/effect/src/Schema.ts:1502:71
 ❯ node_modules/.pnpm/effect@4.0.0-beta.106/node_modules/effect/src/internal/effect.ts:271:25
 ❯ node_modules/.pnpm/effect@4.0.0-beta.106/node_modules/effect/src/internal/effect.ts:268:34
 ❯ Module.<anonymous> node_modules/.pnpm/effect@4.0.0-beta.106/node_modules/effect/src/Function.ts:248:17
 ❯ node_modules/.pnpm/effect@4.0.0-beta.106/node_modules/effect/src/Schema.ts:1502:49
 ❯ ~effect/Utils/internal node_modules/.pnpm/effect@4.0.0-beta.106/node_modules/effect/src/Utils.ts:208:13
 ❯ Object.~effect/Effect/args node_modules/.pnpm/effect@4.0.0-beta.106/node_modules/effect/src/internal/effect.ts:1005:54
 ❯ Object.~effect/Effect/evaluate node_modules/.pnpm/effect@4.0.0-beta.106/node_modules/effect/src/internal/effect.ts:943:21
 ❯ FiberImpl.runLoop node_modules/.pnpm/effect@4.0.0-beta.106/node_modules/effect/src/internal/effect.ts:654:39

⎯⎯⎯⎯⎯⎯⎯⎯⎯⎯⎯⎯⎯⎯⎯⎯⎯⎯⎯⎯⎯⎯⎯⎯⎯⎯⎯⎯⎯⎯
Serialized Error: { issue: { '~effect/SchemaIssue/Issue': '~effect/SchemaIssue/Issue', _tag: 'AnyOf', ast: { '~effect/Schema': '~effect/Schema', annotations: undefined, checks: undefined, encoding: [ { to: { '~effect/Schema': '~effect/Schema', annotations: { expected: 'a string that will be decoded as JSON', contentMediaType: 'application/json' }, checks: undefined, encoding: undefined, context: undefined, _tag: 'String', constructor: 'Function<String>', getParser: 'Function<getParser>', matchPart: 'Function<matchPart>', getExpected: 'Function<getExpected>', toString: 'Function<toString>' }, transformation: { '~effect/SchemaTransformation/Transformation': '~effect/SchemaTransformation/Transformation', _tag: 'Transformation', decode: { run: 'Function<anonymous>', constructor: 'Function<Getter>', map: 'Function<map>', compose: 'Function<compose>', pipe: 'Function<pipe>' }, encode: { run: 'Function<anonymous>', constructor: 'Function<Getter>', map: 'Function<map>', compose: 'Function<compose>', pipe: 'Function<pipe>' }, constructor: 'Function<Transformation>', flip: 'Function<flip>', compose: 'Function<compose>' }, constructor: 'Function<Link>' } ], context: undefined, _tag: 'Union', types: [ { '~effect/Schema': '~effect/Schema', annotations: undefined, checks: undefined, encoding: undefined, context: undefined, _tag: 'Objects', propertySignatures: [ { name: '_tag', type: { '~effect/Schema': '~effect/Schema', annotations: undefined, checks: undefined, encoding: undefined, context: { isOptional: false, isMutable: false, constructorDefault: { to: { '~effect/Schema': '~effect/Schema', annotations: undefined, checks: undefined, encoding: undefined, context: undefined, _tag: 'Unknown', constructor: 'Function<Unknown>', getParser: 'Function<getParser>', getExpected: 'Function<getExpected>', toString: 'Function<toString>' }, transformation: { '~effect/SchemaTransformation/Transformation': '~effect/SchemaTransformation/Transformation', _tag: 'Transformation', decode: { run: 'Function<anonymous>', constructor: 'Function<Getter>', map: 'Function<map>', compose: 'Function<compose>', pipe: 'Function<pipe>' }, encode: { run: 'Function<anonymous>', constructor: 'Function<Getter>', map: 'Function<map>', compose: 'Function<compose>', pipe: 'Function<pipe>' }, constructor: 'Function<Transformation>', flip: 'Function<flip>', compose: 'Function<compose>' }, constructor: 'Function<Link>' }, annotations: undefined, constructor: 'Function<Context>' }, _tag: 'Literal', literal: 'DalphRuntimeDiagnostic', constructor: 'Function<Literal>', getParser: 'Function<getParser>', matchPart: 'Function<matchPart>', toCodecJson: 'Function<toCodecJson>', toCodecStringTree: 'Function<toCodecStringTree>', getExpected: 'Function<getExpected>', toString: 'Function<toString>' }, constructor: 'Function<PropertySignature>' }, { name: 'boundary', type: { '~effect/Schema': '~effect/Schema', annotations: undefined, checks: undefined, encoding: undefined, context: undefined, _tag: 'Literal', literal: 'NodeMainExit', constructor: 'Function<Literal>', getParser: 'Function<getParser>', matchPart: 'Function<matchPart>', toCodecJson: 'Function<toCodecJson>', toCodecStringTree: 'Function<toCodecStringTree>', getExpected: 'Function<getExpected>', toString: 'Function<toString>' }, constructor: 'Function<PropertySignature>' }, { name: 'omitted', type: { '~effect/Schema': '~effect/Schema', annotations: undefined, checks: undefined, encoding: undefined, context: undefined, _tag: 'Boolean', constructor: 'Function<Boolean>', getParser: 'Function<getParser>', getExpected: 'Function<getExpected>', toString: 'Function<toString>' }, constructor: 'Function<PropertySignature>' }, { name: 'outcome', type: { '~effect/Schema': '~effect/Schema', annotations: undefined, checks: undefined, encoding: undefined, context: undefined, _tag: 'Literal', literal: 'Failed', constructor: 'Function<Literal>', getParser: 'Function<getParser>', matchPart: 'Function<matchPart>', toCodecJson: 'Function<toCodecJson>', toCodecStringTree: 'Function<toCodecStringTree>', getExpected: 'Function<getExpected>', toString: 'Function<toString>' }, constructor: 'Function<PropertySignature>' }, { name: 'reasons', type: { '~effect/Schema': '~effect/Schema', annotations: undefined, checks: [ { _tag: 'Filter', run: 'Function<anonymous>', annotations: { expected: 'a value with a length of at most 4', representation: { id: 'effect/schema/isMaxLength', payload: { maxLength: 4 } }, toJsonSchema: 'Function<toJsonSchema>', toCode: 'Function<toCode>', '~structural': true, arbitrary: { constraint: { maxLength: 4 } } }, aborted: false, constructor: 'Function<Filter>', annotate: 'Function<annotate>', abort: 'Function<abort>', and: 'Function<and>', pipe: 'Function<pipe>' } ], encoding: undefined, context: undefined, _tag: 'Arrays', isMutable: false, elements: [ { '~effect/Schema': '~effect/Schema', annotations: undefined, checks: undefined, encoding: undefined, context: undefined, _tag: 'Union', types: [ { '~effect/Schema': '~effect/Schema', annotations: undefined, checks: undefined, encoding: undefined, context: undefined, _tag: 'Objects', propertySignatures: [ { name: '_tag', type: { '~effect/Schema': '~effect/Schema', annotations: undefined, checks: undefined, encoding: undefined, context: { isOptional: false, isMutable: false, constructorDefault: { to: { '~effect/Schema': '~effect/Schema', annotations: undefined, checks: undefined, encoding: undefined, context: undefined, _tag: 'Unknown', constructor: 'Function<Unknown>', getParser: 'Function<getParser>', getExpected: 'Function<getExpected>', toString: 'Function<toString>' }, transformation: { '~effect/SchemaTransformation/Transformation': '~effect/SchemaTransformation/Transformation', _tag: 'Transformation', decode: { run: 'Function<anonymous>', constructor: 'Function<Getter>', map: 'Function<map>', compose: 'Function<compose>', pipe: 'Function<pipe>' }, encode: { run: 'Function<anonymous>', constructor: 'Function<Getter>', map: 'Function<map>', compose: 'Function<compose>', pipe: 'Function<pipe>' }, constructor: 'Function<Transformation>', flip: 'Function<flip>', compose: 'Function<compose>' }, constructor: 'Function<Link>' }, annotations: undefined, constructor: 'Function<Context>' }, _tag: 'Literal', literal: 'Defect', constructor: 'Function<Literal>', getParser: 'Function<getParser>', matchPart: 'Function<matchPart>', toCodecJson: 'Function<toCodecJson>', toCodecStringTree: 'Function<toCodecStringTree>', getExpected: 'Function<getExpected>', toString: 'Function<toString>' }, constructor: 'Function<PropertySignature>' }, { name: 'error', type: { '~effect/Schema': '~effect/Schema', annotations: undefined, checks: undefined, encoding: undefined, context: undefined, _tag: 'Objects', propertySignatures: [ { name: 'category', type: { '~effect/Schema': '~effect/Schema', annotations: undefined, checks: [ { _tag: 'Filter', run: 'Function<anonymous>', annotations: { expected: 'a value with a length of at least 1', representation: { id: 'effect/schema/isMinLength', payload: { minLength: 1 } }, toJsonSchema: 'Function<toJsonSchema>', toCode: 'Function<toCode>', '~structural': true, arbitrary: { constraint: { minLength: 1 } } }, aborted: false, constructor: 'Function<Filter>', annotate: 'Function<annotate>', abort: 'Function<abort>', and: 'Function<and>', pipe: 'Function<pipe>' }, { _tag: 'Filter', run: 'Function<anonymous>', annotations: undefined, aborted: false, constructor: 'Function<Filter>', annotate: 'Function<annotate>', abort: 'Function<abort>', and: 'Function<and>', pipe: 'Function<pipe>' } ], encoding: undefined, context: { isOptional: true, isMutable: false, constructorDefault: undefined, annotations: undefined, constructor: 'Function<Context>' }, _tag: 'String', constructor: 'Function<String>', getParser: 'Function<getParser>', matchPart: 'Function<matchPart>', getExpected: 'Function<getExpected>', toString: 'Function<toString>' }, constructor: 'Function<PropertySignature>' }, { name: 'causes', type: { '~effect/Schema': '~effect/Schema', annotations: undefined, checks: [ { _tag: 'Filter', run: 'Function<anonymous>', annotations: { expected: 'a value with a length of at most 2', representation: { id: 'effect/schema/isMaxLength', payload: { maxLength: 2 } }, toJsonSchema: 'Function<toJsonSchema>', toCode: 'Function<toCode>', '~structural': true, arbitrary: { constraint: { maxLength: 2 } } }, aborted: false, constructor: 'Function<Filter>', annotate: 'Function<annotate>', abort: 'Function<abort>', and: 'Function<and>', pipe: 'Function<pipe>' } ], encoding: undefined, context: { isOptional: true, isMutable: false, constructorDefault: undefined, annotations: undefined, constructor: 'Function<Context>' }, _tag: 'Arrays', isMutable: false, elements: [ { '~effect/Schema': '~effect/Schema', annotations: undefined, checks: undefined, encoding: undefined, context: undefined, _tag: 'Suspend', thunk: 'Function<anonymous>', constructor: 'Function<Suspend>', getParser: 'Function<getParser>', recur: 'Function<recur>', getExpected: 'Function<getExpected>', toString: 'Function<toString>' } ], rest: [ { '~effect/Schema': '~effect/Schema', annotations: undefined, checks: undefined, encoding: undefined, context: undefined, _tag: 'Suspend', thunk: 'Function<anonymous>', constructor: 'Function<Suspend>', getParser: 'Function<getParser>', recur: 'Function<recur>', getExpected: 'Function<getExpected>', toString: 'Function<toString>' } ], encodingChecks: undefined, constructor: 'Function<Arrays>', getParser: 'Function<getParser>', _rebuild: 'Function<_rebuild>', recur: 'Function<recur>', flip: 'Function<flip>', getExpected: 'Function<getExpected>', toString: 'Function<toString>' }, constructor: 'Function<PropertySignature>' }, { name: 'code', type: { '~effect/Schema': '~effect/Schema', annotations: undefined, checks: [ { _tag: 'Filter', run: 'Function<anonymous>', annotations: { expected: 'a value with a length of at least 1', representation: { id: 'effect/schema/isMinLength', payload: { minLength: 1 } }, toJsonSchema: 'Function<toJsonSchema>', toCode: 'Function<toCode>', '~structural': true, arbitrary: { constraint: { minLength: 1 } } }, aborted: false, constructor: 'Function<Filter>', annotate: 'Function<annotate>', abort: 'Function<abort>', and: 'Function<and>', pipe: 'Function<pipe>' }, { _tag: 'Filter', run: 'Function<anonymous>', annotations: undefined, aborted: false, constructor: 'Function<Filter>', annotate: 'Function<annotate>', abort: 'Function<abort>', and: 'Function<and>', pipe: 'Function<pipe>' } ], encoding: undefined, context: { isOptional: true, isMutable: false, constructorDefault: undefined, annotations: undefined, constructor: 'Function<Context>' }, _tag: 'String', constructor: 'Function<String>', getParser: 'Function<getParser>', matchPart: 'Function<matchPart>', getExpected: 'Function<getExpected>', toString: 'Function<toString>' }, constructor: 'Function<PropertySignature>' }, { name: 'errorTag', type: { '~effect/Schema': '~effect/Schema', annotations: undefined, checks: [ { _tag: 'Filter', run: 'Function<anonymous>', annotations: { expected: 'a value with a length of at least 1', representation: { id: 'effect/schema/isMinLength', payload: { minLength: 1 } }, toJsonSchema: 'Function<toJsonSchema>', toCode: 'Function<toCode>', '~structural': true, arbitrary: { constraint: { minLength: 1 } } }, aborted: false, constructor: 'Function<Filter>', annotate: 'Function<annotate>', abort: 'Function<abort>', and: 'Function<and>', pipe: 'Function<pipe>' }, { _tag: 'Filter', run: 'Function<anonymous>', annotations: undefined, aborted: false, constructor: 'Function<Filter>', annotate: 'Function<annotate>', abort: 'Function<abort>', and: 'Function<and>', pipe: 'Function<pipe>' } ], encoding: undefined, context: undefined, _tag: 'String', constructor: 'Function<String>', getParser: 'Function<getParser>', matchPart: 'Function<matchPart>', getExpected: 'Function<getExpected>', toString: 'Function<toString>' }, constructor: 'Function<PropertySignature>' }, { name: 'frames', type: { '~effect/Schema': '~effect/Schema', annotations: undefined, checks: [ { _tag: 'Filter', run: 'Function<anonymous>', annotations: { expected: 'a value with a length of at most 4', representation: { id: 'effect/schema/isMaxLength', payload: { maxLength: 4 } }, toJsonSchema: 'Function<toJsonSchema>', toCode: 'Function<toCode>', '~structural': true, arbitrary: { constraint: { maxLength: 4 } } }, aborted: false, constructor: 'Function<Filter>', annotate: 'Function<annotate>', abort: 'Function<abort>', and: 'Function<and>', pipe: 'Function<pipe>' } ], encoding: undefined, context: { isOptional: true, isMutable: false, constructorDefault: undefined, annotations: undefined, constructor: 'Function<Context>' }, _tag: 'Arrays', isMutable: false, elements: [ { '~effect/Schema': '~effect/Schema', annotations: undefined, checks: undefined, encoding: undefined, context: undefined, _tag: 'Objects', propertySignatures: [ { name: 'column', type: { '~effect/Schema': '~effect/Schema', annotations: undefined, checks: [ { _tag: 'Filter', run: 'Function<anonymous>', annotations: { expected: 'an integer', representation: { id: 'effect/schema/isInt', payload: null }, toJsonSchema: 'Function<toJsonSchema>', toCode: 'Function<toCode>', arbitrary: { constraint: { integer: true } } }, aborted: false, constructor: 'Function<Filter>', annotate: 'Function<annotate>', abort: 'Function<abort>', and: 'Function<and>', pipe: 'Function<pipe>' }, { _tag: 'Filter', run: 'Function<anonymous>', annotations: { expected: 'a value greater than 0', arbitrary: { constraint: { ordered: { order: 'Function<anonymous>', minimum: +0, exclusiveMinimum: true } } }, representation: { id: 'effect/schema/isGreaterThan', payload: { exclusiveMinimum: +0 } }, toJsonSchema: 'Function<toJsonSchema>', toCode: 'Function<toCode>', brands: [ 'RuntimeDiagnosticColumnPosition' ] }, aborted: false, constructor: 'Function<Filter>', annotate: 'Function<annotate>', abort: 'Function<abort>', and: 'Function<and>', pipe: 'Function<pipe>' } ], encoding: undefined, context: undefined, _tag: 'Number', constructor: 'Function<Number>', getParser: 'Function<getParser>', matchKey: 'Function<matchKey>', matchPart: 'Function<matchPart>', _match: 'Function<_match>', toCodecJson: 'Function<toCodecJson>', toCodecStringTree: 'Function<toCodecStringTree>', getExpected: 'Function<getExpected>', toString: 'Function<toString>' }, constructor: 'Function<PropertySignature>' }, { name: 'function', type: { '~effect/Schema': '~effect/Schema', annotations: undefined, checks: [ { _tag: 'Filter', run: 'Function<anonymous>', annotations: { expected: 'a value with a length of at least 1', representation: { id: 'effect/schema/isMinLength', payload: { minLength: 1 } }, toJsonSchema: 'Function<toJsonSchema>', toCode: 'Function<toCode>', '~structural': true, arbitrary: { constraint: { minLength: 1 } } }, aborted: false, constructor: 'Function<Filter>', annotate: 'Function<annotate>', abort: 'Function<abort>', and: 'Function<and>', pipe: 'Function<pipe>' }, { _tag: 'Filter', run: 'Function<anonymous>', annotations: undefined, aborted: false, constructor: 'Function<Filter>', annotate: 'Function<annotate>', abort: 'Function<abort>', and: 'Function<and>', pipe: 'Function<pipe>' } ], encoding: undefined, context: undefined, _tag: 'String', constructor: 'Function<String>', getParser: 'Function<getParser>', matchPart: 'Function<matchPart>', getExpected: 'Function<getExpected>', toString: 'Function<toString>' }, constructor: 'Function<PropertySignature>' }, { name: 'line', type: { '~effect/Schema': '~effect/Schema', annotations: undefined, checks: [ { _tag: 'Filter', run: 'Function<anonymous>', annotations: { expected: 'an integer', representation: { id: 'effect/schema/isInt', payload: null }, toJsonSchema: 'Function<toJsonSchema>', toCode: 'Function<toCode>', arbitrary: { constraint: { integer: true } } }, aborted: false, constructor: 'Function<Filter>', annotate: 'Function<annotate>', abort: 'Function<abort>', and: 'Function<and>', pipe: 'Function<pipe>' }, { _tag: 'Filter', run: 'Function<anonymous>', annotations: { expected: 'a value greater than 0', arbitrary: { constraint: { ordered: { order: 'Function<anonymous>', minimum: +0, exclusiveMinimum: true } } }, representation: { id: 'effect/schema/isGreaterThan', payload: { exclusiveMinimum: +0 } }, toJsonSchema: 'Function<toJsonSchema>', toCode: 'Function<toCode>', brands: [ 'RuntimeDiagnosticLinePosition' ] }, aborted: false, constructor: 'Function<Filter>', annotate: 'Function<annotate>', abort: 'Function<abort>', and: 'Function<and>', pipe: 'Function<pipe>' } ], encoding: undefined, context: undefined, _tag: 'Number', constructor: 'Function<Number>', getParser: 'Function<getParser>', matchKey: 'Function<matchKey>', matchPart: 'Function<matchPart>', _match: 'Function<_match>', toCodecJson: 'Function<toCodecJson>', toCodecStringTree: 'Function<toCodecStringTree>', getExpected: 'Function<getExpected>', toString: 'Function<toString>' }, constructor: 'Function<PropertySignature>' }, { name: 'module', type: { '~effect/Schema': '~effect/Schema', annotations: undefined, checks: [ { _tag: 'Filter', run: 'Function<anonymous>', annotations: { expected: 'a value with a length of at least 1', representation: { id: 'effect/schema/isMinLength', payload: { minLength: 1 } }, toJsonSchema: 'Function<toJsonSchema>', toCode: 'Function<toCode>', '~structural': true, arbitrary: { constraint: { minLength: 1 } } }, aborted: false, constructor: 'Function<Filter>', annotate: 'Function<annotate>', abort: 'Function<abort>', and: 'Function<and>', pipe: 'Function<pipe>' }, { _tag: 'Filter', run: 'Function<anonymous>', annotations: undefined, aborted: false, constructor: 'Function<Filter>', annotate: 'Function<annotate>', abort: 'Function<abort>', and: 'Function<and>', pipe: 'Function<pipe>' } ], encoding: undefined, context: undefined, _tag: 'String', constructor: 'Function<String>', getParser: 'Function<getParser>', matchPart: 'Function<matchPart>', getExpected: 'Function<getExpected>', toString: 'Function<toString>' }, constructor: 'Function<PropertySignature>' } ], indexSignatures: [], encodingChecks: undefined, constructor: 'Function<Objects>', getParser: 'Function<getParser>', _rebuild: 'Function<_rebuild>', flip: 'Function<flip>', recur: 'Function<recur>', getExpected: 'Function<getExpected>', toString: 'Function<toString>' } ], rest: [ { '~effect/Schema': '~effect/Schema', annotations: undefined, checks: undefined, encoding: undefined, context: undefined, _tag: 'Objects', propertySignatures: [ { name: 'column', type: { '~effect/Schema': '~effect/Schema', annotations: undefined, checks: [ { _tag: 'Filter', run: 'Function<anonymous>', annotations: { expected: 'an integer', representation: { id: 'effect/schema/isInt', payload: null }, toJsonSchema: 'Function<toJsonSchema>', toCode: 'Function<toCode>', arbitrary: { constraint: { integer: true } } }, aborted: false, constructor: 'Function<Filter>', annotate: 'Function<annotate>', abort: 'Function<abort>', and: 'Function<and>', pipe: 'Function<pipe>' }, { _tag: 'Filter', run: 'Function<anonymous>', annotations: { expected: 'a value greater than 0', arbitrary: { constraint: { ordered: { order: 'Function<anonymous>', minimum: +0, exclusiveMinimum: true } } }, representation: { id: 'effect/schema/isGreaterThan', payload: { exclusiveMinimum: +0 } }, toJsonSchema: 'Function<toJsonSchema>', toCode: 'Function<toCode>', brands: [ 'RuntimeDiagnosticColumnPosition' ] }, aborted: false, constructor: 'Function<Filter>', annotate: 'Function<annotate>', abort: 'Function<abort>', and: 'Function<and>', pipe: 'Function<pipe>' } ], encoding: undefined, context: undefined, _tag: 'Number', constructor: 'Function<Number>', getParser: 'Function<getParser>', matchKey: 'Function<matchKey>', matchPart: 'Function<matchPart>', _match: 'Function<_match>', toCodecJson: 'Function<toCodecJson>', toCodecStringTree: 'Function<toCodecStringTree>', getExpected: 'Function<getExpected>', toString: 'Function<toString>' }, constructor: 'Function<PropertySignature>' }, { name: 'function', type: { '~effect/Schema': '~effect/Schema', annotations: undefined, checks: [ { _tag: 'Filter', run: 'Function<anonymous>', annotations: { expected: 'a value with a length of at least 1', representation: { id: 'effect/schema/isMinLength', payload: { minLength: 1 } }, toJsonSchema: 'Function<toJsonSchema>', toCode: 'Function<toCode>', '~structural': true, arbitrary: { constraint: { minLength: 1 } } }, aborted: false, constructor: 'Function<Filter>', annotate: 'Function<annotate>', abort: 'Function<abort>', and: 'Function<and>', pipe: 'Function<pipe>' }, { _tag: 'Filter', run: 'Function<anonymous>', annotations: undefined, aborted: false, constructor: 'Function<Filter>', annotate: 'Function<annotate>', abort: 'Function<abort>', and: 'Function<and>', pipe: 'Function<pipe>' } ], encoding: undefined, context: undefined, _tag: 'String', constructor: 'Function<String>', getParser: 'Function<getParser>', matchPart: 'Function<matchPart>', getExpected: 'Function<getExpected>', toString: 'Function<toString>' }, constructor: 'Function<PropertySignature>' }, { name: 'line', type: { '~effect/Schema': '~effect/Schema', annotations: undefined, checks: [ { _tag: 'Filter', run: 'Function<anonymous>', annotations: { expected: 'an integer', representation: { id: 'effect/schema/isInt', payload: null }, toJsonSchema: 'Function<toJsonSchema>', toCode: 'Function<toCode>', arbitrary: { constraint: { integer: true } } }, aborted: false, constructor: 'Function<Filter>', annotate: 'Function<annotate>', abort: 'Function<abort>', and: 'Function<and>', pipe: 'Function<pipe>' }, { _tag: 'Filter', run: 'Function<anonymous>', annotations: { expected: 'a value greater than 0', arbitrary: { constraint: { ordered: { order: 'Function<anonymous>', minimum: +0, exclusiveMinimum: true } } }, representation: { id: 'effect/schema/isGreaterThan', payload: { exclusiveMinimum: +0 } }, toJsonSchema: 'Function<toJsonSchema>', toCode: 'Function<toCode>', brands: [ 'RuntimeDiagnosticLinePosition' ] }, aborted: false, constructor: 'Function<Filter>', annotate: 'Function<annotate>', abort: 'Function<abort>', and: 'Function<and>', pipe: 'Function<pipe>' } ], encoding: undefined, context: undefined, _tag: 'Number', constructor: 'Function<Number>', getParser: 'Function<getParser>', matchKey: 'Function<matchKey>', matchPart: 'Function<matchPart>', _match: 'Function<_match>', toCodecJson: 'Function<toCodecJson>', toCodecStringTree: 'Function<toCodecStringTree>', getExpected: 'Function<getExpected>', toString: 'Function<toString>' }, constructor: 'Function<PropertySignature>' }, { name: 'module', type: { '~effect/Schema': '~effect/Schema', annotations: undefined, checks: [ { _tag: 'Filter', run: 'Function<anonymous>', annotations: { expected: 'a value with a length of at least 1', representation: { id: 'effect/schema/isMinLength', payload: { minLength: 1 } }, toJsonSchema: 'Function<toJsonSchema>', toCode: 'Function<toCode>', '~structural': true, arbitrary: { constraint: { minLength: 1 } } }, aborted: false, constructor: 'Function<Filter>', annotate: 'Function<annotate>', abort: 'Function<abort>', and: 'Function<and>', pipe: 'Function<pipe>' }, { _tag: 'Filter', run: 'Function<anonymous>', annotations: undefined, aborted: false, constructor: 'Function<Filter>', annotate: 'Function<annotate>', abort: 'Function<abort>', and: 'Function<and>', pipe: 'Function<pipe>' } ], encoding: undefined, context: undefined, _tag: 'String', constructor: 'Function<String>', getParser: 'Function<getParser>', matchPart: 'Function<matchPart>', getExpected: 'Function<getExpected>', toString: 'Function<toString>' }, constructor: 'Function<PropertySignature>' } ], indexSignatures: [], encodingChecks: undefined, constructor: 'Function<Objects>', getParser: 'Function<getParser>', _rebuild: 'Function<_rebuild>', flip: 'Function<flip>', recur: 'Function<recur>', getExpected: 'Function<getExpected>', toString: 'Function<toString>' } ], encodingChecks: undefined, constructor: 'Function<Arrays>', getParser: 'Function<getParser>', _rebuild: 'Function<_rebuild>', recur: 'Function<recur>', flip: 'Function<flip>', getExpected: 'Function<getExpected>', toString: 'Function<toString>' }, constructor: 'Function<PropertySignature>' }, { name: 'operation', type: { '~effect/Schema': '~effect/Schema', annotations: undefined, checks: [ { _tag: 'Filter', run: 'Function<anonymous>', annotations: { expected: 'a value with a length of at least 1', representation: { id: 'effect/schema/isMinLength', payload: { minLength: 1 } }, toJsonSchema: 'Function<toJsonSchema>', toCode: 'Function<toCode>', '~structural': true, arbitrary: { constraint: { minLength: 1 } } }, aborted: false, constructor: 'Function<Filter>', annotate: 'Function<annotate>', abort: 'Function<abort>', and: 'Function<and>', pipe: 'Function<pipe>' }, { _tag: 'Filter', run: 'Function<anonymous>', annotations: undefined, aborted: false, constructor: 'Function<Filter>', annotate: 'Function<annotate>', abort: 'Function<abort>', and: 'Function<and>', pipe: 'Function<pipe>' } ], encoding: undefined, context: { isOptional: true, isMutable: false, constructorDefault: undefined, annotations: undefined, constructor: 'Function<Context>' }, _tag: 'String', constructor: 'Function<String>', getParser: 'Function<getParser>', matchPart: 'Function<matchPart>', getExpected: 'Function<getExpected>', toString: 'Function<toString>' }, constructor: 'Function<PropertySignature>' }, { name: 'safeMessage', type: { '~effect/Schema': '~effect/Schema', annotations: undefined, checks: [ { _tag: 'Filter', run: 'Function<anonymous>', annotations: { expected: 'a value with a length of at least 1', representation: { id: 'effect/schema/isMinLength', payload: { minLength: 1 } }, toJsonSchema: 'Function<toJsonSchema>', toCode: 'Function<toCode>', '~structural': true, arbitrary: { constraint: { minLength: 1 } } }, aborted: false, constructor: 'Function<Filter>', annotate: 'Function<annotate>', abort: 'Function<abort>', and: 'Function<and>', pipe: 'Function<pipe>' }, { _tag: 'Filter', run: 'Function<anonymous>', annotations: undefined, aborted: false, constructor: 'Function<Filter>', annotate: 'Function<annotate>', abort: 'Function<abort>', and: 'Function<and>', pipe: 'Function<pipe>' } ], encoding: undefined, context: undefined, _tag: 'String', constructor: 'Function<String>', getParser: 'Function<getParser>', matchPart: 'Function<matchPart>', getExpected: 'Function<getExpected>', toString: 'Function<toString>' }, constructor: 'Function<PropertySignature>' }, { name: 'syscall', type: { '~effect/Schema': '~effect/Schema', annotations: undefined, checks: [ { _tag: 'Filter', run: 'Function<anonymous>', annotations: { expected: 'a value with a length of at least 1', representation: { id: 'effect/schema/isMinLength', payload: { minLength: 1 } }, toJsonSchema: 'Function<toJsonSchema>', toCode: 'Function<toCode>', '~structural': true, arbitrary: { constraint: { minLength: 1 } } }, aborted: false, constructor: 'Function<Filter>', annotate: 'Function<annotate>', abort: 'Function<abort>', and: 'Function<and>', pipe: 'Function<pipe>' }, { _tag: 'Filter', run: 'Function<anonymous>', annotations: undefined, aborted: false, constructor: 'Function<Filter>', annotate: 'Function<annotate>', abort: 'Function<abort>', and: 'Function<and>', pipe: 'Function<pipe>' } ], encoding: undefined, context: { isOptional: true, isMutable: false, constructorDefault: undefined, annotations: undefined, constructor: 'Function<Context>' }, _tag: 'String', constructor: 'Function<String>', getParser: 'Function<getParser>', matchPart: 'Function<matchPart>', getExpected: 'Function<getExpected>', toString: 'Function<toString>' }, constructor: 'Function<PropertySignature>' } ], indexSignatures: [], encodingChecks: undefined, constructor: 'Function<Objects>', getParser: 'Function<getParser>', _rebuild: 'Function<_rebuild>', flip: 'Function<flip>', recur: 'Function<recur>', getExpected: 'Function<getExpected>', toString: 'Function<toString>' }, constructor: 'Function<PropertySignature>' } ], indexSignatures: [], encodingChecks: undefined, constructor: 'Function<Objects>', getParser: 'Function<getParser>', _rebuild: 'Function<_rebuild>', flip: 'Function<flip>', recur: 'Function<recur>', getExpected: 'Function<getExpected>', toString: 'Function<toString>' }, { '~effect/Schema': '~effect/Schema', annotations: undefined, checks: undefined, encoding: undefined, context: undefined, _tag: 'Objects', propertySignatures: [ { name: '_tag', type: { '~effect/Schema': '~effect/Schema', annotations: undefined, checks: undefined, encoding: undefined, context: { isOptional: false, isMutable: false, constructorDefault: { to: { '~effect/Schema': '~effect/Schema', annotations: undefined, checks: undefined, encoding: undefined, context: undefined, _tag: 'Unknown', constructor: 'Function<Unknown>', getParser: 'Function<getParser>', getExpected: 'Function<getExpected>', toString: 'Function<toString>' }, transformation: { '~effect/SchemaTransformation/Transformation': '~effect/SchemaTransformation/Transformation', _tag: 'Transformation', decode: { run: 'Function<anonymous>', constructor: 'Function<Getter>', map: 'Function<map>', compose: 'Function<compose>', pipe: 'Function<pipe>' }, encode: { run: 'Function<anonymous>', constructor: 'Function<Getter>', map: 'Function<map>', compose: 'Function<compose>', pipe: 'Function<pipe>' }, constructor: 'Function<Transformation>', flip: 'Function<flip>', compose: 'Function<compose>' }, constructor: 'Function<Link>' }, annotations: undefined, constructor: 'Function<Context>' }, _tag: 'Literal', literal: 'Failure', constructor: 'Function<Literal>', getParser: 'Function<getParser>', matchPart: 'Function<matchPart>', toCodecJson: 'Function<toCodecJson>', toCodecStringTree: 'Function<toCodecStringTree>', getExpected: 'Function<getExpected>', toString: 'Function<toString>' }, constructor: 'Function<PropertySignature>' }, { name: 'error', type: { '~effect/Schema': '~effect/Schema', annotations: undefined, checks: undefined, encoding: undefined, context: undefined, _tag: 'Objects', propertySignatures: [ { name: 'category', type: { '~effect/Schema': '~effect/Schema', annotations: undefined, checks: [ { _tag: 'Filter', run: 'Function<anonymous>', annotations: { expected: 'a value with a length of at least 1', representation: { id: 'effect/schema/isMinLength', payload: { minLength: 1 } }, toJsonSchema: 'Function<toJsonSchema>', toCode: 'Function<toCode>', '~structural': true, arbitrary: { constraint: { minLength: 1 } } }, aborted: false, constructor: 'Function<Filter>', annotate: 'Function<annotate>', abort: 'Function<abort>', and: 'Function<and>', pipe: 'Function<pipe>' }, { _tag: 'Filter', run: 'Function<anonymous>', annotations: undefined, aborted: false, constructor: 'Function<Filter>', annotate: 'Function<annotate>', abort: 'Function<abort>', and: 'Function<and>', pipe: 'Function<pipe>' } ], encoding: undefined, context: { isOptional: true, isMutable: false, constructorDefault: undefined, annotations: undefined, constructor: 'Function<Context>' }, _tag: 'String', constructor: 'Function<String>', getParser: 'Function<getParser>', matchPart: 'Function<matchPart>', getExpected: 'Function<getExpected>', toString: 'Function<toString>' }, constructor: 'Function<PropertySignature>' }, { name: 'causes', type: { '~effect/Schema': '~effect/Schema', annotations: undefined, checks: [ { _tag: 'Filter', run: 'Function<anonymous>', annotations: { expected: 'a value with a length of at most 2', representation: { id: 'effect/schema/isMaxLength', payload: { maxLength: 2 } }, toJsonSchema: 'Function<toJsonSchema>', toCode: 'Function<toCode>', '~structural': true, arbitrary: { constraint: { maxLength: 2 } } }, aborted: false, constructor: 'Function<Filter>', annotate: 'Function<annotate>', abort: 'Function<abort>', and: 'Function<and>', pipe: 'Function<pipe>' } ], encoding: undefined, context: { isOptional: true, isMutable: false, constructorDefault: undefined, annotations: undefined, constructor: 'Function<Context>' }, _tag: 'Arrays', isMutable: false, elements: [ { '~effect/Schema': '~effect/Schema', annotations: undefined, checks: undefined, encoding: undefined, context: undefined, _tag: 'Suspend', thunk: 'Function<anonymous>', constructor: 'Function<Suspend>', getParser: 'Function<getParser>', recur: 'Function<recur>', getExpected: 'Function<getExpected>', toString: 'Function<toString>' } ], rest: [ { '~effect/Schema': '~effect/Schema', annotations: undefined, checks: undefined, encoding: undefined, context: undefined, _tag: 'Suspend', thunk: 'Function<anonymous>', constructor: 'Function<Suspend>', getParser: 'Function<getParser>', recur: 'Function<recur>', getExpected: 'Function<getExpected>', toString: 'Function<toString>' } ], encodingChecks: undefined, constructor: 'Function<Arrays>', getParser: 'Function<getParser>', _rebuild: 'Function<_rebuild>', recur: 'Function<recur>', flip: 'Function<flip>', getExpected: 'Function<getExpected>', toString: 'Function<toString>' }, constructor: 'Function<PropertySignature>' }, { name: 'code', type: { '~effect/Schema': '~effect/Schema', annotations: undefined, checks: [ { _tag: 'Filter', run: 'Function<anonymous>', annotations: { expected: 'a value with a length of at least 1', representation: { id: 'effect/schema/isMinLength', payload: { minLength: 1 } }, toJsonSchema: 'Function<toJsonSchema>', toCode: 'Function<toCode>', '~structural': true, arbitrary: { constraint: { minLength: 1 } } }, aborted: false, constructor: 'Function<Filter>', annotate: 'Function<annotate>', abort: 'Function<abort>', and: 'Function<and>', pipe: 'Function<pipe>' }, { _tag: 'Filter', run: 'Function<anonymous>', annotations: undefined, aborted: false, constructor: 'Function<Filter>', annotate: 'Function<annotate>', abort: 'Function<abort>', and: 'Function<and>', pipe: 'Function<pipe>' } ], encoding: undefined, context: { isOptional: true, isMutable: false, constructorDefault: undefined, annotations: undefined, constructor: 'Function<Context>' }, _tag: 'String', constructor: 'Function<String>', getParser: 'Function<getParser>', matchPart: 'Function<matchPart>', getExpected: 'Function<getExpected>', toString: 'Function<toString>' }, constructor: 'Function<PropertySignature>' }, { name: 'errorTag', type: { '~effect/Schema': '~effect/Schema', annotations: undefined, checks: [ { _tag: 'Filter', run: 'Function<anonymous>', annotations: { expected: 'a value with a length of at least 1', representation: { id: 'effect/schema/isMinLength', payload: { minLength: 1 } }, toJsonSchema: 'Function<toJsonSchema>', toCode: 'Function<toCode>', '~structural': true, arbitrary: { constraint: { minLength: 1 } } }, aborted: false, constructor: 'Function<Filter>', annotate: 'Function<annotate>', abort: 'Function<abort>', and: 'Function<and>', pipe: 'Function<pipe>' }, { _tag: 'Filter', run: 'Function<anonymous>', annotations: undefined, aborted: false, constructor: 'Function<Filter>', annotate: 'Function<annotate>', abort: 'Function<abort>', and: 'Function<and>', pipe: 'Function<pipe>' } ], encoding: undefined, context: undefined, _tag: 'String', constructor: 'Function<String>', getParser: 'Function<getParser>', matchPart: 'Function<matchPart>', getExpected: 'Function<getExpected>', toString: 'Function<toString>' }, constructor: 'Function<PropertySignature>' }, { name: 'frames', type: { '~effect/Schema': '~effect/Schema', annotations: undefined, checks: [ { _tag: 'Filter', run: 'Function<anonymous>', annotations: { expected: 'a value with a length of at most 4', representation: { id: 'effect/schema/isMaxLength', payload: { maxLength: 4 } }, toJsonSchema: 'Function<toJsonSchema>', toCode: 'Function<toCode>', '~structural': true, arbitrary: { constraint: { maxLength: 4 } } }, aborted: false, constructor: 'Function<Filter>', annotate: 'Function<annotate>', abort: 'Function<abort>', and: 'Function<and>', pipe: 'Function<pipe>' } ], encoding: undefined, context: { isOptional: true, isMutable: false, constructorDefault: undefined, annotations: undefined, constructor: 'Function<Context>' }, _tag: 'Arrays', isMutable: false, elements: [ { '~effect/Schema': '~effect/Schema', annotations: undefined, checks: undefined, encoding: undefined, context: undefined, _tag: 'Objects', propertySignatures: [ { name: 'column', type: { '~effect/Schema': '~effect/Schema', annotations: undefined, checks: [ { _tag: 'Filter', run: 'Function<anonymous>', annotations: { expected: 'an integer', representation: { id: 'effect/schema/isInt', payload: null }, toJsonSchema: 'Function<toJsonSchema>', toCode: 'Function<toCode>', arbitrary: { constraint: { integer: true } } }, aborted: false, constructor: 'Function<Filter>', annotate: 'Function<annotate>', abort: 'Function<abort>', and: 'Function<and>', pipe: 'Function<pipe>' }, { _tag: 'Filter', run: 'Function<anonymous>', annotations: { expected: 'a value greater than 0', arbitrary: { constraint: { ordered: { order: 'Function<anonymous>', minimum: +0, exclusiveMinimum: true } } }, representation: { id: 'effect/schema/isGreaterThan', payload: { exclusiveMinimum: +0 } }, toJsonSchema: 'Function<toJsonSchema>', toCode: 'Function<toCode>', brands: [ 'RuntimeDiagnosticColumnPosition' ] }, aborted: false, constructor: 'Function<Filter>', annotate: 'Function<annotate>', abort: 'Function<abort>', and: 'Function<and>', pipe: 'Function<pipe>' } ], encoding: undefined, context: undefined, _tag: 'Number', constructor: 'Function<Number>', getParser: 'Function<getParser>', matchKey: 'Function<matchKey>', matchPart: 'Function<matchPart>', _match: 'Function<_match>', toCodecJson: 'Function<toCodecJson>', toCodecStringTree: 'Function<toCodecStringTree>', getExpected: 'Function<getExpected>', toString: 'Function<toString>' }, constructor: 'Function<PropertySignature>' }, { name: 'function', type: { '~effect/Schema': '~effect/Schema', annotations: undefined, checks: [ { _tag: 'Filter', run: 'Function<anonymous>', annotations: { expected: 'a value with a length of at least 1', representation: { id: 'effect/schema/isMinLength', payload: { minLength: 1 } }, toJsonSchema: 'Function<toJsonSchema>', toCode: 'Function<toCode>', '~structural': true, arbitrary: { constraint: { minLength: 1 } } }, aborted: false, constructor: 'Function<Filter>', annotate: 'Function<annotate>', abort: 'Function<abort>', and: 'Function<and>', pipe: 'Function<pipe>' }, { _tag: 'Filter', run: 'Function<anonymous>', annotations: undefined, aborted: false, constructor: 'Function<Filter>', annotate: 'Function<annotate>', abort: 'Function<abort>', and: 'Function<and>', pipe: 'Function<pipe>' } ], encoding: undefined, context: undefined, _tag: 'String', constructor: 'Function<String>', getParser: 'Function<getParser>', matchPart: 'Function<matchPart>', getExpected: 'Function<getExpected>', toString: 'Function<toString>' }, constructor: 'Function<PropertySignature>' }, { name: 'line', type: { '~effect/Schema': '~effect/Schema', annotations: undefined, checks: [ { _tag: 'Filter', run: 'Function<anonymous>', annotations: { expected: 'an integer', representation: { id: 'effect/schema/isInt', payload: null }, toJsonSchema: 'Function<toJsonSchema>', toCode: 'Function<toCode>', arbitrary: { constraint: { integer: true } } }, aborted: false, constructor: 'Function<Filter>', annotate: 'Function<annotate>', abort: 'Function<abort>', and: 'Function<and>', pipe: 'Function<pipe>' }, { _tag: 'Filter', run: 'Function<anonymous>', annotations: { expected: 'a value greater than 0', arbitrary: { constraint: { ordered: { order: 'Function<anonymous>', minimum: +0, exclusiveMinimum: true } } }, representation: { id: 'effect/schema/isGreaterThan', payload: { exclusiveMinimum: +0 } }, toJsonSchema: 'Function<toJsonSchema>', toCode: 'Function<toCode>', brands: [ 'RuntimeDiagnosticLinePosition' ] }, aborted: false, constructor: 'Function<Filter>', annotate: 'Function<annotate>', abort: 'Function<abort>', and: 'Function<and>', pipe: 'Function<pipe>' } ], encoding: undefined, context: undefined, _tag: 'Number', constructor: 'Function<Number>', getParser: 'Function<getParser>', matchKey: 'Function<matchKey>', matchPart: 'Function<matchPart>', _match: 'Function<_match>', toCodecJson: 'Function<toCodecJson>', toCodecStringTree: 'Function<toCodecStringTree>', getExpected: 'Function<getExpected>', toString: 'Function<toString>' }, constructor: 'Function<PropertySignature>' }, { name: 'module', type: { '~effect/Schema': '~effect/Schema', annotations: undefined, checks: [ { _tag: 'Filter', run: 'Function<anonymous>', annotations: { expected: 'a value with a length of at least 1', representation: { id: 'effect/schema/isMinLength', payload: { minLength: 1 } }, toJsonSchema: 'Function<toJsonSchema>', toCode: 'Function<toCode>', '~structural': true, arbitrary: { constraint: { minLength: 1 } } }, aborted: false, constructor: 'Function<Filter>', annotate: 'Function<annotate>', abort: 'Function<abort>', and: 'Function<and>', pipe: 'Function<pipe>' }, { _tag: 'Filter', run: 'Function<anonymous>', annotations: undefined, aborted: false, constructor: 'Function<Filter>', annotate: 'Function<annotate>', abort: 'Function<abort>', and: 'Function<and>', pipe: 'Function<pipe>' } ], encoding: undefined, context: undefined, _tag: 'String', constructor: 'Function<String>', getParser: 'Function<getParser>', matchPart: 'Function<matchPart>', getExpected: 'Function<getExpected>', toString: 'Function<toString>' }, constructor: 'Function<PropertySignature>' } ], indexSignatures: [], encodingChecks: undefined, constructor: 'Function<Objects>', getParser: 'Function<getParser>', _rebuild: 'Function<_rebuild>', flip: 'Function<flip>', recur: 'Function<recur>', getExpected: 'Function<getExpected>', toString: 'Function<toString>' } ], rest: [ { '~effect/Schema': '~effect/Schema', annotations: undefined, checks: undefined, encoding: undefined, context: undefined, _tag: 'Objects', propertySignatures: [ { name: 'column', type: { '~effect/Schema': '~effect/Schema', annotations: undefined, checks: [ { _tag: 'Filter', run: 'Function<anonymous>', annotations: { expected: 'an integer', representation: { id: 'effect/schema/isInt', payload: null }, toJsonSchema: 'Function<toJsonSchema>', toCode: 'Function<toCode>', arbitrary: { constraint: { integer: true } } }, aborted: false, constructor: 'Function<Filter>', annotate: 'Function<annotate>', abort: 'Function<abort>', and: 'Function<and>', pipe: 'Function<pipe>' }, { _tag: 'Filter', run: 'Function<anonymous>', annotations: { expected: 'a value greater than 0', arbitrary: { constraint: { ordered: { order: 'Function<anonymous>', minimum: +0, exclusiveMinimum: true } } }, representation: { id: 'effect/schema/isGreaterThan', payload: { exclusiveMinimum: +0 } }, toJsonSchema: 'Function<toJsonSchema>', toCode: 'Function<toCode>', brands: [ 'RuntimeDiagnosticColumnPosition' ] }, aborted: false, constructor: 'Function<Filter>', annotate: 'Function<annotate>', abort: 'Function<abort>', and: 'Function<and>', pipe: 'Function<pipe>' } ], encoding: undefined, context: undefined, _tag: 'Number', constructor: 'Function<Number>', getParser: 'Function<getParser>', matchKey: 'Function<matchKey>', matchPart: 'Function<matchPart>', _match: 'Function<_match>', toCodecJson: 'Function<toCodecJson>', toCodecStringTree: 'Function<toCodecStringTree>', getExpected: 'Function<getExpected>', toString: 'Function<toString>' }, constructor: 'Function<PropertySignature>' }, { name: 'function', type: { '~effect/Schema': '~effect/Schema', annotations: undefined, checks: [ { _tag: 'Filter', run: 'Function<anonymous>', annotations: { expected: 'a value with a length of at least 1', representation: { id: 'effect/schema/isMinLength', payload: { minLength: 1 } }, toJsonSchema: 'Function<toJsonSchema>', toCode: 'Function<toCode>', '~structural': true, arbitrary: { constraint: { minLength: 1 } } }, aborted: false, constructor: 'Function<Filter>', annotate: 'Function<annotate>', abort: 'Function<abort>', and: 'Function<and>', pipe: 'Function<pipe>' }, { _tag: 'Filter', run: 'Function<anonymous>', annotations: undefined, aborted: false, constructor: 'Function<Filter>', annotate: 'Function<annotate>', abort: 'Function<abort>', and: 'Function<and>', pipe: 'Function<pipe>' } ], encoding: undefined, context: undefined, _tag: 'String', constructor: 'Function<String>', getParser: 'Function<getParser>', matchPart: 'Function<matchPart>', getExpected: 'Function<getExpected>', toString: 'Function<toString>' }, constructor: 'Function<PropertySignature>' }, { name: 'line', type: { '~effect/Schema': '~effect/Schema', annotations: undefined, checks: [ { _tag: 'Filter', run: 'Function<anonymous>', annotations: { expected: 'an integer', representation: { id: 'effect/schema/isInt', payload: null }, toJsonSchema: 'Function<toJsonSchema>', toCode: 'Function<toCode>', arbitrary: { constraint: { integer: true } } }, aborted: false, constructor: 'Function<Filter>', annotate: 'Function<annotate>', abort: 'Function<abort>', and: 'Function<and>', pipe: 'Function<pipe>' }, { _tag: 'Filter', run: 'Function<anonymous>', annotations: { expected: 'a value greater than 0', arbitrary: { constraint: { ordered: { order: 'Function<anonymous>', minimum: +0, exclusiveMinimum: true } } }, representation: { id: 'effect/schema/isGreaterThan', payload: { exclusiveMinimum: +0 } }, toJsonSchema: 'Function<toJsonSchema>', toCode: 'Function<toCode>', brands: [ 'RuntimeDiagnosticLinePosition' ] }, aborted: false, constructor: 'Function<Filter>', annotate: 'Function<annotate>', abort: 'Function<abort>', and: 'Function<and>', pipe: 'Function<pipe>' } ], encoding: undefined, context: undefined, _tag: 'Number', constructor: 'Function<Number>', getParser: 'Function<getParser>', matchKey: 'Function<matchKey>', matchPart: 'Function<matchPart>', _match: 'Function<_match>', toCodecJson: 'Function<toCodecJson>', toCodecStringTree: 'Function<toCodecStringTree>', getExpected: 'Function<getExpected>', toString: 'Function<toString>' }, constructor: 'Function<PropertySignature>' }, { name: 'module', type: { '~effect/Schema': '~effect/Schema', annotations: undefined, checks: [ { _tag: 'Filter', run: 'Function<anonymous>', annotations: { expected: 'a value with a length of at least 1', representation: { id: 'effect/schema/isMinLength', payload: { minLength: 1 } }, toJsonSchema: 'Function<toJsonSchema>', toCode: 'Function<toCode>', '~structural': true, arbitrary: { constraint: { minLength: 1 } } }, aborted: false, constructor: 'Function<Filter>', annotate: 'Function<annotate>', abort: 'Function<abort>', and: 'Function<and>', pipe: 'Function<pipe>' }, { _tag: 'Filter', run: 'Function<anonymous>', annotations: undefined, aborted: false, constructor: 'Function<Filter>', annotate: 'Function<annotate>', abort: 'Function<abort>', and: 'Function<and>', pipe: 'Function<pipe>' } ], encoding: undefined, context: undefined, _tag: 'String', constructor: 'Function<String>', getParser: 'Function<getParser>', matchPart: 'Function<matchPart>', getExpected: 'Function<getExpected>', toString: 'Function<toString>' }, constructor: 'Function<PropertySignature>' } ], indexSignatures: [], encodingChecks: undefined, constructor: 'Function<Objects>', getParser: 'Function<getParser>', _rebuild: 'Function<_rebuild>', flip: 'Function<flip>', recur: 'Function<recur>', getExpected: 'Function<getExpected>', toString: 'Function<toString>' } ], encodingChecks: undefined, constructor: 'Function<Arrays>', getParser: 'Function<getParser>', _rebuild: 'Function<_rebuild>', recur: 'Function<recur>', flip: 'Function<flip>', getExpected: 'Function<getExpected>', toString: 'Function<toString>' }, constructor: 'Function<PropertySignature>' }, { name: 'operation', type: { '~effect/Schema': '~effect/Schema', annotations: undefined, checks: [ { _tag: 'Filter', run: 'Function<anonymous>', annotations: { expected: 'a value with a length of at least 1', representation: { id: 'effect/schema/isMinLength', payload: { minLength: 1 } }, toJsonSchema: 'Function<toJsonSchema>', toCode: 'Function<toCode>', '~structural': true, arbitrary: { constraint: { minLength: 1 } } }, aborted: false, constructor: 'Function<Filter>', annotate: 'Function<annotate>', abort: 'Function<abort>', and: 'Function<and>', pipe: 'Function<pipe>' }, { _tag: 'Filter', run: 'Function<anonymous>', annotations: undefined, aborted: false, constructor: 'Function<Filter>', annotate: 'Function<annotate>', abort: 'Function<abort>', and: 'Function<and>', pipe: 'Function<pipe>' } ], encoding: undefined, context: { isOptional: true, isMutable: false, constructorDefault: undefined, annotations: undefined, constructor: 'Function<Context>' }, _tag: 'String', constructor: 'Function<String>', getParser: 'Function<getParser>', matchPart: 'Function<matchPart>', getExpected: 'Function<getExpected>', toString: 'Function<toString>' }, constructor: 'Function<PropertySignature>' }, { name: 'safeMessage', type: { '~effect/Schema': '~effect/Schema', annotations: undefined, checks: [ { _tag: 'Filter', run: 'Function<anonymous>', annotations: { expected: 'a value with a length of at least 1', representation: { id: 'effect/schema/isMinLength', payload: { minLength: 1 } }, toJsonSchema: 'Function<toJsonSchema>', toCode: 'Function<toCode>', '~structural': true, arbitrary: { constraint: { minLength: 1 } } }, aborted: false, constructor: 'Function<Filter>', annotate: 'Function<annotate>', abort: 'Function<abort>', and: 'Function<and>', pipe: 'Function<pipe>' }, { _tag: 'Filter', run: 'Function<anonymous>', annotations: undefined, aborted: false, constructor: 'Function<Filter>', annotate: 'Function<annotate>', abort: 'Function<abort>', and: 'Function<and>', pipe: 'Function<pipe>' } ], encoding: undefined, context: undefined, _tag: 'String', constructor: 'Function<String>', getParser: 'Function<getParser>', matchPart: 'Function<matchPart>', getExpected: 'Function<getExpected>', toString: 'Function<toString>' }, constructor: 'Function<PropertySignature>' }, { name: 'syscall', type: { '~effect/Schema': '~effect/Schema', annotations: undefined, checks: [ { _tag: 'Filter', run: 'Function<anonymous>', annotations: { expected: 'a value with a length of at least 1', representation: { id: 'effect/schema/isMinLength', payload: { minLength: 1 } }, toJsonSchema: 'Function<toJsonSchema>', toCode: 'Function<toCode>', '~structural': true, arbitrary: { constraint: { minLength: 1 } } }, aborted: false, constructor: 'Function<Filter>', annotate: 'Function<annotate>', abort: 'Function<abort>', and: 'Function<and>', pipe: 'Function<pipe>' }, { _tag: 'Filter', run: 'Function<anonymous>', annotations: undefined, aborted: false, constructor: 'Function<Filter>', annotate: 'Function<annotate>', abort: 'Function<abort>', and: 'Function<and>', pipe: 'Function<pipe>' } ], encoding: undefined, context: { isOptional: true, isMutable: false, constructorDefault: undefined, annotations: undefined, constructor: 'Function<Context>' }, _tag: 'String', constructor: 'Function<String>', getParser: 'Function<getParser>', matchPart: 'Function<matchPart>', getExpected: 'Function<getExpected>', toString: 'Function<toString>' }, constructor: 'Function<PropertySignature>' } ], indexSignatures: [], encodingChecks: undefined, constructor: 'Function<Objects>', getParser: 'Function<getParser>', _rebuild: 'Function<_rebuild>', flip: 'Function<flip>', recur: 'Function<recur>', getExpected: 'Function<getExpected>', toString: 'Function<toString>' }, constructor: 'Function<PropertySignature>' } ], indexSignatures: [], encodingChecks: undefined, constructor: 'Function<Objects>', getParser: 'Function<getParser>', _rebuild: 'Function<_rebuild>', flip: 'Function<flip>', recur: 'Function<recur>', getExpected: 'Function<getExpected>', toString: 'Function<toString>' }, { '~effect/Schema': '~effect/Schema', annotations: undefined, checks: undefined, encoding: undefined, context: undefined, _tag: 'Objects', propertySignatures: [ { name: '_tag', type: { '~effect/Schema': '~effect/Schema', annotations: undefined, checks: undefined, encoding: undefined, context: { isOptional: false, isMutable: false, constructorDefault: { to: { '~effect/Schema': '~effect/Schema', annotations: undefined, checks: undefined, encoding: undefined, context: undefined, _tag: 'Unknown', constructor: 'Function<Unknown>', getParser: 'Function<getParser>', getExpected: 'Function<getExpected>', toString: 'Function<toString>' }, transformation: { '~effect/SchemaTransformation/Transformation': '~effect/SchemaTransformation/Transformation', _tag: 'Transformation', decode: { run: 'Function<anonymous>', constructor: 'Function<Getter>', map: 'Function<map>', compose: 'Function<compose>', pipe: 'Function<pipe>' }, encode: { run: 'Function<anonymous>', constructor: 'Function<Getter>', map: 'Function<map>', compose: 'Function<compose>', pipe: 'Function<pipe>' }, constructor: 'Function<Transformation>', flip: 'Function<flip>', compose: 'Function<compose>' }, constructor: 'Function<Link>' }, annotations: undefined, constructor: 'Function<Context>' }, _tag: 'Literal', literal: 'Interruption', constructor: 'Function<Literal>', getParser: 'Function<getParser>', matchPart: 'Function<matchPart>', toCodecJson: 'Function<toCodecJson>', toCodecStringTree: 'Function<toCodecStringTree>', getExpected: 'Function<getExpected>', toString: 'Function<toString>' }, constructor: 'Function<PropertySignature>' }, { name: 'error', type: { '~effect/Schema': '~effect/Schema', annotations: undefined, checks: undefined, encoding: undefined, context: undefined, _tag: 'Objects', propertySignatures: [ { name: 'category', type: { '~effect/Schema': '~effect/Schema', annotations: undefined, checks: [ { _tag: 'Filter', run: 'Function<anonymous>', annotations: { expected: 'a value with a length of at least 1', representation: { id: 'effect/schema/isMinLength', payload: { minLength: 1 } }, toJsonSchema: 'Function<toJsonSchema>', toCode: 'Function<toCode>', '~structural': true, arbitrary: { constraint: { minLength: 1 } } }, aborted: false, constructor: 'Function<Filter>', annotate: 'Function<annotate>', abort: 'Function<abort>', and: 'Function<and>', pipe: 'Function<pipe>' }, { _tag: 'Filter', run: 'Function<anonymous>', annotations: undefined, aborted: false, constructor: 'Function<Filter>', annotate: 'Function<annotate>', abort: 'Function<abort>', and: 'Function<and>', pipe: 'Function<pipe>' } ], encoding: undefined, context: { isOptional: true, isMutable: false, constructorDefault: undefined, annotations: undefined, constructor: 'Function<Context>' }, _tag: 'String', constructor: 'Function<String>', getParser: 'Function<getParser>', matchPart: 'Function<matchPart>', getExpected: 'Function<getExpected>', toString: 'Function<toString>' }, constructor: 'Function<PropertySignature>' }, { name: 'causes', type: { '~effect/Schema': '~effect/Schema', annotations: undefined, checks: [ { _tag: 'Filter', run: 'Function<anonymous>', annotations: { expected: 'a value with a length of at most 2', representation: { id: 'effect/schema/isMaxLength', payload: { maxLength: 2 } }, toJsonSchema: 'Function<toJsonSchema>', toCode: 'Function<toCode>', '~structural': true, arbitrary: { constraint: { maxLength: 2 } } }, aborted: false, constructor: 'Function<Filter>', annotate: 'Function<annotate>', abort: 'Function<abort>', and: 'Function<and>', pipe: 'Function<pipe>' } ], encoding: undefined, context: { isOptional: true, isMutable: false, constructorDefault: undefined, annotations: undefined, constructor: 'Function<Context>' }, _tag: 'Arrays', isMutable: false, elements: [ { '~effect/Schema': '~effect/Schema', annotations: undefined, checks: undefined, encoding: undefined, context: undefined, _tag: 'Suspend', thunk: 'Function<anonymous>', constructor: 'Function<Suspend>', getParser: 'Function<getParser>', recur: 'Function<recur>', getExpected: 'Function<getExpected>', toString: 'Function<toString>' } ], rest: [ { '~effect/Schema': '~effect/Schema', annotations: undefined, checks: undefined, encoding: undefined, context: undefined, _tag: 'Suspend', thunk: 'Function<anonymous>', constructor: 'Function<Suspend>', getParser: 'Function<getParser>', recur: 'Function<recur>', getExpected: 'Function<getExpected>', toString: 'Function<toString>' } ], encodingChecks: undefined, constructor: 'Function<Arrays>', getParser: 'Function<getParser>', _rebuild: 'Function<_rebuild>', recur: 'Function<recur>', flip: 'Function<flip>', getExpected: 'Function<getExpected>', toString: 'Function<toString>' }, constructor: 'Function<PropertySignature>' }, { name: 'code', type: { '~effect/Schema': '~effect/Schema', annotations: undefined, checks: [ { _tag: 'Filter', run: 'Function<anonymous>', annotations: { expected: 'a value with a length of at least 1', representation: { id: 'effect/schema/isMinLength', payload: { minLength: 1 } }, toJsonSchema: 'Function<toJsonSchema>', toCode: 'Function<toCode>', '~structural': true, arbitrary: { constraint: { minLength: 1 } } }, aborted: false, constructor: 'Function<Filter>', annotate: 'Function<annotate>', abort: 'Function<abort>', and: 'Function<and>', pipe: 'Function<pipe>' }, { _tag: 'Filter', run: 'Function<anonymous>', annotations: undefined, aborted: false, constructor: 'Function<Filter>', annotate: 'Function<annotate>', abort: 'Function<abort>', and: 'Function<and>', pipe: 'Function<pipe>' } ], encoding: undefined, context: { isOptional: true, isMutable: false, constructorDefault: undefined, annotations: undefined, constructor: 'Function<Context>' }, _tag: 'String', constructor: 'Function<String>', getParser: 'Function<getParser>', matchPart: 'Function<matchPart>', getExpected: 'Function<getExpected>', toString: 'Function<toString>' }, constructor: 'Function<PropertySignature>' }, { name: 'errorTag', type: { '~effect/Schema': '~effect/Schema', annotations: undefined, checks: [ { _tag: 'Filter', run: 'Function<anonymous>', annotations: { expected: 'a value with a length of at least 1', representation: { id: 'effect/schema/isMinLength', payload: { minLength: 1 } }, toJsonSchema: 'Function<toJsonSchema>', toCode: 'Function<toCode>', '~structural': true, arbitrary: { constraint: { minLength: 1 } } }, aborted: false, constructor: 'Function<Filter>', annotate: 'Function<annotate>', abort: 'Function<abort>', and: 'Function<and>', pipe: 'Function<pipe>' }, { _tag: 'Filter', run: 'Function<anonymous>', annotations: undefined, aborted: false, constructor: 'Function<Filter>', annotate: 'Function<annotate>', abort: 'Function<abort>', and: 'Function<and>', pipe: 'Function<pipe>' } ], encoding: undefined, context: undefined, _tag: 'String', constructor: 'Function<String>', getParser: 'Function<getParser>', matchPart: 'Function<matchPart>', getExpected: 'Function<getExpected>', toString: 'Function<toString>' }, constructor: 'Function<PropertySignature>' }, { name: 'frames', type: { '~effect/Schema': '~effect/Schema', annotations: undefined, checks: [ { _tag: 'Filter', run: 'Function<anonymous>', annotations: { expected: 'a value with a length of at most 4', representation: { id: 'effect/schema/isMaxLength', payload: { maxLength: 4 } }, toJsonSchema: 'Function<toJsonSchema>', toCode: 'Function<toCode>', '~structural': true, arbitrary: { constraint: { maxLength: 4 } } }, aborted: false, constructor: 'Function<Filter>', annotate: 'Function<annotate>', abort: 'Function<abort>', and: 'Function<and>', pipe: 'Function<pipe>' } ], encoding: undefined, context: { isOptional: true, isMutable: false, constructorDefault: undefined, annotations: undefined, constructor: 'Function<Context>' }, _tag: 'Arrays', isMutable: false, elements: [ { '~effect/Schema': '~effect/Schema', annotations: undefined, checks: undefined, encoding: undefined, context: undefined, _tag: 'Objects', propertySignatures: [ { name: 'column', type: { '~effect/Schema': '~effect/Schema', annotations: undefined, checks: [ { _tag: 'Filter', run: 'Function<anonymous>', annotations: { expected: 'an integer', representation: { id: 'effect/schema/isInt', payload: null }, toJsonSchema: 'Function<toJsonSchema>', toCode: 'Function<toCode>', arbitrary: { constraint: { integer: true } } }, aborted: false, constructor: 'Function<Filter>', annotate: 'Function<annotate>', abort: 'Function<abort>', and: 'Function<and>', pipe: 'Function<pipe>' }, { _tag: 'Filter', run: 'Function<anonymous>', annotations: { expected: 'a value greater than 0', arbitrary: { constraint: { ordered: { order: 'Function<anonymous>', minimum: +0, exclusiveMinimum: true } } }, representation: { id: 'effect/schema/isGreaterThan', payload: { exclusiveMinimum: +0 } }, toJsonSchema: 'Function<toJsonSchema>', toCode: 'Function<toCode>', brands: [ 'RuntimeDiagnosticColumnPosition' ] }, aborted: false, constructor: 'Function<Filter>', annotate: 'Function<annotate>', abort: 'Function<abort>', and: 'Function<and>', pipe: 'Function<pipe>' } ], encoding: undefined, context: undefined, _tag: 'Number', constructor: 'Function<Number>', getParser: 'Function<getParser>', matchKey: 'Function<matchKey>', matchPart: 'Function<matchPart>', _match: 'Function<_match>', toCodecJson: 'Function<toCodecJson>', toCodecStringTree: 'Function<toCodecStringTree>', getExpected: 'Function<getExpected>', toString: 'Function<toString>' }, constructor: 'Function<PropertySignature>' }, { name: 'function', type: { '~effect/Schema': '~effect/Schema', annotations: undefined, checks: [ { _tag: 'Filter', run: 'Function<anonymous>', annotations: { expected: 'a value with a length of at least 1', representation: { id: 'effect/schema/isMinLength', payload: { minLength: 1 } }, toJsonSchema: 'Function<toJsonSchema>', toCode: 'Function<toCode>', '~structural': true, arbitrary: { constraint: { minLength: 1 } } }, aborted: false, constructor: 'Function<Filter>', annotate: 'Function<annotate>', abort: 'Function<abort>', and: 'Function<and>', pipe: 'Function<pipe>' }, { _tag: 'Filter', run: 'Function<anonymous>', annotations: undefined, aborted: false, constructor: 'Function<Filter>', annotate: 'Function<annotate>', abort: 'Function<abort>', and: 'Function<and>', pipe: 'Function<pipe>' } ], encoding: undefined, context: undefined, _tag: 'String', constructor: 'Function<String>', getParser: 'Function<getParser>', matchPart: 'Function<matchPart>', getExpected: 'Function<getExpected>', toString: 'Function<toString>' }, constructor: 'Function<PropertySignature>' }, { name: 'line', type: { '~effect/Schema': '~effect/Schema', annotations: undefined, checks: [ { _tag: 'Filter', run: 'Function<anonymous>', annotations: { expected: 'an integer', representation: { id: 'effect/schema/isInt', payload: null }, toJsonSchema: 'Function<toJsonSchema>', toCode: 'Function<toCode>', arbitrary: { constraint: { integer: true } } }, aborted: false, constructor: 'Function<Filter>', annotate: 'Function<annotate>', abort: 'Function<abort>', and: 'Function<and>', pipe: 'Function<pipe>' }, { _tag: 'Filter', run: 'Function<anonymous>', annotations: { expected: 'a value greater than 0', arbitrary: { constraint: { ordered: { order: 'Function<anonymous>', minimum: +0, exclusiveMinimum: true } } }, representation: { id: 'effect/schema/isGreaterThan', payload: { exclusiveMinimum: +0 } }, toJsonSchema: 'Function<toJsonSchema>', toCode: 'Function<toCode>', brands: [ 'RuntimeDiagnosticLinePosition' ] }, aborted: false, constructor: 'Function<Filter>', annotate: 'Function<annotate>', abort: 'Function<abort>', and: 'Function<and>', pipe: 'Function<pipe>' } ], encoding: undefined, context: undefined, _tag: 'Number', constructor: 'Function<Number>', getParser: 'Function<getParser>', matchKey: 'Function<matchKey>', matchPart: 'Function<matchPart>', _match: 'Function<_match>', toCodecJson: 'Function<toCodecJson>', toCodecStringTree: 'Function<toCodecStringTree>', getExpected: 'Function<getExpected>', toString: 'Function<toString>' }, constructor: 'Function<PropertySignature>' }, { name: 'module', type: { '~effect/Schema': '~effect/Schema', annotations: undefined, checks: [ { _tag: 'Filter', run: 'Function<anonymous>', annotations: { expected: 'a value with a length of at least 1', representation: { id: 'effect/schema/isMinLength', payload: { minLength: 1 } }, toJsonSchema: 'Function<toJsonSchema>', toCode: 'Function<toCode>', '~structural': true, arbitrary: { constraint: { minLength: 1 } } }, aborted: false, constructor: 'Function<Filter>', annotate: 'Function<annotate>', abort: 'Function<abort>', and: 'Function<and>', pipe: 'Function<pipe>' }, { _tag: 'Filter', run: 'Function<anonymous>', annotations: undefined, aborted: false, constructor: 'Function<Filter>', annotate: 'Function<annotate>', abort: 'Function<abort>', and: 'Function<and>', pipe: 'Function<pipe>' } ], encoding: undefined, context: undefined, _tag: 'String', constructor: 'Function<String>', getParser: 'Function<getParser>', matchPart: 'Function<matchPart>', getExpected: 'Function<getExpected>', toString: 'Function<toString>' }, constructor: 'Function<PropertySignature>' } ], indexSignatures: [], encodingChecks: undefined, constructor: 'Function<Objects>', getParser: 'Function<getParser>', _rebuild: 'Function<_rebuild>', flip: 'Function<flip>', recur: 'Function<recur>', getExpected: 'Function<getExpected>', toString: 'Function<toString>' } ], rest: [ { '~effect/Schema': '~effect/Schema', annotations: undefined, checks: undefined, encoding: undefined, context: undefined, _tag: 'Objects', propertySignatures: [ { name: 'column', type: { '~effect/Schema': '~effect/Schema', annotations: undefined, checks: [ { _tag: 'Filter', run: 'Function<anonymous>', annotations: { expected: 'an integer', representation: { id: 'effect/schema/isInt', payload: null }, toJsonSchema: 'Function<toJsonSchema>', toCode: 'Function<toCode>', arbitrary: { constraint: { integer: true } } }, aborted: false, constructor: 'Function<Filter>', annotate: 'Function<annotate>', abort: 'Function<abort>', and: 'Function<and>', pipe: 'Function<pipe>' }, { _tag: 'Filter', run: 'Function<anonymous>', annotations: { expected: 'a value greater than 0', arbitrary: { constraint: { ordered: { order: 'Function<anonymous>', minimum: +0, exclusiveMinimum: true } } }, representation: { id: 'effect/schema/isGreaterThan', payload: { exclusiveMinimum: +0 } }, toJsonSchema: 'Function<toJsonSchema>', toCode: 'Function<toCode>', brands: [ 'RuntimeDiagnosticColumnPosition' ] }, aborted: false, constructor: 'Function<Filter>', annotate: 'Function<annotate>', abort: 'Function<abort>', and: 'Function<and>', pipe: 'Function<pipe>' } ], encoding: undefined, context: undefined, _tag: 'Number', constructor: 'Function<Number>', getParser: 'Function<getParser>', matchKey: 'Function<matchKey>', matchPart: 'Function<matchPart>', _match: 'Function<_match>', toCodecJson: 'Function<toCodecJson>', toCodecStringTree: 'Function<toCodecStringTree>', getExpected: 'Function<getExpected>', toString: 'Function<toString>' }, constructor: 'Function<PropertySignature>' }, { name: 'function', type: { '~effect/Schema': '~effect/Schema', annotations: undefined, checks: [ { _tag: 'Filter', run: 'Function<anonymous>', annotations: { expected: 'a value with a length of at least 1', representation: { id: 'effect/schema/isMinLength', payload: { minLength: 1 } }, toJsonSchema: 'Function<toJsonSchema>', toCode: 'Function<toCode>', '~structural': true, arbitrary: { constraint: { minLength: 1 } } }, aborted: false, constructor: 'Function<Filter>', annotate: 'Function<annotate>', abort: 'Function<abort>', and: 'Function<and>', pipe: 'Function<pipe>' }, { _tag: 'Filter', run: 'Function<anonymous>', annotations: undefined, aborted: false, constructor: 'Function<Filter>', annotate: 'Function<annotate>', abort: 'Function<abort>', and: 'Function<and>', pipe: 'Function<pipe>' } ], encoding: undefined, context: undefined, _tag: 'String', constructor: 'Function<String>', getParser: 'Function<getParser>', matchPart: 'Function<matchPart>', getExpected: 'Function<getExpected>', toString: 'Function<toString>' }, constructor: 'Function<PropertySignature>' }, { name: 'line', type: { '~effect/Schema': '~effect/Schema', annotations: undefined, checks: [ { _tag: 'Filter', run: 'Function<anonymous>', annotations: { expected: 'an integer', representation: { id: 'effect/schema/isInt', payload: null }, toJsonSchema: 'Function<toJsonSchema>', toCode: 'Function<toCode>', arbitrary: { constraint: { integer: true } } }, aborted: false, constructor: 'Function<Filter>', annotate: 'Function<annotate>', abort: 'Function<abort>', and: 'Function<and>', pipe: 'Function<pipe>' }, { _tag: 'Filter', run: 'Function<anonymous>', annotations: { expected: 'a value greater than 0', arbitrary: { constraint: { ordered: { order: 'Function<anonymous>', minimum: +0, exclusiveMinimum: true } } }, representation: { id: 'effect/schema/isGreaterThan', payload: { exclusiveMinimum: +0 } }, toJsonSchema: 'Function<toJsonSchema>', toCode: 'Function<toCode>', brands: [ 'RuntimeDiagnosticLinePosition' ] }, aborted: false, constructor: 'Function<Filter>', annotate: 'Function<annotate>', abort: 'Function<abort>', and: 'Function<and>', pipe: 'Function<pipe>' } ], encoding: undefined, context: undefined, _tag: 'Number', constructor: 'Function<Number>', getParser: 'Function<getParser>', matchKey: 'Function<matchKey>', matchPart: 'Function<matchPart>', _match: 'Function<_match>', toCodecJson: 'Function<toCodecJson>', toCodecStringTree: 'Function<toCodecStringTree>', getExpected: 'Function<getExpected>', toString: 'Function<toString>' }, constructor: 'Function<PropertySignature>' }, { name: 'module', type: { '~effect/Schema': '~effect/Schema', annotations: undefined, checks: [ { _tag: 'Filter', run: 'Function<anonymous>', annotations: { expected: 'a value with a length of at least 1', representation: { id: 'effect/schema/isMinLength', payload: { minLength: 1 } }, toJsonSchema: 'Function<toJsonSchema>', toCode: 'Function<toCode>', '~structural': true, arbitrary: { constraint: { minLength: 1 } } }, aborted: false, constructor: 'Function<Filter>', annotate: 'Function<annotate>', abort: 'Function<abort>', and: 'Function<and>', pipe: 'Function<pipe>' }, { _tag: 'Filter', run: 'Function<anonymous>', annotations: undefined, aborted: false, constructor: 'Function<Filter>', annotate: 'Function<annotate>', abort: 'Function<abort>', and: 'Function<and>', pipe: 'Function<pipe>' } ], encoding: undefined, context: undefined, _tag: 'String', constructor: 'Function<String>', getParser: 'Function<getParser>', matchPart: 'Function<matchPart>', getExpected: 'Function<getExpected>', toString: 'Function<toString>' }, constructor: 'Function<PropertySignature>' } ], indexSignatures: [], encodingChecks: undefined, constructor: 'Function<Objects>', getParser: 'Function<getParser>', _rebuild: 'Function<_rebuild>', flip: 'Function<flip>', recur: 'Function<recur>', getExpected: 'Function<getExpected>', toString: 'Function<toString>' } ], encodingChecks: undefined, constructor: 'Function<Arrays>', getParser: 'Function<getParser>', _rebuild: 'Function<_rebuild>', recur: 'Function<recur>', flip: 'Function<flip>', getExpected: 'Function<getExpected>', toString: 'Function<toString>' }, constructor: 'Function<PropertySignature>' }, { name: 'operation', type: { '~effect/Schema': '~effect/Schema', annotations: undefined, checks: [ { _tag: 'Filter', run: 'Function<anonymous>', annotations: { expected: 'a value with a length of at least 1', representation: { id: 'effect/schema/isMinLength', payload: { minLength: 1 } }, toJsonSchema: 'Function<toJsonSchema>', toCode: 'Function<toCode>', '~structural': true, arbitrary: { constraint: { minLength: 1 } } }, aborted: false, constructor: 'Function<Filter>', annotate: 'Function<annotate>', abort: 'Function<abort>', and: 'Function<and>', pipe: 'Function<pipe>' }, { _tag: 'Filter', run: 'Function<anonymous>', annotations: undefined, aborted: false, constructor: 'Function<Filter>', annotate: 'Function<annotate>', abort: 'Function<abort>', and: 'Function<and>', pipe: 'Function<pipe>' } ], encoding: undefined, context: { isOptional: true, isMutable: false, constructorDefault: undefined, annotations: undefined, constructor: 'Function<Context>' }, _tag: 'String', constructor: 'Function<String>', getParser: 'Function<getParser>', matchPart: 'Function<matchPart>', getExpected: 'Function<getExpected>', toString: 'Function<toString>' }, constructor: 'Function<PropertySignature>' }, { name: 'safeMessage', type: { '~effect/Schema': '~effect/Schema', annotations: undefined, checks: [ { _tag: 'Filter', run: 'Function<anonymous>', annotations: { expected: 'a value with a length of at least 1', representation: { id: 'effect/schema/isMinLength', payload: { minLength: 1 } }, toJsonSchema: 'Function<toJsonSchema>', toCode: 'Function<toCode>', '~structural': true, arbitrary: { constraint: { minLength: 1 } } }, aborted: false, constructor: 'Function<Filter>', annotate: 'Function<annotate>', abort: 'Function<abort>', and: 'Function<and>', pipe: 'Function<pipe>' }, { _tag: 'Filter', run: 'Function<anonymous>', annotations: undefined, aborted: false, constructor: 'Function<Filter>', annotate: 'Function<annotate>', abort: 'Function<abort>', and: 'Function<and>', pipe: 'Function<pipe>' } ], encoding: undefined, context: undefined, _tag: 'String', constructor: 'Function<String>', getParser: 'Function<getParser>', matchPart: 'Function<matchPart>', getExpected: 'Function<getExpected>', toString: 'Function<toString>' }, constructor: 'Function<PropertySignature>' }, { name: 'syscall', type: { '~effect/Schema': '~effect/Schema', annotations: undefined, checks: [ { _tag: 'Filter', run: 'Function<anonymous>', annotations: { expected: 'a value with a length of at least 1', representation: { id: 'effect/schema/isMinLength', payload: { minLength: 1 } }, toJsonSchema: 'Function<toJsonSchema>', toCode: 'Function<toCode>', '~structural': true, arbitrary: { constraint: { minLength: 1 } } }, aborted: false, constructor: 'Function<Filter>', annotate: 'Function<annotate>', abort: 'Function<abort>', and: 'Function<and>', pipe: 'Function<pipe>' }, { _tag: 'Filter', run: 'Function<anonymous>', annotations: undefined, aborted: false, constructor: 'Function<Filter>', annotate: 'Function<annotate>', abort: 'Function<abort>', and: 'Function<and>', pipe: 'Function<pipe>' } ], encoding: undefined, context: { isOptional: true, isMutable: false, constructorDefault: undefined, annotations: undefined, constructor: 'Function<Context>' }, _tag: 'String', constructor: 'Function<String>', getParser: 'Function<getParser>', matchPart: 'Function<matchPart>', getExpected: 'Function<getExpected>', toString: 'Function<toString>' }, constructor: 'Function<PropertySignature>' } ], indexSignatures: [], encodingChecks: undefined, constructor: 'Function<Objects>', getParser: 'Function<getParser>', _rebuild: 'Function<_rebuild>', flip: 'Function<flip>', recur: 'Function<recur>', getExpected: 'Function<getExpected>', toString: 'Function<toString>' }, constructor: 'Function<PropertySignature>' } ], indexSignatures: [], encodingChecks: undefined, constructor: 'Function<Objects>', getParser: 'Function<getParser>', _rebuild: 'Function<_rebuild>', flip: 'Function<flip>', recur: 'Function<recur>', getExpected: 'Function<getExpected>', toString: 'Function<toString>' } ], mode: 'anyOf', encodingChecks: undefined, constructor: 'Function<Union>', getParser: 'Function<getParser>', _rebuild: 'Function<_rebuild>', recur: 'Function<recur>', flip: 'Function<flip>', matchPart: 'Function<matchPart>', getExpected: 'Function<getExpected>', toString: 'Function<toString>' } ], rest: [ { '~effect/Schema': '~effect/Schema', annotations: undefined, checks: undefined, encoding: undefined, context: undefined, _tag: 'Union', types: [ { '~effect/Schema': '~effect/Schema', annotations: undefined, checks: undefined, encoding: undefined, context: undefined, _tag: 'Objects', propertySignatures: [ { name: '_tag', type: { '~effect/Schema': '~effect/Schema', annotations: undefined, checks: undefined, encoding: undefined, context: { isOptional: false, isMutable: false, constructorDefault: { to: { '~effect/Schema': '~effect/Schema', annotations: undefined, checks: undefined, encoding: undefined, context: undefined, _tag: 'Unknown', constructor: 'Function<Unknown>', getParser: 'Function<getParser>', getExpected: 'Function<getExpected>', toString: 'Function<toString>' }, transformation: { '~effect/SchemaTransformation/Transformation': '~effect/SchemaTransformation/Transformation', _tag: 'Transformation', decode: { run: 'Function<anonymous>', constructor: 'Function<Getter>', map: 'Function<map>', compose: 'Function<compose>', pipe: 'Function<pipe>' }, encode: { run: 'Function<anonymous>', constructor: 'Function<Getter>', map: 'Function<map>', compose: 'Function<compose>', pipe: 'Function<pipe>' }, constructor: 'Function<Transformation>', flip: 'Function<flip>', compose: 'Function<compose>' }, constructor: 'Function<Link>' }, annotations: undefined, constructor: 'Function<Context>' }, _tag: 'Literal', literal: 'Defect', constructor: 'Function<Literal>', getParser: 'Function<getParser>', matchPart: 'Function<matchPart>', toCodecJson: 'Function<toCodecJson>', toCodecStringTree: 'Function<toCodecStringTree>', getExpected: 'Function<getExpected>', toString: 'Function<toString>' }, constructor: 'Function<PropertySignature>' }, { name: 'error', type: { '~effect/Schema': '~effect/Schema', annotations: undefined, checks: undefined, encoding: undefined, context: undefined, _tag: 'Objects', propertySignatures: [ { name: 'category', type: { '~effect/Schema': '~effect/Schema', annotations: undefined, checks: [ { _tag: 'Filter', run: 'Function<anonymous>', annotations: { expected: 'a value with a length of at least 1', representation: { id: 'effect/schema/isMinLength', payload: { minLength: 1 } }, toJsonSchema: 'Function<toJsonSchema>', toCode: 'Function<toCode>', '~structural': true, arbitrary: { constraint: { minLength: 1 } } }, aborted: false, constructor: 'Function<Filter>', annotate: 'Function<annotate>', abort: 'Function<abort>', and: 'Function<and>', pipe: 'Function<pipe>' }, { _tag: 'Filter', run: 'Function<anonymous>', annotations: undefined, aborted: false, constructor: 'Function<Filter>', annotate: 'Function<annotate>', abort: 'Function<abort>', and: 'Function<and>', pipe: 'Function<pipe>' } ], encoding: undefined, context: { isOptional: true, isMutable: false, constructorDefault: undefined, annotations: undefined, constructor: 'Function<Context>' }, _tag: 'String', constructor: 'Function<String>', getParser: 'Function<getParser>', matchPart: 'Function<matchPart>', getExpected: 'Function<getExpected>', toString: 'Function<toString>' }, constructor: 'Function<PropertySignature>' }, { name: 'causes', type: { '~effect/Schema': '~effect/Schema', annotations: undefined, checks: [ { _tag: 'Filter', run: 'Function<anonymous>', annotations: { expected: 'a value with a length of at most 2', representation: { id: 'effect/schema/isMaxLength', payload: { maxLength: 2 } }, toJsonSchema: 'Function<toJsonSchema>', toCode: 'Function<toCode>', '~structural': true, arbitrary: { constraint: { maxLength: 2 } } }, aborted: false, constructor: 'Function<Filter>', annotate: 'Function<annotate>', abort: 'Function<abort>', and: 'Function<and>', pipe: 'Function<pipe>' } ], encoding: undefined, context: { isOptional: true, isMutable: false, constructorDefault: undefined, annotations: undefined, constructor: 'Function<Context>' }, _tag: 'Arrays', isMutable: false, elements: [ { '~effect/Schema': '~effect/Schema', annotations: undefined, checks: undefined, encoding: undefined, context: undefined, _tag: 'Suspend', thunk: 'Function<anonymous>', constructor: 'Function<Suspend>', getParser: 'Function<getParser>', recur: 'Function<recur>', getExpected: 'Function<getExpected>', toString: 'Function<toString>' } ], rest: [ { '~effect/Schema': '~effect/Schema', annotations: undefined, checks: undefined, encoding: undefined, context: undefined, _tag: 'Suspend', thunk: 'Function<anonymous>', constructor: 'Function<Suspend>', getParser: 'Function<getParser>', recur: 'Function<recur>', getExpected: 'Function<getExpected>', toString: 'Function<toString>' } ], encodingChecks: undefined, constructor: 'Function<Arrays>', getParser: 'Function<getParser>', _rebuild: 'Function<_rebuild>', recur: 'Function<recur>', flip: 'Function<flip>', getExpected: 'Function<getExpected>', toString: 'Function<toString>' }, constructor: 'Function<PropertySignature>' }, { name: 'code', type: { '~effect/Schema': '~effect/Schema', annotations: undefined, checks: [ { _tag: 'Filter', run: 'Function<anonymous>', annotations: { expected: 'a value with a length of at least 1', representation: { id: 'effect/schema/isMinLength', payload: { minLength: 1 } }, toJsonSchema: 'Function<toJsonSchema>', toCode: 'Function<toCode>', '~structural': true, arbitrary: { constraint: { minLength: 1 } } }, aborted: false, constructor: 'Function<Filter>', annotate: 'Function<annotate>', abort: 'Function<abort>', and: 'Function<and>', pipe: 'Function<pipe>' }, { _tag: 'Filter', run: 'Function<anonymous>', annotations: undefined, aborted: false, constructor: 'Function<Filter>', annotate: 'Function<annotate>', abort: 'Function<abort>', and: 'Function<and>', pipe: 'Function<pipe>' } ], encoding: undefined, context: { isOptional: true, isMutable: false, constructorDefault: undefined, annotations: undefined, constructor: 'Function<Context>' }, _tag: 'String', constructor: 'Function<String>', getParser: 'Function<getParser>', matchPart: 'Function<matchPart>', getExpected: 'Function<getExpected>', toString: 'Function<toString>' }, constructor: 'Function<PropertySignature>' }, { name: 'errorTag', type: { '~effect/Schema': '~effect/Schema', annotations: undefined, checks: [ { _tag: 'Filter', run: 'Function<anonymous>', annotations: { expected: 'a value with a length of at least 1', representation: { id: 'effect/schema/isMinLength', payload: { minLength: 1 } }, toJsonSchema: 'Function<toJsonSchema>', toCode: 'Function<toCode>', '~structural': true, arbitrary: { constraint: { minLength: 1 } } }, aborted: false, constructor: 'Function<Filter>', annotate: 'Function<annotate>', abort: 'Function<abort>', and: 'Function<and>', pipe: 'Function<pipe>' }, { _tag: 'Filter', run: 'Function<anonymous>', annotations: undefined, aborted: false, constructor: 'Function<Filter>', annotate: 'Function<annotate>', abort: 'Function<abort>', and: 'Function<and>', pipe: 'Function<pipe>' } ], encoding: undefined, context: undefined, _tag: 'String', constructor: 'Function<String>', getParser: 'Function<getParser>', matchPart: 'Function<matchPart>', getExpected: 'Function<getExpected>', toString: 'Function<toString>' }, constructor: 'Function<PropertySignature>' }, { name: 'frames', type: { '~effect/Schema': '~effect/Schema', annotations: undefined, checks: [ { _tag: 'Filter', run: 'Function<anonymous>', annotations: { expected: 'a value with a length of at most 4', representation: { id: 'effect/schema/isMaxLength', payload: { maxLength: 4 } }, toJsonSchema: 'Function<toJsonSchema>', toCode: 'Function<toCode>', '~structural': true, arbitrary: { constraint: { maxLength: 4 } } }, aborted: false, constructor: 'Function<Filter>', annotate: 'Function<annotate>', abort: 'Function<abort>', and: 'Function<and>', pipe: 'Function<pipe>' } ], encoding: undefined, context: { isOptional: true, isMutable: false, constructorDefault: undefined, annotations: undefined, constructor: 'Function<Context>' }, _tag: 'Arrays', isMutable: false, elements: [ { '~effect/Schema': '~effect/Schema', annotations: undefined, checks: undefined, encoding: undefined, context: undefined, _tag: 'Objects', propertySignatures: [ { name: 'column', type: { '~effect/Schema': '~effect/Schema', annotations: undefined, checks: [ { _tag: 'Filter', run: 'Function<anonymous>', annotations: { expected: 'an integer', representation: { id: 'effect/schema/isInt', payload: null }, toJsonSchema: 'Function<toJsonSchema>', toCode: 'Function<toCode>', arbitrary: { constraint: { integer: true } } }, aborted: false, constructor: 'Function<Filter>', annotate: 'Function<annotate>', abort: 'Function<abort>', and: 'Function<and>', pipe: 'Function<pipe>' }, { _tag: 'Filter', run: 'Function<anonymous>', annotations: { expected: 'a value greater than 0', arbitrary: { constraint: { ordered: { order: 'Function<anonymous>', minimum: +0, exclusiveMinimum: true } } }, representation: { id: 'effect/schema/isGreaterThan', payload: { exclusiveMinimum: +0 } }, toJsonSchema: 'Function<toJsonSchema>', toCode: 'Function<toCode>', brands: [ 'RuntimeDiagnosticColumnPosition' ] }, aborted: false, constructor: 'Function<Filter>', annotate: 'Function<annotate>', abort: 'Function<abort>', and: 'Function<and>', pipe: 'Function<pipe>' } ], encoding: undefined, context: undefined, _tag: 'Number', constructor: 'Function<Number>', getParser: 'Function<getParser>', matchKey: 'Function<matchKey>', matchPart: 'Function<matchPart>', _match: 'Function<_match>', toCodecJson: 'Function<toCodecJson>', toCodecStringTree: 'Function<toCodecStringTree>', getExpected: 'Function<getExpected>', toString: 'Function<toString>' }, constructor: 'Function<PropertySignature>' }, { name: 'function', type: { '~effect/Schema': '~effect/Schema', annotations: undefined, checks: [ { _tag: 'Filter', run: 'Function<anonymous>', annotations: { expected: 'a value with a length of at least 1', representation: { id: 'effect/schema/isMinLength', payload: { minLength: 1 } }, toJsonSchema: 'Function<toJsonSchema>', toCode: 'Function<toCode>', '~structural': true, arbitrary: { constraint: { minLength: 1 } } }, aborted: false, constructor: 'Function<Filter>', annotate: 'Function<annotate>', abort: 'Function<abort>', and: 'Function<and>', pipe: 'Function<pipe>' }, { _tag: 'Filter', run: 'Function<anonymous>', annotations: undefined, aborted: false, constructor: 'Function<Filter>', annotate: 'Function<annotate>', abort: 'Function<abort>', and: 'Function<and>', pipe: 'Function<pipe>' } ], encoding: undefined, context: undefined, _tag: 'String', constructor: 'Function<String>', getParser: 'Function<getParser>', matchPart: 'Function<matchPart>', getExpected: 'Function<getExpected>', toString: 'Function<toString>' }, constructor: 'Function<PropertySignature>' }, { name: 'line', type: { '~effect/Schema': '~effect/Schema', annotations: undefined, checks: [ { _tag: 'Filter', run: 'Function<anonymous>', annotations: { expected: 'an integer', representation: { id: 'effect/schema/isInt', payload: null }, toJsonSchema: 'Function<toJsonSchema>', toCode: 'Function<toCode>', arbitrary: { constraint: { integer: true } } }, aborted: false, constructor: 'Function<Filter>', annotate: 'Function<annotate>', abort: 'Function<abort>', and: 'Function<and>', pipe: 'Function<pipe>' }, { _tag: 'Filter', run: 'Function<anonymous>', annotations: { expected: 'a value greater than 0', arbitrary: { constraint: { ordered: { order: 'Function<anonymous>', minimum: +0, exclusiveMinimum: true } } }, representation: { id: 'effect/schema/isGreaterThan', payload: { exclusiveMinimum: +0 } }, toJsonSchema: 'Function<toJsonSchema>', toCode: 'Function<toCode>', brands: [ 'RuntimeDiagnosticLinePosition' ] }, aborted: false, constructor: 'Function<Filter>', annotate: 'Function<annotate>', abort: 'Function<abort>', and: 'Function<and>', pipe: 'Function<pipe>' } ], encoding: undefined, context: undefined, _tag: 'Number', constructor: 'Function<Number>', getParser: 'Function<getParser>', matchKey: 'Function<matchKey>', matchPart: 'Function<matchPart>', _match: 'Function<_match>', toCodecJson: 'Function<toCodecJson>', toCodecStringTree: 'Function<toCodecStringTree>', getExpected: 'Function<getExpected>', toString: 'Function<toString>' }, constructor: 'Function<PropertySignature>' }, { name: 'module', type: { '~effect/Schema': '~effect/Schema', annotations: undefined, checks: [ { _tag: 'Filter', run: 'Function<anonymous>', annotations: { expected: 'a value with a length of at least 1', representation: { id: 'effect/schema/isMinLength', payload: { minLength: 1 } }, toJsonSchema: 'Function<toJsonSchema>', toCode: 'Function<toCode>', '~structural': true, arbitrary: { constraint: { minLength: 1 } } }, aborted: false, constructor: 'Function<Filter>', annotate: 'Function<annotate>', abort: 'Function<abort>', and: 'Function<and>', pipe: 'Function<pipe>' }, { _tag: 'Filter', run: 'Function<anonymous>', annotations: undefined, aborted: false, constructor: 'Function<Filter>', annotate: 'Function<annotate>', abort: 'Function<abort>', and: 'Function<and>', pipe: 'Function<pipe>' } ], encoding: undefined, context: undefined, _tag: 'String', constructor: 'Function<String>', getParser: 'Function<getParser>', matchPart: 'Function<matchPart>', getExpected: 'Function<getExpected>', toString: 'Function<toString>' }, constructor: 'Function<PropertySignature>' } ], indexSignatures: [], encodingChecks: undefined, constructor: 'Function<Objects>', getParser: 'Function<getParser>', _rebuild: 'Function<_rebuild>', flip: 'Function<flip>', recur: 'Function<recur>', getExpected: 'Function<getExpected>', toString: 'Function<toString>' } ], rest: [ { '~effect/Schema': '~effect/Schema', annotations: undefined, checks: undefined, encoding: undefined, context: undefined, _tag: 'Objects', propertySignatures: [ { name: 'column', type: { '~effect/Schema': '~effect/Schema', annotations: undefined, checks: [ { _tag: 'Filter', run: 'Function<anonymous>', annotations: { expected: 'an integer', representation: { id: 'effect/schema/isInt', payload: null }, toJsonSchema: 'Function<toJsonSchema>', toCode: 'Function<toCode>', arbitrary: { constraint: { integer: true } } }, aborted: false, constructor: 'Function<Filter>', annotate: 'Function<annotate>', abort: 'Function<abort>', and: 'Function<and>', pipe: 'Function<pipe>' }, { _tag: 'Filter', run: 'Function<anonymous>', annotations: { expected: 'a value greater than 0', arbitrary: { constraint: { ordered: { order: 'Function<anonymous>', minimum: +0, exclusiveMinimum: true } } }, representation: { id: 'effect/schema/isGreaterThan', payload: { exclusiveMinimum: +0 } }, toJsonSchema: 'Function<toJsonSchema>', toCode: 'Function<toCode>', brands: [ 'RuntimeDiagnosticColumnPosition' ] }, aborted: false, constructor: 'Function<Filter>', annotate: 'Function<annotate>', abort: 'Function<abort>', and: 'Function<and>', pipe: 'Function<pipe>' } ], encoding: undefined, context: undefined, _tag: 'Number', constructor: 'Function<Number>', getParser: 'Function<getParser>', matchKey: 'Function<matchKey>', matchPart: 'Function<matchPart>', _match: 'Function<_match>', toCodecJson: 'Function<toCodecJson>', toCodecStringTree: 'Function<toCodecStringTree>', getExpected: 'Function<getExpected>', toString: 'Function<toString>' }, constructor: 'Function<PropertySignature>' }, { name: 'function', type: { '~effect/Schema': '~effect/Schema', annotations: undefined, checks: [ { _tag: 'Filter', run: 'Function<anonymous>', annotations: { expected: 'a value with a length of at least 1', representation: { id: 'effect/schema/isMinLength', payload: { minLength: 1 } }, toJsonSchema: 'Function<toJsonSchema>', toCode: 'Function<toCode>', '~structural': true, arbitrary: { constraint: { minLength: 1 } } }, aborted: false, constructor: 'Function<Filter>', annotate: 'Function<annotate>', abort: 'Function<abort>', and: 'Function<and>', pipe: 'Function<pipe>' }, { _tag: 'Filter', run: 'Function<anonymous>', annotations: undefined, aborted: false, constructor: 'Function<Filter>', annotate: 'Function<annotate>', abort: 'Function<abort>', and: 'Function<and>', pipe: 'Function<pipe>' } ], encoding: undefined, context: undefined, _tag: 'String', constructor: 'Function<String>', getParser: 'Function<getParser>', matchPart: 'Function<matchPart>', getExpected: 'Function<getExpected>', toString: 'Function<toString>' }, constructor: 'Function<PropertySignature>' }, { name: 'line', type: { '~effect/Schema': '~effect/Schema', annotations: undefined, checks: [ { _tag: 'Filter', run: 'Function<anonymous>', annotations: { expected: 'an integer', representation: { id: 'effect/schema/isInt', payload: null }, toJsonSchema: 'Function<toJsonSchema>', toCode: 'Function<toCode>', arbitrary: { constraint: { integer: true } } }, aborted: false, constructor: 'Function<Filter>', annotate: 'Function<annotate>', abort: 'Function<abort>', and: 'Function<and>', pipe: 'Function<pipe>' }, { _tag: 'Filter', run: 'Function<anonymous>', annotations: { expected: 'a value greater than 0', arbitrary: { constraint: { ordered: { order: 'Function<anonymous>', minimum: +0, exclusiveMinimum: true } } }, representation: { id: 'effect/schema/isGreaterThan', payload: { exclusiveMinimum: +0 } }, toJsonSchema: 'Function<toJsonSchema>', toCode: 'Function<toCode>', brands: [ 'RuntimeDiagnosticLinePosition' ] }, aborted: false, constructor: 'Function<Filter>', annotate: 'Function<annotate>', abort: 'Function<abort>', and: 'Function<and>', pipe: 'Function<pipe>' } ], encoding: undefined, context: undefined, _tag: 'Number', constructor: 'Function<Number>', getParser: 'Function<getParser>', matchKey: 'Function<matchKey>', matchPart: 'Function<matchPart>', _match: 'Function<_match>', toCodecJson: 'Function<toCodecJson>', toCodecStringTree: 'Function<toCodecStringTree>', getExpected: 'Function<getExpected>', toString: 'Function<toString>' }, constructor: 'Function<PropertySignature>' }, { name: 'module', type: { '~effect/Schema': '~effect/Schema', annotations: undefined, checks: [ { _tag: 'Filter', run: 'Function<anonymous>', annotations: { expected: 'a value with a length of at least 1', representation: { id: 'effect/schema/isMinLength', payload: { minLength: 1 } }, toJsonSchema: 'Function<toJsonSchema>', toCode: 'Function<toCode>', '~structural': true, arbitrary: { constraint: { minLength: 1 } } }, aborted: false, constructor: 'Function<Filter>', annotate: 'Function<annotate>', abort: 'Function<abort>', and: 'Function<and>', pipe: 'Function<pipe>' }, { _tag: 'Filter', run: 'Function<anonymous>', annotations: undefined, aborted: false, constructor: 'Function<Filter>', annotate: 'Function<annotate>', abort: 'Function<abort>', and: 'Function<and>', pipe: 'Function<pipe>' } ], encoding: undefined, context: undefined, _tag: 'String', constructor: 'Function<String>', getParser: 'Function<getParser>', matchPart: 'Function<matchPart>', getExpected: 'Function<getExpected>', toString: 'Function<toString>' }, constructor: 'Function<PropertySignature>' } ], indexSignatures: [], encodingChecks: undefined, constructor: 'Function<Objects>', getParser: 'Function<getParser>', _rebuild: 'Function<_rebuild>', flip: 'Function<flip>', recur: 'Function<recur>', getExpected: 'Function<getExpected>', toString: 'Function<toString>' } ], encodingChecks: undefined, constructor: 'Function<Arrays>', getParser: 'Function<getParser>', _rebuild: 'Function<_rebuild>', recur: 'Function<recur>', flip: 'Function<flip>', getExpected: 'Function<getExpected>', toString: 'Function<toString>' }, constructor: 'Function<PropertySignature>' }, { name: 'operation', type: { '~effect/Schema': '~effect/Schema', annotations: undefined, checks: [ { _tag: 'Filter', run: 'Function<anonymous>', annotations: { expected: 'a value with a length of at least 1', representation: { id: 'effect/schema/isMinLength', payload: { minLength: 1 } }, toJsonSchema: 'Function<toJsonSchema>', toCode: 'Function<toCode>', '~structural': true, arbitrary: { constraint: { minLength: 1 } } }, aborted: false, constructor: 'Function<Filter>', annotate: 'Function<annotate>', abort: 'Function<abort>', and: 'Function<and>', pipe: 'Function<pipe>' }, { _tag: 'Filter', run: 'Function<anonymous>', annotations: undefined, aborted: false, constructor: 'Function<Filter>', annotate: 'Function<annotate>', abort: 'Function<abort>', and: 'Function<and>', pipe: 'Function<pipe>' } ], encoding: undefined, context: { isOptional: true, isMutable: false, constructorDefault: undefined, annotations: undefined, constructor: 'Function<Context>' }, _tag: 'String', constructor: 'Function<String>', getParser: 'Function<getParser>', matchPart: 'Function<matchPart>', getExpected: 'Function<getExpected>', toString: 'Function<toString>' }, constructor: 'Function<PropertySignature>' }, { name: 'safeMessage', type: { '~effect/Schema': '~effect/Schema', annotations: undefined, checks: [ { _tag: 'Filter', run: 'Function<anonymous>', annotations: { expected: 'a value with a length of at least 1', representation: { id: 'effect/schema/isMinLength', payload: { minLength: 1 } }, toJsonSchema: 'Function<toJsonSchema>', toCode: 'Function<toCode>', '~structural': true, arbitrary: { constraint: { minLength: 1 } } }, aborted: false, constructor: 'Function<Filter>', annotate: 'Function<annotate>', abort: 'Function<abort>', and: 'Function<and>', pipe: 'Function<pipe>' }, { _tag: 'Filter', run: 'Function<anonymous>', annotations: undefined, aborted: false, constructor: 'Function<Filter>', annotate: 'Function<annotate>', abort: 'Function<abort>', and: 'Function<and>', pipe: 'Function<pipe>' } ], encoding: undefined, context: undefined, _tag: 'String', constructor: 'Function<String>', getParser: 'Function<getParser>', matchPart: 'Function<matchPart>', getExpected: 'Function<getExpected>', toString: 'Function<toString>' }, constructor: 'Function<PropertySignature>' }, { name: 'syscall', type: { '~effect/Schema': '~effect/Schema', annotations: undefined, checks: [ { _tag: 'Filter', run: 'Function<anonymous>', annotations: { expected: 'a value with a length of at least 1', representation: { id: 'effect/schema/isMinLength', payload: { minLength: 1 } }, toJsonSchema: 'Function<toJsonSchema>', toCode: 'Function<toCode>', '~structural': true, arbitrary: { constraint: { minLength: 1 } } }, aborted: false, constructor: 'Function<Filter>', annotate: 'Function<annotate>', abort: 'Function<abort>', and: 'Function<and>', pipe: 'Function<pipe>' }, { _tag: 'Filter', run: 'Function<anonymous>', annotations: undefined, aborted: false, constructor: 'Function<Filter>', annotate: 'Function<annotate>', abort: 'Function<abort>', and: 'Function<and>', pipe: 'Function<pipe>' } ], encoding: undefined, context: { isOptional: true, isMutable: false, constructorDefault: undefined, annotations: undefined, constructor: 'Function<Context>' }, _tag: 'String', constructor: 'Function<String>', getParser: 'Function<getParser>', matchPart: 'Function<matchPart>', getExpected: 'Function<getExpected>', toString: 'Function<toString>' }, constructor: 'Function<PropertySignature>' } ], indexSignatures: [], encodingChecks: undefined, constructor: 'Function<Objects>', getParser: 'Function<getParser>', _rebuild: 'Function<_rebuild>', flip: 'Function<flip>', recur: 'Function<recur>', getExpected: 'Function<getExpected>', toString: 'Function<toString>' }, constructor: 'Function<PropertySignature>' } ], indexSignatures: [], encodingChecks: undefined, constructor: 'Function<Objects>', getParser: 'Function<getParser>', _rebuild: 'Function<_rebuild>', flip: 'Function<flip>', recur: 'Function<recur>', getExpected: 'Function<getExpected>', toString: 'Function<toString>' }, { '~effect/Schema': '~effect/Schema', annotations: undefined, checks: undefined, encoding: undefined, context: undefined, _tag: 'Objects', propertySignatures: [ { name: '_tag', type: { '~effect/Schema': '~effect/Schema', annotations: undefined, checks: undefined, encoding: undefined, context: { isOptional: false, isMutable: false, constructorDefault: { to: { '~effect/Schema': '~effect/Schema', annotations: undefined, checks: undefined, encoding: undefined, context: undefined, _tag: 'Unknown', constructor: 'Function<Unknown>', getParser: 'Function<getParser>', getExpected: 'Function<getExpected>', toString: 'Function<toString>' }, transformation: { '~effect/SchemaTransformation/Transformation': '~effect/SchemaTransformation/Transformation', _tag: 'Transformation', decode: { run: 'Function<anonymous>', constructor: 'Function<Getter>', map: 'Function<map>', compose: 'Function<compose>', pipe: 'Function<pipe>' }, encode: { run: 'Function<anonymous>', constructor: 'Function<Getter>', map: 'Function<map>', compose: 'Function<compose>', pipe: 'Function<pipe>' }, constructor: 'Function<Transformation>', flip: 'Function<flip>', compose: 'Function<compose>' }, constructor: 'Function<Link>' }, annotations: undefined, constructor: 'Function<Context>' }, _tag: 'Literal', literal: 'Failure', constructor: 'Function<Literal>', getParser: 'Function<getParser>', matchPart: 'Function<matchPart>', toCodecJson: 'Function<toCodecJson>', toCodecStringTree: 'Function<toCodecStringTree>', getExpected: 'Function<getExpected>', toString: 'Function<toString>' }, constructor: 'Function<PropertySignature>' }, { name: 'error', type: { '~effect/Schema': '~effect/Schema', annotations: undefined, checks: undefined, encoding: undefined, context: undefined, _tag: 'Objects', propertySignatures: [ { name: 'category', type: { '~effect/Schema': '~effect/Schema', annotations: undefined, checks: [ { _tag: 'Filter', run: 'Function<anonymous>', annotations: { expected: 'a value with a length of at least 1', representation: { id: 'effect/schema/isMinLength', payload: { minLength: 1 } }, toJsonSchema: 'Function<toJsonSchema>', toCode: 'Function<toCode>', '~structural': true, arbitrary: { constraint: { minLength: 1 } } }, aborted: false, constructor: 'Function<Filter>', annotate: 'Function<annotate>', abort: 'Function<abort>', and: 'Function<and>', pipe: 'Function<pipe>' }, { _tag: 'Filter', run: 'Function<anonymous>', annotations: undefined, aborted: false, constructor: 'Function<Filter>', annotate: 'Function<annotate>', abort: 'Function<abort>', and: 'Function<and>', pipe: 'Function<pipe>' } ], encoding: undefined, context: { isOptional: true, isMutable: false, constructorDefault: undefined, annotations: undefined, constructor: 'Function<Context>' }, _tag: 'String', constructor: 'Function<String>', getParser: 'Function<getParser>', matchPart: 'Function<matchPart>', getExpected: 'Function<getExpected>', toString: 'Function<toString>' }, constructor: 'Function<PropertySignature>' }, { name: 'causes', type: { '~effect/Schema': '~effect/Schema', annotations: undefined, checks: [ { _tag: 'Filter', run: 'Function<anonymous>', annotations: { expected: 'a value with a length of at most 2', representation: { id: 'effect/schema/isMaxLength', payload: { maxLength: 2 } }, toJsonSchema: 'Function<toJsonSchema>', toCode: 'Function<toCode>', '~structural': true, arbitrary: { constraint: { maxLength: 2 } } }, aborted: false, constructor: 'Function<Filter>', annotate: 'Function<annotate>', abort: 'Function<abort>', and: 'Function<and>', pipe: 'Function<pipe>' } ], encoding: undefined, context: { isOptional: true, isMutable: false, constructorDefault: undefined, annotations: undefined, constructor: 'Function<Context>' }, _tag: 'Arrays', isMutable: false, elements: [ { '~effect/Schema': '~effect/Schema', annotations: undefined, checks: undefined, encoding: undefined, context: undefined, _tag: 'Suspend', thunk: 'Function<anonymous>', constructor: 'Function<Suspend>', getParser: 'Function<getParser>', recur: 'Function<recur>', getExpected: 'Function<getExpected>', toString: 'Function<toString>' } ], rest: [ { '~effect/Schema': '~effect/Schema', annotations: undefined, checks: undefined, encoding: undefined, context: undefined, _tag: 'Suspend', thunk: 'Function<anonymous>', constructor: 'Function<Suspend>', getParser: 'Function<getParser>', recur: 'Function<recur>', getExpected: 'Function<getExpected>', toString: 'Function<toString>' } ], encodingChecks: undefined, constructor: 'Function<Arrays>', getParser: 'Function<getParser>', _rebuild: 'Function<_rebuild>', recur: 'Function<recur>', flip: 'Function<flip>', getExpected: 'Function<getExpected>', toString: 'Function<toString>' }, constructor: 'Function<PropertySignature>' }, { name: 'code', type: { '~effect/Schema': '~effect/Schema', annotations: undefined, checks: [ { _tag: 'Filter', run: 'Function<anonymous>', annotations: { expected: 'a value with a length of at least 1', representation: { id: 'effect/schema/isMinLength', payload: { minLength: 1 } }, toJsonSchema: 'Function<toJsonSchema>', toCode: 'Function<toCode>', '~structural': true, arbitrary: { constraint: { minLength: 1 } } }, aborted: false, constructor: 'Function<Filter>', annotate: 'Function<annotate>', abort: 'Function<abort>', and: 'Function<and>', pipe: 'Function<pipe>' }, { _tag: 'Filter', run: 'Function<anonymous>', annotations: undefined, aborted: false, constructor: 'Function<Filter>', annotate: 'Function<annotate>', abort: 'Function<abort>', and: 'Function<and>', pipe: 'Function<pipe>' } ], encoding: undefined, context: { isOptional: true, isMutable: false, constructorDefault: undefined, annotations: undefined, constructor: 'Function<Context>' }, _tag: 'String', constructor: 'Function<String>', getParser: 'Function<getParser>', matchPart: 'Function<matchPart>', getExpected: 'Function<getExpected>', toString: 'Function<toString>' }, constructor: 'Function<PropertySignature>' }, { name: 'errorTag', type: { '~effect/Schema': '~effect/Schema', annotations: undefined, checks: [ { _tag: 'Filter', run: 'Function<anonymous>', annotations: { expected: 'a value with a length of at least 1', representation: { id: 'effect/schema/isMinLength', payload: { minLength: 1 } }, toJsonSchema: 'Function<toJsonSchema>', toCode: 'Function<toCode>', '~structural': true, arbitrary: { constraint: { minLength: 1 } } }, aborted: false, constructor: 'Function<Filter>', annotate: 'Function<annotate>', abort: 'Function<abort>', and: 'Function<and>', pipe: 'Function<pipe>' }, { _tag: 'Filter', run: 'Function<anonymous>', annotations: undefined, aborted: false, constructor: 'Function<Filter>', annotate: 'Function<annotate>', abort: 'Function<abort>', and: 'Function<and>', pipe: 'Function<pipe>' } ], encoding: undefined, context: undefined, _tag: 'String', constructor: 'Function<String>', getParser: 'Function<getParser>', matchPart: 'Function<matchPart>', getExpected: 'Function<getExpected>', toString: 'Function<toString>' }, constructor: 'Function<PropertySignature>' }, { name: 'frames', type: { '~effect/Schema': '~effect/Schema', annotations: undefined, checks: [ { _tag: 'Filter', run: 'Function<anonymous>', annotations: { expected: 'a value with a length of at most 4', representation: { id: 'effect/schema/isMaxLength', payload: { maxLength: 4 } }, toJsonSchema: 'Function<toJsonSchema>', toCode: 'Function<toCode>', '~structural': true, arbitrary: { constraint: { maxLength: 4 } } }, aborted: false, constructor: 'Function<Filter>', annotate: 'Function<annotate>', abort: 'Function<abort>', and: 'Function<and>', pipe: 'Function<pipe>' } ], encoding: undefined, context: { isOptional: true, isMutable: false, constructorDefault: undefined, annotations: undefined, constructor: 'Function<Context>' }, _tag: 'Arrays', isMutable: false, elements: [ { '~effect/Schema': '~effect/Schema', annotations: undefined, checks: undefined, encoding: undefined, context: undefined, _tag: 'Objects', propertySignatures: [ { name: 'column', type: { '~effect/Schema': '~effect/Schema', annotations: undefined, checks: [ { _tag: 'Filter', run: 'Function<anonymous>', annotations: { expected: 'an integer', representation: { id: 'effect/schema/isInt', payload: null }, toJsonSchema: 'Function<toJsonSchema>', toCode: 'Function<toCode>', arbitrary: { constraint: { integer: true } } }, aborted: false, constructor: 'Function<Filter>', annotate: 'Function<annotate>', abort: 'Function<abort>', and: 'Function<and>', pipe: 'Function<pipe>' }, { _tag: 'Filter', run: 'Function<anonymous>', annotations: { expected: 'a value greater than 0', arbitrary: { constraint: { ordered: { order: 'Function<anonymous>', minimum: +0, exclusiveMinimum: true } } }, representation: { id: 'effect/schema/isGreaterThan', payload: { exclusiveMinimum: +0 } }, toJsonSchema: 'Function<toJsonSchema>', toCode: 'Function<toCode>', brands: [ 'RuntimeDiagnosticColumnPosition' ] }, aborted: false, constructor: 'Function<Filter>', annotate: 'Function<annotate>', abort: 'Function<abort>', and: 'Function<and>', pipe: 'Function<pipe>' } ], encoding: undefined, context: undefined, _tag: 'Number', constructor: 'Function<Number>', getParser: 'Function<getParser>', matchKey: 'Function<matchKey>', matchPart: 'Function<matchPart>', _match: 'Function<_match>', toCodecJson: 'Function<toCodecJson>', toCodecStringTree: 'Function<toCodecStringTree>', getExpected: 'Function<getExpected>', toString: 'Function<toString>' }, constructor: 'Function<PropertySignature>' }, { name: 'function', type: { '~effect/Schema': '~effect/Schema', annotations: undefined, checks: [ { _tag: 'Filter', run: 'Function<anonymous>', annotations: { expected: 'a value with a length of at least 1', representation: { id: 'effect/schema/isMinLength', payload: { minLength: 1 } }, toJsonSchema: 'Function<toJsonSchema>', toCode: 'Function<toCode>', '~structural': true, arbitrary: { constraint: { minLength: 1 } } }, aborted: false, constructor: 'Function<Filter>', annotate: 'Function<annotate>', abort: 'Function<abort>', and: 'Function<and>', pipe: 'Function<pipe>' }, { _tag: 'Filter', run: 'Function<anonymous>', annotations: undefined, aborted: false, constructor: 'Function<Filter>', annotate: 'Function<annotate>', abort: 'Function<abort>', and: 'Function<and>', pipe: 'Function<pipe>' } ], encoding: undefined, context: undefined, _tag: 'String', constructor: 'Function<String>', getParser: 'Function<getParser>', matchPart: 'Function<matchPart>', getExpected: 'Function<getExpected>', toString: 'Function<toString>' }, constructor: 'Function<PropertySignature>' }, { name: 'line', type: { '~effect/Schema': '~effect/Schema', annotations: undefined, checks: [ { _tag: 'Filter', run: 'Function<anonymous>', annotations: { expected: 'an integer', representation: { id: 'effect/schema/isInt', payload: null }, toJsonSchema: 'Function<toJsonSchema>', toCode: 'Function<toCode>', arbitrary: { constraint: { integer: true } } }, aborted: false, constructor: 'Function<Filter>', annotate: 'Function<annotate>', abort: 'Function<abort>', and: 'Function<and>', pipe: 'Function<pipe>' }, { _tag: 'Filter', run: 'Function<anonymous>', annotations: { expected: 'a value greater than 0', arbitrary: { constraint: { ordered: { order: 'Function<anonymous>', minimum: +0, exclusiveMinimum: true } } }, representation: { id: 'effect/schema/isGreaterThan', payload: { exclusiveMinimum: +0 } }, toJsonSchema: 'Function<toJsonSchema>', toCode: 'Function<toCode>', brands: [ 'RuntimeDiagnosticLinePosition' ] }, aborted: false, constructor: 'Function<Filter>', annotate: 'Function<annotate>', abort: 'Function<abort>', and: 'Function<and>', pipe: 'Function<pipe>' } ], encoding: undefined, context: undefined, _tag: 'Number', constructor: 'Function<Number>', getParser: 'Function<getParser>', matchKey: 'Function<matchKey>', matchPart: 'Function<matchPart>', _match: 'Function<_match>', toCodecJson: 'Function<toCodecJson>', toCodecStringTree: 'Function<toCodecStringTree>', getExpected: 'Function<getExpected>', toString: 'Function<toString>' }, constructor: 'Function<PropertySignature>' }, { name: 'module', type: { '~effect/Schema': '~effect/Schema', annotations: undefined, checks: [ { _tag: 'Filter', run: 'Function<anonymous>', annotations: { expected: 'a value with a length of at least 1', representation: { id: 'effect/schema/isMinLength', payload: { minLength: 1 } }, toJsonSchema: 'Function<toJsonSchema>', toCode: 'Function<toCode>', '~structural': true, arbitrary: { constraint: { minLength: 1 } } }, aborted: false, constructor: 'Function<Filter>', annotate: 'Function<annotate>', abort: 'Function<abort>', and: 'Function<and>', pipe: 'Function<pipe>' }, { _tag: 'Filter', run: 'Function<anonymous>', annotations: undefined, aborted: false, constructor: 'Function<Filter>', annotate: 'Function<annotate>', abort: 'Function<abort>', and: 'Function<and>', pipe: 'Function<pipe>' } ], encoding: undefined, context: undefined, _tag: 'String', constructor: 'Function<String>', getParser: 'Function<getParser>', matchPart: 'Function<matchPart>', getExpected: 'Function<getExpected>', toString: 'Function<toString>' }, constructor: 'Function<PropertySignature>' } ], indexSignatures: [], encodingChecks: undefined, constructor: 'Function<Objects>', getParser: 'Function<getParser>', _rebuild: 'Function<_rebuild>', flip: 'Function<flip>', recur: 'Function<recur>', getExpected: 'Function<getExpected>', toString: 'Function<toString>' } ], rest: [ { '~effect/Schema': '~effect/Schema', annotations: undefined, checks: undefined, encoding: undefined, context: undefined, _tag: 'Objects', propertySignatures: [ { name: 'column', type: { '~effect/Schema': '~effect/Schema', annotations: undefined, checks: [ { _tag: 'Filter', run: 'Function<anonymous>', annotations: { expected: 'an integer', representation: { id: 'effect/schema/isInt', payload: null }, toJsonSchema: 'Function<toJsonSchema>', toCode: 'Function<toCode>', arbitrary: { constraint: { integer: true } } }, aborted: false, constructor: 'Function<Filter>', annotate: 'Function<annotate>', abort: 'Function<abort>', and: 'Function<and>', pipe: 'Function<pipe>' }, { _tag: 'Filter', run: 'Function<anonymous>', annotations: { expected: 'a value greater than 0', arbitrary: { constraint: { ordered: { order: 'Function<anonymous>', minimum: +0, exclusiveMinimum: true } } }, representation: { id: 'effect/schema/isGreaterThan', payload: { exclusiveMinimum: +0 } }, toJsonSchema: 'Function<toJsonSchema>', toCode: 'Function<toCode>', brands: [ 'RuntimeDiagnosticColumnPosition' ] }, aborted: false, constructor: 'Function<Filter>', annotate: 'Function<annotate>', abort: 'Function<abort>', and: 'Function<and>', pipe: 'Function<pipe>' } ], encoding: undefined, context: undefined, _tag: 'Number', constructor: 'Function<Number>', getParser: 'Function<getParser>', matchKey: 'Function<matchKey>', matchPart: 'Function<matchPart>', _match: 'Function<_match>', toCodecJson: 'Function<toCodecJson>', toCodecStringTree: 'Function<toCodecStringTree>', getExpected: 'Function<getExpected>', toString: 'Function<toString>' }, constructor: 'Function<PropertySignature>' }, { name: 'function', type: { '~effect/Schema': '~effect/Schema', annotations: undefined, checks: [ { _tag: 'Filter', run: 'Function<anonymous>', annotations: { expected: 'a value with a length of at least 1', representation: { id: 'effect/schema/isMinLength', payload: { minLength: 1 } }, toJsonSchema: 'Function<toJsonSchema>', toCode: 'Function<toCode>', '~structural': true, arbitrary: { constraint: { minLength: 1 } } }, aborted: false, constructor: 'Function<Filter>', annotate: 'Function<annotate>', abort: 'Function<abort>', and: 'Function<and>', pipe: 'Function<pipe>' }, { _tag: 'Filter', run: 'Function<anonymous>', annotations: undefined, aborted: false, constructor: 'Function<Filter>', annotate: 'Function<annotate>', abort: 'Function<abort>', and: 'Function<and>', pipe: 'Function<pipe>' } ], encoding: undefined, context: undefined, _tag: 'String', constructor: 'Function<String>', getParser: 'Function<getParser>', matchPart: 'Function<matchPart>', getExpected: 'Function<getExpected>', toString: 'Function<toString>' }, constructor: 'Function<PropertySignature>' }, { name: 'line', type: { '~effect/Schema': '~effect/Schema', annotations: undefined, checks: [ { _tag: 'Filter', run: 'Function<anonymous>', annotations: { expected: 'an integer', representation: { id: 'effect/schema/isInt', payload: null }, toJsonSchema: 'Function<toJsonSchema>', toCode: 'Function<toCode>', arbitrary: { constraint: { integer: true } } }, aborted: false, constructor: 'Function<Filter>', annotate: 'Function<annotate>', abort: 'Function<abort>', and: 'Function<and>', pipe: 'Function<pipe>' }, { _tag: 'Filter', run: 'Function<anonymous>', annotations: { expected: 'a value greater than 0', arbitrary: { constraint: { ordered: { order: 'Function<anonymous>', minimum: +0, exclusiveMinimum: true } } }, representation: { id: 'effect/schema/isGreaterThan', payload: { exclusiveMinimum: +0 } }, toJsonSchema: 'Function<toJsonSchema>', toCode: 'Function<toCode>', brands: [ 'RuntimeDiagnosticLinePosition' ] }, aborted: false, constructor: 'Function<Filter>', annotate: 'Function<annotate>', abort: 'Function<abort>', and: 'Function<and>', pipe: 'Function<pipe>' } ], encoding: undefined, context: undefined, _tag: 'Number', constructor: 'Function<Number>', getParser: 'Function<getParser>', matchKey: 'Function<matchKey>', matchPart: 'Function<matchPart>', _match: 'Function<_match>', toCodecJson: 'Function<toCodecJson>', toCodecStringTree: 'Function<toCodecStringTree>', getExpected: 'Function<getExpected>', toString: 'Function<toString>' }, constructor: 'Function<PropertySignature>' }, { name: 'module', type: { '~effect/Schema': '~effect/Schema', annotations: undefined, checks: [ { _tag: 'Filter', run: 'Function<anonymous>', annotations: { expected: 'a value with a length of at least 1', representation: { id: 'effect/schema/isMinLength', payload: { minLength: 1 } }, toJsonSchema: 'Function<toJsonSchema>', toCode: 'Function<toCode>', '~structural': true, arbitrary: { constraint: { minLength: 1 } } }, aborted: false, constructor: 'Function<Filter>', annotate: 'Function<annotate>', abort: 'Function<abort>', and: 'Function<and>', pipe: 'Function<pipe>' }, { _tag: 'Filter', run: 'Function<anonymous>', annotations: undefined, aborted: false, constructor: 'Function<Filter>', annotate: 'Function<annotate>', abort: 'Function<abort>', and: 'Function<and>', pipe: 'Function<pipe>' } ], encoding: undefined, context: undefined, _tag: 'String', constructor: 'Function<String>', getParser: 'Function<getParser>', matchPart: 'Function<matchPart>', getExpected: 'Function<getExpected>', toString: 'Function<toString>' }, constructor: 'Function<PropertySignature>' } ], indexSignatures: [], encodingChecks: undefined, constructor: 'Function<Objects>', getParser: 'Function<getParser>', _rebuild: 'Function<_rebuild>', flip: 'Function<flip>', recur: 'Function<recur>', getExpected: 'Function<getExpected>', toString: 'Function<toString>' } ], encodingChecks: undefined, constructor: 'Function<Arrays>', getParser: 'Function<getParser>', _rebuild: 'Function<_rebuild>', recur: 'Function<recur>', flip: 'Function<flip>', getExpected: 'Function<getExpected>', toString: 'Function<toString>' }, constructor: 'Function<PropertySignature>' }, { name: 'operation', type: { '~effect/Schema': '~effect/Schema', annotations: undefined, checks: [ { _tag: 'Filter', run: 'Function<anonymous>', annotations: { expected: 'a value with a length of at least 1', representation: { id: 'effect/schema/isMinLength', payload: { minLength: 1 } }, toJsonSchema: 'Function<toJsonSchema>', toCode: 'Function<toCode>', '~structural': true, arbitrary: { constraint: { minLength: 1 } } }, aborted: false, constructor: 'Function<Filter>', annotate: 'Function<annotate>', abort: 'Function<abort>', and: 'Function<and>', pipe: 'Function<pipe>' }, { _tag: 'Filter', run: 'Function<anonymous>', annotations: undefined, aborted: false, constructor: 'Function<Filter>', annotate: 'Function<annotate>', abort: 'Function<abort>', and: 'Function<and>', pipe: 'Function<pipe>' } ], encoding: undefined, context: { isOptional: true, isMutable: false, constructorDefault: undefined, annotations: undefined, constructor: 'Function<Context>' }, _tag: 'String', constructor: 'Function<String>', getParser: 'Function<getParser>', matchPart: 'Function<matchPart>', getExpected: 'Function<getExpected>', toString: 'Function<toString>' }, constructor: 'Function<PropertySignature>' }, { name: 'safeMessage', type: { '~effect/Schema': '~effect/Schema', annotations: undefined, checks: [ { _tag: 'Filter', run: 'Function<anonymous>', annotations: { expected: 'a value with a length of at least 1', representation: { id: 'effect/schema/isMinLength', payload: { minLength: 1 } }, toJsonSchema: 'Function<toJsonSchema>', toCode: 'Function<toCode>', '~structural': true, arbitrary: { constraint: { minLength: 1 } } }, aborted: false, constructor: 'Function<Filter>', annotate: 'Function<annotate>', abort: 'Function<abort>', and: 'Function<and>', pipe: 'Function<pipe>' }, { _tag: 'Filter', run: 'Function<anonymous>', annotations: undefined, aborted: false, constructor: 'Function<Filter>', annotate: 'Function<annotate>', abort: 'Function<abort>', and: 'Function<and>', pipe: 'Function<pipe>' } ], encoding: undefined, context: undefined, _tag: 'String', constructor: 'Function<String>', getParser: 'Function<getParser>', matchPart: 'Function<matchPart>', getExpected: 'Function<getExpected>', toString: 'Function<toString>' }, constructor: 'Function<PropertySignature>' }, { name: 'syscall', type: { '~effect/Schema': '~effect/Schema', annotations: undefined, checks: [ { _tag: 'Filter', run: 'Function<anonymous>', annotations: { expected: 'a value with a length of at least 1', representation: { id: 'effect/schema/isMinLength', payload: { minLength: 1 } }, toJsonSchema: 'Function<toJsonSchema>', toCode: 'Function<toCode>', '~structural': true, arbitrary: { constraint: { minLength: 1 } } }, aborted: false, constructor: 'Function<Filter>', annotate: 'Function<annotate>', abort: 'Function<abort>', and: 'Function<and>', pipe: 'Function<pipe>' }, { _tag: 'Filter', run: 'Function<anonymous>', annotations: undefined, aborted: false, constructor: 'Function<Filter>', annotate: 'Function<annotate>', abort: 'Function<abort>', and: 'Function<and>', pipe: 'Function<pipe>' } ], encoding: undefined, context: { isOptional: true, isMutable: false, constructorDefault: undefined, annotations: undefined, constructor: 'Function<Context>' }, _tag: 'String', constructor: 'Function<String>', getParser: 'Function<getParser>', matchPart: 'Function<matchPart>', getExpected: 'Function<getExpected>', toString: 'Function<toString>' }, constructor: 'Function<PropertySignature>' } ], indexSignatures: [], encodingChecks: undefined, constructor: 'Function<Objects>', getParser: 'Function<getParser>', _rebuild: 'Function<_rebuild>', flip: 'Function<flip>', recur: 'Function<recur>', getExpected: 'Function<getExpected>', toString: 'Function<toString>' }, constructor: 'Function<PropertySignature>' } ], indexSignatures: [], encodingChecks: undefined, constructor: 'Function<Objects>', getParser: 'Function<getParser>', _rebuild: 'Function<_rebuild>', flip: 'Function<flip>', recur: 'Function<recur>', getExpected: 'Function<getExpected>', toString: 'Function<toString>' }, { '~effect/Schema': '~effect/Schema', annotations: undefined, checks: undefined, encoding: undefined, context: undefined, _tag: 'Objects', propertySignatures: [ { name: '_tag', type: { '~effect/Schema': '~effect/Schema', annotations: undefined, checks: undefined, encoding: undefined, context: { isOptional: false, isMutable: false, constructorDefault: { to: { '~effect/Schema': '~effect/Schema', annotations: undefined, checks: undefined, encoding: undefined, context: undefined, _tag: 'Unknown', constructor: 'Function<Unknown>', getParser: 'Function<getParser>', getExpected: 'Function<getExpected>', toString: 'Function<toString>' }, transformation: { '~effect/SchemaTransformation/Transformation': '~effect/SchemaTransformation/Transformation', _tag: 'Transformation', decode: { run: 'Function<anonymous>', constructor: 'Function<Getter>', map: 'Function<map>', compose: 'Function<compose>', pipe: 'Function<pipe>' }, encode: { run: 'Function<anonymous>', constructor: 'Function<Getter>', map: 'Function<map>', compose: 'Function<compose>', pipe: 'Function<pipe>' }, constructor: 'Function<Transformation>', flip: 'Function<flip>', compose: 'Function<compose>' }, constructor: 'Function<Link>' }, annotations: undefined, constructor: 'Function<Context>' }, _tag: 'Literal', literal: 'Interruption', constructor: 'Function<Literal>', getParser: 'Function<getParser>', matchPart: 'Function<matchPart>', toCodecJson: 'Function<toCodecJson>', toCodecStringTree: 'Function<toCodecStringTree>', getExpected: 'Function<getExpected>', toString: 'Function<toString>' }, constructor: 'Function<PropertySignature>' }, { name: 'error', type: { '~effect/Schema': '~effect/Schema', annotations: undefined, checks: undefined, encoding: undefined, context: undefined, _tag: 'Objects', propertySignatures: [ { name: 'category', type: { '~effect/Schema': '~effect/Schema', annotations: undefined, checks: [ { _tag: 'Filter', run: 'Function<anonymous>', annotations: { expected: 'a value with a length of at least 1', representation: { id: 'effect/schema/isMinLength', payload: { minLength: 1 } }, toJsonSchema: 'Function<toJsonSchema>', toCode: 'Function<toCode>', '~structural': true, arbitrary: { constraint: { minLength: 1 } } }, aborted: false, constructor: 'Function<Filter>', annotate: 'Function<annotate>', abort: 'Function<abort>', and: 'Function<and>', pipe: 'Function<pipe>' }, { _tag: 'Filter', run: 'Function<anonymous>', annotations: undefined, aborted: false, constructor: 'Function<Filter>', annotate: 'Function<annotate>', abort: 'Function<abort>', and: 'Function<and>', pipe: 'Function<pipe>' } ], encoding: undefined, context: { isOptional: true, isMutable: false, constructorDefault: undefined, annotations: undefined, constructor: 'Function<Context>' }, _tag: 'String', constructor: 'Function<String>', getParser: 'Function<getParser>', matchPart: 'Function<matchPart>', getExpected: 'Function<getExpected>', toString: 'Function<toString>' }, constructor: 'Function<PropertySignature>' }, { name: 'causes', type: { '~effect/Schema': '~effect/Schema', annotations: undefined, checks: [ { _tag: 'Filter', run: 'Function<anonymous>', annotations: { expected: 'a value with a length of at most 2', representation: { id: 'effect/schema/isMaxLength', payload: { maxLength: 2 } }, toJsonSchema: 'Function<toJsonSchema>', toCode: 'Function<toCode>', '~structural': true, arbitrary: { constraint: { maxLength: 2 } } }, aborted: false, constructor: 'Function<Filter>', annotate: 'Function<annotate>', abort: 'Function<abort>', and: 'Function<and>', pipe: 'Function<pipe>' } ], encoding: undefined, context: { isOptional: true, isMutable: false, constructorDefault: undefined, annotations: undefined, constructor: 'Function<Context>' }, _tag: 'Arrays', isMutable: false, elements: [ { '~effect/Schema': '~effect/Schema', annotations: undefined, checks: undefined, encoding: undefined, context: undefined, _tag: 'Suspend', thunk: 'Function<anonymous>', constructor: 'Function<Suspend>', getParser: 'Function<getParser>', recur: 'Function<recur>', getExpected: 'Function<getExpected>', toString: 'Function<toString>' } ], rest: [ { '~effect/Schema': '~effect/Schema', annotations: undefined, checks: undefined, encoding: undefined, context: undefined, _tag: 'Suspend', thunk: 'Function<anonymous>', constructor: 'Function<Suspend>', getParser: 'Function<getParser>', recur: 'Function<recur>', getExpected: 'Function<getExpected>', toString: 'Function<toString>' } ], encodingChecks: undefined, constructor: 'Function<Arrays>', getParser: 'Function<getParser>', _rebuild: 'Function<_rebuild>', recur: 'Function<recur>', flip: 'Function<flip>', getExpected: 'Function<getExpected>', toString: 'Function<toString>' }, constructor: 'Function<PropertySignature>' }, { name: 'code', type: { '~effect/Schema': '~effect/Schema', annotations: undefined, checks: [ { _tag: 'Filter', run: 'Function<anonymous>', annotations: { expected: 'a value with a length of at least 1', representation: { id: 'effect/schema/isMinLength', payload: { minLength: 1 } }, toJsonSchema: 'Function<toJsonSchema>', toCode: 'Function<toCode>', '~structural': true, arbitrary: { constraint: { minLength: 1 } } }, aborted: false, constructor: 'Function<Filter>', annotate: 'Function<annotate>', abort: 'Function<abort>', and: 'Function<and>', pipe: 'Function<pipe>' }, { _tag: 'Filter', run: 'Function<anonymous>', annotations: undefined, aborted: false, constructor: 'Function<Filter>', annotate: 'Function<annotate>', abort: 'Function<abort>', and: 'Function<and>', pipe: 'Function<pipe>' } ], encoding: undefined, context: { isOptional: true, isMutable: false, constructorDefault: undefined, annotations: undefined, constructor: 'Function<Context>' }, _tag: 'String', constructor: 'Function<String>', getParser: 'Function<getParser>', matchPart: 'Function<matchPart>', getExpected: 'Function<getExpected>', toString: 'Function<toString>' }, constructor: 'Function<PropertySignature>' }, { name: 'errorTag', type: { '~effect/Schema': '~effect/Schema', annotations: undefined, checks: [ { _tag: 'Filter', run: 'Function<anonymous>', annotations: { expected: 'a value with a length of at least 1', representation: { id: 'effect/schema/isMinLength', payload: { minLength: 1 } }, toJsonSchema: 'Function<toJsonSchema>', toCode: 'Function<toCode>', '~structural': true, arbitrary: { constraint: { minLength: 1 } } }, aborted: false, constructor: 'Function<Filter>', annotate: 'Function<annotate>', abort: 'Function<abort>', and: 'Function<and>', pipe: 'Function<pipe>' }, { _tag: 'Filter', run: 'Function<anonymous>', annotations: undefined, aborted: false, constructor: 'Function<Filter>', annotate: 'Function<annotate>', abort: 'Function<abort>', and: 'Function<and>', pipe: 'Function<pipe>' } ], encoding: undefined, context: undefined, _tag: 'String', constructor: 'Function<String>', getParser: 'Function<getParser>', matchPart: 'Function<matchPart>', getExpected: 'Function<getExpected>', toString: 'Function<toString>' }, constructor: 'Function<PropertySignature>' }, { name: 'frames', type: { '~effect/Schema': '~effect/Schema', annotations: undefined, checks: [ { _tag: 'Filter', run: 'Function<anonymous>', annotations: { expected: 'a value with a length of at most 4', representation: { id: 'effect/schema/isMaxLength', payload: { maxLength: 4 } }, toJsonSchema: 'Function<toJsonSchema>', toCode: 'Function<toCode>', '~structural': true, arbitrary: { constraint: { maxLength: 4 } } }, aborted: false, constructor: 'Function<Filter>', annotate: 'Function<annotate>', abort: 'Function<abort>', and: 'Function<and>', pipe: 'Function<pipe>' } ], encoding: undefined, context: { isOptional: true, isMutable: false, constructorDefault: undefined, annotations: undefined, constructor: 'Function<Context>' }, _tag: 'Arrays', isMutable: false, elements: [ { '~effect/Schema': '~effect/Schema', annotations: undefined, checks: undefined, encoding: undefined, context: undefined, _tag: 'Objects', propertySignatures: [ { name: 'column', type: { '~effect/Schema': '~effect/Schema', annotations: undefined, checks: [ { _tag: 'Filter', run: 'Function<anonymous>', annotations: { expected: 'an integer', representation: { id: 'effect/schema/isInt', payload: null }, toJsonSchema: 'Function<toJsonSchema>', toCode: 'Function<toCode>', arbitrary: { constraint: { integer: true } } }, aborted: false, constructor: 'Function<Filter>', annotate: 'Function<annotate>', abort: 'Function<abort>', and: 'Function<and>', pipe: 'Function<pipe>' }, { _tag: 'Filter', run: 'Function<anonymous>', annotations: { expected: 'a value greater than 0', arbitrary: { constraint: { ordered: { order: 'Function<anonymous>', minimum: +0, exclusiveMinimum: true } } }, representation: { id: 'effect/schema/isGreaterThan', payload: { exclusiveMinimum: +0 } }, toJsonSchema: 'Function<toJsonSchema>', toCode: 'Function<toCode>', brands: [ 'RuntimeDiagnosticColumnPosition' ] }, aborted: false, constructor: 'Function<Filter>', annotate: 'Function<annotate>', abort: 'Function<abort>', and: 'Function<and>', pipe: 'Function<pipe>' } ], encoding: undefined, context: undefined, _tag: 'Number', constructor: 'Function<Number>', getParser: 'Function<getParser>', matchKey: 'Function<matchKey>', matchPart: 'Function<matchPart>', _match: 'Function<_match>', toCodecJson: 'Function<toCodecJson>', toCodecStringTree: 'Function<toCodecStringTree>', getExpected: 'Function<getExpected>', toString: 'Function<toString>' }, constructor: 'Function<PropertySignature>' }, { name: 'function', type: { '~effect/Schema': '~effect/Schema', annotations: undefined, checks: [ { _tag: 'Filter', run: 'Function<anonymous>', annotations: { expected: 'a value with a length of at least 1', representation: { id: 'effect/schema/isMinLength', payload: { minLength: 1 } }, toJsonSchema: 'Function<toJsonSchema>', toCode: 'Function<toCode>', '~structural': true, arbitrary: { constraint: { minLength: 1 } } }, aborted: false, constructor: 'Function<Filter>', annotate: 'Function<annotate>', abort: 'Function<abort>', and: 'Function<and>', pipe: 'Function<pipe>' }, { _tag: 'Filter', run: 'Function<anonymous>', annotations: undefined, aborted: false, constructor: 'Function<Filter>', annotate: 'Function<annotate>', abort: 'Function<abort>', and: 'Function<and>', pipe: 'Function<pipe>' } ], encoding: undefined, context: undefined, _tag: 'String', constructor: 'Function<String>', getParser: 'Function<getParser>', matchPart: 'Function<matchPart>', getExpected: 'Function<getExpected>', toString: 'Function<toString>' }, constructor: 'Function<PropertySignature>' }, { name: 'line', type: { '~effect/Schema': '~effect/Schema', annotations: undefined, checks: [ { _tag: 'Filter', run: 'Function<anonymous>', annotations: { expected: 'an integer', representation: { id: 'effect/schema/isInt', payload: null }, toJsonSchema: 'Function<toJsonSchema>', toCode: 'Function<toCode>', arbitrary: { constraint: { integer: true } } }, aborted: false, constructor: 'Function<Filter>', annotate: 'Function<annotate>', abort: 'Function<abort>', and: 'Function<and>', pipe: 'Function<pipe>' }, { _tag: 'Filter', run: 'Function<anonymous>', annotations: { expected: 'a value greater than 0', arbitrary: { constraint: { ordered: { order: 'Function<anonymous>', minimum: +0, exclusiveMinimum: true } } }, representation: { id: 'effect/schema/isGreaterThan', payload: { exclusiveMinimum: +0 } }, toJsonSchema: 'Function<toJsonSchema>', toCode: 'Function<toCode>', brands: [ 'RuntimeDiagnosticLinePosition' ] }, aborted: false, constructor: 'Function<Filter>', annotate: 'Function<annotate>', abort: 'Function<abort>', and: 'Function<and>', pipe: 'Function<pipe>' } ], encoding: undefined, context: undefined, _tag: 'Number', constructor: 'Function<Number>', getParser: 'Function<getParser>', matchKey: 'Function<matchKey>', matchPart: 'Function<matchPart>', _match: 'Function<_match>', toCodecJson: 'Function<toCodecJson>', toCodecStringTree: 'Function<toCodecStringTree>', getExpected: 'Function<getExpected>', toString: 'Function<toString>' }, constructor: 'Function<PropertySignature>' }, { name: 'module', type: { '~effect/Schema': '~effect/Schema', annotations: undefined, checks: [ { _tag: 'Filter', run: 'Function<anonymous>', annotations: { expected: 'a value with a length of at least 1', representation: { id: 'effect/schema/isMinLength', payload: { minLength: 1 } }, toJsonSchema: 'Function<toJsonSchema>', toCode: 'Function<toCode>', '~structural': true, arbitrary: { constraint: { minLength: 1 } } }, aborted: false, constructor: 'Function<Filter>', annotate: 'Function<annotate>', abort: 'Function<abort>', and: 'Function<and>', pipe: 'Function<pipe>' }, { _tag: 'Filter', run: 'Function<anonymous>', annotations: undefined, aborted: false, constructor: 'Function<Filter>', annotate: 'Function<annotate>', abort: 'Function<abort>', and: 'Function<and>', pipe: 'Function<pipe>' } ], encoding: undefined, context: undefined, _tag: 'String', constructor: 'Function<String>', getParser: 'Function<getParser>', matchPart: 'Function<matchPart>', getExpected: 'Function<getExpected>', toString: 'Function<toString>' }, constructor: 'Function<PropertySignature>' } ], indexSignatures: [], encodingChecks: undefined, constructor: 'Function<Objects>', getParser: 'Function<getParser>', _rebuild: 'Function<_rebuild>', flip: 'Function<flip>', recur: 'Function<recur>', getExpected: 'Function<getExpected>', toString: 'Function<toString>' } ], rest: [ { '~effect/Schema': '~effect/Schema', annotations: undefined, checks: undefined, encoding: undefined, context: undefined, _tag: 'Objects', propertySignatures: [ { name: 'column', type: { '~effect/Schema': '~effect/Schema', annotations: undefined, checks: [ { _tag: 'Filter', run: 'Function<anonymous>', annotations: { expected: 'an integer', representation: { id: 'effect/schema/isInt', payload: null }, toJsonSchema: 'Function<toJsonSchema>', toCode: 'Function<toCode>', arbitrary: { constraint: { integer: true } } }, aborted: false, constructor: 'Function<Filter>', annotate: 'Function<annotate>', abort: 'Function<abort>', and: 'Function<and>', pipe: 'Function<pipe>' }, { _tag: 'Filter', run: 'Function<anonymous>', annotations: { expected: 'a value greater than 0', arbitrary: { constraint: { ordered: { order: 'Function<anonymous>', minimum: +0, exclusiveMinimum: true } } }, representation: { id: 'effect/schema/isGreaterThan', payload: { exclusiveMinimum: +0 } }, toJsonSchema: 'Function<toJsonSchema>', toCode: 'Function<toCode>', brands: [ 'RuntimeDiagnosticColumnPosition' ] }, aborted: false, constructor: 'Function<Filter>', annotate: 'Function<annotate>', abort: 'Function<abort>', and: 'Function<and>', pipe: 'Function<pipe>' } ], encoding: undefined, context: undefined, _tag: 'Number', constructor: 'Function<Number>', getParser: 'Function<getParser>', matchKey: 'Function<matchKey>', matchPart: 'Function<matchPart>', _match: 'Function<_match>', toCodecJson: 'Function<toCodecJson>', toCodecStringTree: 'Function<toCodecStringTree>', getExpected: 'Function<getExpected>', toString: 'Function<toString>' }, constructor: 'Function<PropertySignature>' }, { name: 'function', type: { '~effect/Schema': '~effect/Schema', annotations: undefined, checks: [ { _tag: 'Filter', run: 'Function<anonymous>', annotations: { expected: 'a value with a length of at least 1', representation: { id: 'effect/schema/isMinLength', payload: { minLength: 1 } }, toJsonSchema: 'Function<toJsonSchema>', toCode: 'Function<toCode>', '~structural': true, arbitrary: { constraint: { minLength: 1 } } }, aborted: false, constructor: 'Function<Filter>', annotate: 'Function<annotate>', abort: 'Function<abort>', and: 'Function<and>', pipe: 'Function<pipe>' }, { _tag: 'Filter', run: 'Function<anonymous>', annotations: undefined, aborted: false, constructor: 'Function<Filter>', annotate: 'Function<annotate>', abort: 'Function<abort>', and: 'Function<and>', pipe: 'Function<pipe>' } ], encoding: undefined, context: undefined, _tag: 'String', constructor: 'Function<String>', getParser: 'Function<getParser>', matchPart: 'Function<matchPart>', getExpected: 'Function<getExpected>', toString: 'Function<toString>' }, constructor: 'Function<PropertySignature>' }, { name: 'line', type: { '~effect/Schema': '~effect/Schema', annotations: undefined, checks: [ { _tag: 'Filter', run: 'Function<anonymous>', annotations: { expected: 'an integer', representation: { id: 'effect/schema/isInt', payload: null }, toJsonSchema: 'Function<toJsonSchema>', toCode: 'Function<toCode>', arbitrary: { constraint: { integer: true } } }, aborted: false, constructor: 'Function<Filter>', annotate: 'Function<annotate>', abort: 'Function<abort>', and: 'Function<and>', pipe: 'Function<pipe>' }, { _tag: 'Filter', run: 'Function<anonymous>', annotations: { expected: 'a value greater than 0', arbitrary: { constraint: { ordered: { order: 'Function<anonymous>', minimum: +0, exclusiveMinimum: true } } }, representation: { id: 'effect/schema/isGreaterThan', payload: { exclusiveMinimum: +0 } }, toJsonSchema: 'Function<toJsonSchema>', toCode: 'Function<toCode>', brands: [ 'RuntimeDiagnosticLinePosition' ] }, aborted: false, constructor: 'Function<Filter>', annotate: 'Function<annotate>', abort: 'Function<abort>', and: 'Function<and>', pipe: 'Function<pipe>' } ], encoding: undefined, context: undefined, _tag: 'Number', constructor: 'Function<Number>', getParser: 'Function<getParser>', matchKey: 'Function<matchKey>', matchPart: 'Function<matchPart>', _match: 'Function<_match>', toCodecJson: 'Function<toCodecJson>', toCodecStringTree: 'Function<toCodecStringTree>', getExpected: 'Function<getExpected>', toString: 'Function<toString>' }, constructor: 'Function<PropertySignature>' }, { name: 'module', type: { '~effect/Schema': '~effect/Schema', annotations: undefined, checks: [ { _tag: 'Filter', run: 'Function<anonymous>', annotations: { expected: 'a value with a length of at least 1', representation: { id: 'effect/schema/isMinLength', payload: { minLength: 1 } }, toJsonSchema: 'Function<toJsonSchema>', toCode: 'Function<toCode>', '~structural': true, arbitrary: { constraint: { minLength: 1 } } }, aborted: false, constructor: 'Function<Filter>', annotate: 'Function<annotate>', abort: 'Function<abort>', and: 'Function<and>', pipe: 'Function<pipe>' }, { _tag: 'Filter', run: 'Function<anonymous>', annotations: undefined, aborted: false, constructor: 'Function<Filter>', annotate: 'Function<annotate>', abort: 'Function<abort>', and: 'Function<and>', pipe: 'Function<pipe>' } ], encoding: undefined, context: undefined, _tag: 'String', constructor: 'Function<String>', getParser: 'Function<getParser>', matchPart: 'Function<matchPart>', getExpected: 'Function<getExpected>', toString: 'Function<toString>' }, constructor: 'Function<PropertySignature>' } ], indexSignatures: [], encodingChecks: undefined, constructor: 'Function<Objects>', getParser: 'Function<getParser>', _rebuild: 'Function<_rebuild>', flip: 'Function<flip>', recur: 'Function<recur>', getExpected: 'Function<getExpected>', toString: 'Function<toString>' } ], encodingChecks: undefined, constructor: 'Function<Arrays>', getParser: 'Function<getParser>', _rebuild: 'Function<_rebuild>', recur: 'Function<recur>', flip: 'Function<flip>', getExpected: 'Function<getExpected>', toString: 'Function<toString>' }, constructor: 'Function<PropertySignature>' }, { name: 'operation', type: { '~effect/Schema': '~effect/Schema', annotations: undefined, checks: [ { _tag: 'Filter', run: 'Function<anonymous>', annotations: { expected: 'a value with a length of at least 1', representation: { id: 'effect/schema/isMinLength', payload: { minLength: 1 } }, toJsonSchema: 'Function<toJsonSchema>', toCode: 'Function<toCode>', '~structural': true, arbitrary: { constraint: { minLength: 1 } } }, aborted: false, constructor: 'Function<Filter>', annotate: 'Function<annotate>', abort: 'Function<abort>', and: 'Function<and>', pipe: 'Function<pipe>' }, { _tag: 'Filter', run: 'Function<anonymous>', annotations: undefined, aborted: false, constructor: 'Function<Filter>', annotate: 'Function<annotate>', abort: 'Function<abort>', and: 'Function<and>', pipe: 'Function<pipe>' } ], encoding: undefined, context: { isOptional: true, isMutable: false, constructorDefault: undefined, annotations: undefined, constructor: 'Function<Context>' }, _tag: 'String', constructor: 'Function<String>', getParser: 'Function<getParser>', matchPart: 'Function<matchPart>', getExpected: 'Function<getExpected>', toString: 'Function<toString>' }, constructor: 'Function<PropertySignature>' }, { name: 'safeMessage', type: { '~effect/Schema': '~effect/Schema', annotations: undefined, checks: [ { _tag: 'Filter', run: 'Function<anonymous>', annotations: { expected: 'a value with a length of at least 1', representation: { id: 'effect/schema/isMinLength', payload: { minLength: 1 } }, toJsonSchema: 'Function<toJsonSchema>', toCode: 'Function<toCode>', '~structural': true, arbitrary: { constraint: { minLength: 1 } } }, aborted: false, constructor: 'Function<Filter>', annotate: 'Function<annotate>', abort: 'Function<abort>', and: 'Function<and>', pipe: 'Function<pipe>' }, { _tag: 'Filter', run: 'Function<anonymous>', annotations: undefined, aborted: false, constructor: 'Function<Filter>', annotate: 'Function<annotate>', abort: 'Function<abort>', and: 'Function<and>', pipe: 'Function<pipe>' } ], encoding: undefined, context: undefined, _tag: 'String', constructor: 'Function<String>', getParser: 'Function<getParser>', matchPart: 'Function<matchPart>', getExpected: 'Function<getExpected>', toString: 'Function<toString>' }, constructor: 'Function<PropertySignature>' }, { name: 'syscall', type: { '~effect/Schema': '~effect/Schema', annotations: undefined, checks: [ { _tag: 'Filter', run: 'Function<anonymous>', annotations: { expected: 'a value with a length of at least 1', representation: { id: 'effect/schema/isMinLength', payload: { minLength: 1 } }, toJsonSchema: 'Function<toJsonSchema>', toCode: 'Function<toCode>', '~structural': true, arbitrary: { constraint: { minLength: 1 } } }, aborted: false, constructor: 'Function<Filter>', annotate: 'Function<annotate>', abort: 'Function<abort>', and: 'Function<and>', pipe: 'Function<pipe>' }, { _tag: 'Filter', run: 'Function<anonymous>', annotations: undefined, aborted: false, constructor: 'Function<Filter>', annotate: 'Function<annotate>', abort: 'Function<abort>', and: 'Function<and>', pipe: 'Function<pipe>' } ], encoding: undefined, context: { isOptional: true, isMutable: false, constructorDefault: undefined, annotations: undefined, constructor: 'Function<Context>' }, _tag: 'String', constructor: 'Function<String>', getParser: 'Function<getParser>', matchPart: 'Function<matchPart>', getExpected: 'Function<getExpected>', toString: 'Function<toString>' }, constructor: 'Function<PropertySignature>' } ], indexSignatures: [], encodingChecks: undefined, constructor: 'Function<Objects>', getParser: 'Function<getParser>', _rebuild: 'Function<_rebuild>', flip: 'Function<flip>', recur: 'Function<recur>', getExpected: 'Function<getExpected>', toString: 'Function<toString>' }, constructor: 'Function<PropertySignature>' } ], indexSignatures: [], encodingChecks: undefined, constructor: 'Function<Objects>', getParser: 'Function<getParser>', _rebuild: 'Function<_rebuild>', flip: 'Function<flip>', recur: 'Function<recur>', getExpected: 'Function<getExpected>', toString: 'Function<toString>' } ], mode: 'anyOf', encodingChecks: undefined, constructor: 'Function<Union>', getParser: 'Function<getParser>', _rebuild: 'Function<_rebuild>', recur: 'Function<recur>', flip: 'Function<flip>', matchPart: 'Function<matchPart>', getExpected: 'Function<getExpected>', toString: 'Function<toString>' } ], encodingChecks: undefined, constructor: 'Function<Arrays>', getParser: 'Function<getParser>', _rebuild: 'Function<_rebuild>', recur: 'Function<recur>', flip: 'Function<flip>', getExpected: 'Function<getExpected>', toString: 'Function<toString>' }, constructor: 'Function<PropertySignature>' }, { name: 'version', type: { '~effect/Schema': '~effect/Schema', annotations: undefined, checks: undefined, encoding: undefined, context: undefined, _tag: 'Literal', literal: 1, constructor: 'Function<Literal>', getParser: 'Function<getParser>', matchPart: 'Function<matchPart>', toCodecJson: 'Function<toCodecJson>', toCodecStringTree: 'Function<toCodecStringTree>', getExpected: 'Function<getExpected>', toString: 'Function<toString>' }, constructor: 'Function<PropertySignature>' } ], indexSignatures: [], encodingChecks: undefined, constructor: 'Function<Objects>', getParser: 'Function<getParser>', _rebuild: 'Function<_rebuild>', flip: 'Function<flip>', recur: 'Function<recur>', getExpected: 'Function<getExpected>', toString: 'Function<toString>' }, { '~effect/Schema': '~effect/Schema', annotations: undefined, checks: undefined, encoding: undefined, context: undefined, _tag: 'Objects', propertySignatures: [ { name: '_tag', type: { '~effect/Schema': '~effect/Schema', annotations: undefined, checks: undefined, encoding: undefined, context: { isOptional: false, isMutable: false, constructorDefault: { to: { '~effect/Schema': '~effect/Schema', annotations: undefined, checks: undefined, encoding: undefined, context: undefined, _tag: 'Unknown', constructor: 'Function<Unknown>', getParser: 'Function<getParser>', getExpected: 'Function<getExpected>', toString: 'Function<toString>' }, transformation: { '~effect/SchemaTransformation/Transformation': '~effect/SchemaTransformation/Transformation', _tag: 'Transformation', decode: { run: 'Function<anonymous>', constructor: 'Function<Getter>', map: 'Function<map>', compose: 'Function<compose>', pipe: 'Function<pipe>' }, encode: { run: 'Function<anonymous>', constructor: 'Function<Getter>', map: 'Function<map>', compose: 'Function<compose>', pipe: 'Function<pipe>' }, constructor: 'Function<Transformation>', flip: 'Function<flip>', compose: 'Function<compose>' }, constructor: 'Function<Link>' }, annotations: undefined, constructor: 'Function<Context>' }, _tag: 'Literal', literal: 'DalphApplicationExitDiagnostic', constructor: 'Function<Literal>', getParser: 'Function<getParser>', matchPart: 'Function<matchPart>', toCodecJson: 'Function<toCodecJson>', toCodecStringTree: 'Function<toCodecStringTree>', getExpected: 'Function<getExpected>', toString: 'Function<toString>' }, constructor: 'Function<PropertySignature>' }, { name: 'result', type: { '~effect/Schema': '~effect/Schema', annotations: undefined, checks: undefined, encoding: undefined, context: undefined, _tag: 'Union', types: [ { '~effect/Schema': '~effect/Schema', annotations: undefined, checks: undefined, encoding: undefined, context: undefined, _tag: 'Objects', propertySignatures: [ { name: '_tag', type: { '~effect/Schema': '~effect/Schema', annotations: undefined, checks: undefined, encoding: undefined, context: { isOptional: false, isMutable: false, constructorDefault: { to: { '~effect/Schema': '~effect/Schema', annotations: undefined, checks: undefined, encoding: undefined, context: undefined, _tag: 'Unknown', constructor: 'Function<Unknown>', getParser: 'Function<getParser>', getExpected: 'Function<getExpected>', toString: 'Function<toString>' }, transformation: { '~effect/SchemaTransformation/Transformation': '~effect/SchemaTransformation/Transformation', _tag: 'Transformation', decode: { run: 'Function<anonymous>', constructor: 'Function<Getter>', map: 'Function<map>', compose: 'Function<compose>', pipe: 'Function<pipe>' }, encode: { run: 'Function<anonymous>', constructor: 'Function<Getter>', map: 'Function<map>', compose: 'Function<compose>', pipe: 'Function<pipe>' }, constructor: 'Function<Transformation>', flip: 'Function<flip>', compose: 'Function<compose>' }, constructor: 'Function<Link>' }, annotations: undefined, constructor: 'Function<Context>' }, _tag: 'Literal', literal: 'Failed', constructor: 'Function<Literal>', getParser: 'Function<getParser>', matchPart: 'Function<matchPart>', toCodecJson: 'Function<toCodecJson>', toCodecStringTree: 'Function<toCodecStringTree>', getExpected: 'Function<getExpected>', toString: 'Function<toString>' }, constructor: 'Function<PropertySignature>' }, { name: 'diagnostics', type: { '~effect/Schema': '~effect/Schema', annotations: undefined, checks: undefined, encoding: undefined, context: undefined, _tag: 'Arrays', isMutable: false, elements: [ { '~effect/Schema': '~effect/Schema', annotations: undefined, checks: [ { _tag: 'Filter', run: 'Function<anonymous>', annotations: { expected: 'a value with a length of at least 1', representation: { id: 'effect/schema/isMinLength', payload: { minLength: 1 } }, toJsonSchema: 'Function<toJsonSchema>', toCode: 'Function<toCode>', '~structural': true, arbitrary: { constraint: { minLength: 1 } }, brands: [ 'ApplicationExitDiagnostic' ] }, aborted: false, constructor: 'Function<Filter>', annotate: 'Function<annotate>', abort: 'Function<abort>', and: 'Function<and>', pipe: 'Function<pipe>' } ], encoding: undefined, context: undefined, _tag: 'String', constructor: 'Function<String>', getParser: 'Function<getParser>', matchPart: 'Function<matchPart>', getExpected: 'Function<getExpected>', toString: 'Function<toString>' } ], rest: [ { '~effect/Schema': '~effect/Schema', annotations: undefined, checks: [ { _tag: 'Filter', run: 'Function<anonymous>', annotations: { expected: 'a value with a length of at least 1', representation: { id: 'effect/schema/isMinLength', payload: { minLength: 1 } }, toJsonSchema: 'Function<toJsonSchema>', toCode: 'Function<toCode>', '~structural': true, arbitrary: { constraint: { minLength: 1 } }, brands: [ 'ApplicationExitDiagnostic' ] }, aborted: false, constructor: 'Function<Filter>', annotate: 'Function<annotate>', abort: 'Function<abort>', and: 'Function<and>', pipe: 'Function<pipe>' } ], encoding: undefined, context: undefined, _tag: 'String', constructor: 'Function<String>', getParser: 'Function<getParser>', matchPart: 'Function<matchPart>', getExpected: 'Function<getExpected>', toString: 'Function<toString>' } ], encodingChecks: undefined, constructor: 'Function<Arrays>', getParser: 'Function<getParser>', _rebuild: 'Function<_rebuild>', recur: 'Function<recur>', flip: 'Function<flip>', getExpected: 'Function<getExpected>', toString: 'Function<toString>' }, constructor: 'Function<PropertySignature>' }, { name: 'owners', type: { '~effect/Schema': '~effect/Schema', annotations: undefined, checks: undefined, encoding: undefined, context: { isOptional: true, isMutable: false, constructorDefault: undefined, annotations: undefined, constructor: 'Function<Context>' }, _tag: 'Objects', propertySignatures: [ { name: 'cutoffClosed', type: { '~effect/Schema': '~effect/Schema', annotations: undefined, checks: undefined, encoding: undefined, context: undefined, _tag: 'Boolean', constructor: 'Function<Boolean>', getParser: 'Function<getParser>', getExpected: 'Function<getExpected>', toString: 'Function<toString>' }, constructor: 'Function<PropertySignature>' }, { name: 'owners', type: { '~effect/Schema': '~effect/Schema', annotations: undefined, checks: undefined, encoding: undefined, context: undefined, _tag: 'Arrays', isMutable: false, elements: [], rest: [ { '~effect/Schema': '~effect/Schema', annotations: undefined, checks: undefined, encoding: undefined, context: undefined, _tag: 'Objects', propertySignatures: [ { name: 'ownerId', type: { '~effect/Schema': '~effect/Schema', annotations: undefined, checks: [ { _tag: 'Filter', run: 'Function<anonymous>', annotations: { expected: 'an integer', representation: { id: 'effect/schema/isInt', payload: null }, toJsonSchema: 'Function<toJsonSchema>', toCode: 'Function<toCode>', arbitrary: { constraint: { integer: true } } }, aborted: false, constructor: 'Function<Filter>', annotate: 'Function<annotate>', abort: 'Function<abort>', and: 'Function<and>', pipe: 'Function<pipe>' }, { _tag: 'Filter', run: 'Function<anonymous>', annotations: { expected: 'a value greater than or equal to 0', arbitrary: { constraint: { ordered: { order: 'Function<anonymous>', minimum: +0 } } }, representation: { id: 'effect/schema/isGreaterThanOrEqualTo', payload: { minimum: +0 } }, toJsonSchema: 'Function<toJsonSchema>', toCode: 'Function<toCode>', brands: [ 'ApplicationExitOwnerId' ] }, aborted: false, constructor: 'Function<Filter>', annotate: 'Function<annotate>', abort: 'Function<abort>', and: 'Function<and>', pipe: 'Function<pipe>' } ], encoding: undefined, context: undefined, _tag: 'Number', constructor: 'Function<Number>', getParser: 'Function<getParser>', matchKey: 'Function<matchKey>', matchPart: 'Function<matchPart>', _match: 'Function<_match>', toCodecJson: 'Function<toCodecJson>', toCodecStringTree: 'Function<toCodecStringTree>', getExpected: 'Function<getExpected>', toString: 'Function<toString>' }, constructor: 'Function<PropertySignature>' }, { name: 'family', type: { '~effect/Schema': '~effect/Schema', annotations: undefined, checks: undefined, encoding: undefined, context: undefined, _tag: 'Union', types: [ { '~effect/Schema': '~effect/Schema', annotations: undefined, checks: undefined, encoding: undefined, context: undefined, _tag: 'Literal', literal: 'ForwardOwner', constructor: 'Function<Literal>', getParser: 'Function<getParser>', matchPart: 'Function<matchPart>', toCodecJson: 'Function<toCodecJson>', toCodecStringTree: 'Function<toCodecStringTree>', getExpected: 'Function<getExpected>', toString: 'Function<toString>' }, { '~effect/Schema': '~effect/Schema', annotations: undefined, checks: undefined, encoding: undefined, context: undefined, _tag: 'Literal', literal: 'ExecutorDrain', constructor: 'Function<Literal>', getParser: 'Function<getParser>', matchPart: 'Function<matchPart>', toCodecJson: 'Function<toCodecJson>', toCodecStringTree: 'Function<toCodecStringTree>', getExpected: 'Function<getExpected>', toString: 'Function<toString>' }, { '~effect/Schema': '~effect/Schema', annotations: undefined, checks: undefined, encoding: undefined, context: undefined, _tag: 'Literal', literal: 'LocalDrain', constructor: 'Function<Literal>', getParser: 'Function<getParser>', matchPart: 'Function<matchPart>', toCodecJson: 'Function<toCodecJson>', toCodecStringTree: 'Function<toCodecStringTree>', getExpected: 'Function<getExpected>', toString: 'Function<toString>' } ], mode: 'anyOf', encodingChecks: undefined, constructor: 'Function<Union>', getParser: 'Function<getParser>', _rebuild: 'Function<_rebuild>', recur: 'Function<recur>', flip: 'Function<flip>', matchPart: 'Function<matchPart>', getExpected: 'Function<getExpected>', toString: 'Function<toString>' }, constructor: 'Function<PropertySignature>' }, { name: 'name', type: { '~effect/Schema': '~effect/Schema', annotations: undefined, checks: undefined, encoding: undefined, context: undefined, _tag: 'Union', types: [ { '~effect/Schema': '~effect/Schema', annotations: undefined, checks: undefined, encoding: undefined, context: undefined, _tag: 'Literal', literal: 'ForwardProgress', constructor: 'Function<Literal>', getParser: 'Function<getParser>', matchPart: 'Function<matchPart>', toCodecJson: 'Function<toCodecJson>', toCodecStringTree: 'Function<toCodecStringTree>', getExpected: 'Function<getExpected>', toString: 'Function<toString>' }, { '~effect/Schema': '~effect/Schema', annotations: undefined, checks: undefined, encoding: undefined, context: undefined, _tag: 'Literal', literal: 'ExecutorWork', constructor: 'Function<Literal>', getParser: 'Function<getParser>', matchPart: 'Function<matchPart>', toCodecJson: 'Function<toCodecJson>', toCodecStringTree: 'Function<toCodecStringTree>', getExpected: 'Function<getExpected>', toString: 'Function<toString>' }, { '~effect/Schema': '~effect/Schema', annotations: undefined, checks: undefined, encoding: undefined, context: undefined, _tag: 'Literal', literal: 'HostAcquisition', constructor: 'Function<Literal>', getParser: 'Function<getParser>', matchPart: 'Function<matchPart>', toCodecJson: 'Function<toCodecJson>', toCodecStringTree: 'Function<toCodecStringTree>', getExpected: 'Function<getExpected>', toString: 'Function<toString>' }, { '~effect/Schema': '~effect/Schema', annotations: undefined, checks: undefined, encoding: undefined, context: undefined, _tag: 'Literal', literal: 'CodexProvider', constructor: 'Function<Literal>', getParser: 'Function<getParser>', matchPart: 'Function<matchPart>', toCodecJson: 'Function<toCodecJson>', toCodecStringTree: 'Function<toCodecStringTree>', getExpected: 'Function<getExpected>', toString: 'Function<toString>' }, { '~effect/Schema': '~effect/Schema', annotations: undefined, checks: undefined, encoding: undefined, context: undefined, _tag: 'Literal', literal: 'RunRuntime', constructor: 'Function<Literal>', getParser: 'Function<getParser>', matchPart: 'Function<matchPart>', toCodecJson: 'Function<toCodecJson>', toCodecStringTree: 'Function<toCodecStringTree>', getExpected: 'Function<getExpected>', toString: 'Function<toString>' }, { '~effect/Schema': '~effect/Schema', annotations: undefined, checks: undefined, encoding: undefined, context: undefined, _tag: 'Literal', literal: 'ArchiveMaintenance', constructor: 'Function<Literal>', getParser: 'Function<getParser>', matchPart: 'Function<matchPart>', toCodecJson: 'Function<toCodecJson>', toCodecStringTree: 'Function<toCodecStringTree>', getExpected: 'Function<getExpected>', toString: 'Function<toString>' }, { '~effect/Schema': '~effect/Schema', annotations: undefined, checks: undefined, encoding: undefined, context: undefined, _tag: 'Literal', literal: 'Inspection', constructor: 'Function<Literal>', getParser: 'Function<getParser>', matchPart: 'Function<matchPart>', toCodecJson: 'Function<toCodecJson>', toCodecStringTree: 'Function<toCodecStringTree>', getExpected: 'Function<getExpected>', toString: 'Function<toString>' }, { '~effect/Schema': '~effect/Schema', annotations: undefined, checks: undefined, encoding: undefined, context: undefined, _tag: 'Literal', literal: 'HostWatch', constructor: 'Function<Literal>', getParser: 'Function<getParser>', matchPart: 'Function<matchPart>', toCodecJson: 'Function<toCodecJson>', toCodecStringTree: 'Function<toCodecStringTree>', getExpected: 'Function<getExpected>', toString: 'Function<toString>' }, { '~effect/Schema': '~effect/Schema', annotations: undefined, checks: undefined, encoding: undefined, context: undefined, _tag: 'Literal', literal: 'LocalResources', constructor: 'Function<Literal>', getParser: 'Function<getParser>', matchPart: 'Function<matchPart>', toCodecJson: 'Function<toCodecJson>', toCodecStringTree: 'Function<toCodecStringTree>', getExpected: 'Function<getExpected>', toString: 'Function<toString>' } ], mode: 'anyOf', encodingChecks: undefined, constructor: 'Function<Union>', getParser: 'Function<getParser>', _rebuild: 'Function<_rebuild>', recur: 'Function<recur>', flip: 'Function<flip>', matchPart: 'Function<matchPart>', getExpected: 'Function<getExpected>', toString: 'Function<toString>' }, constructor: 'Function<PropertySignature>' }, { name: 'kind', type: { '~effect/Schema': '~effect/Schema', annotations: undefined, checks: undefined, encoding: undefined, context: undefined, _tag: 'Union', types: [ { '~effect/Schema': '~effect/Schema', annotations: undefined, checks: undefined, encoding: undefined, context: undefined, _tag: 'Literal', literal: 'AtomicBoundary', constructor: 'Function<Literal>', getParser: 'Function<getParser>', matchPart: 'Function<matchPart>', toCodecJson: 'Function<toCodecJson>', toCodecStringTree: 'Function<toCodecStringTree>', getExpected: 'Function<getExpected>', toString: 'Function<toString>' }, { '~effect/Schema': '~effect/Schema', annotations: undefined, checks: undefined, encoding: undefined, context: undefined, _tag: 'Literal', literal: 'AuthorizedRunTerminationAppend', constructor: 'Function<Literal>', getParser: 'Function<getParser>', matchPart: 'Function<matchPart>', toCodecJson: 'Function<toCodecJson>', toCodecStringTree: 'Function<toCodecStringTree>', getExpected: 'Function<getExpected>', toString: 'Function<toString>' }, { '~effect/Schema': '~effect/Schema', annotations: undefined, checks: undefined, encoding: undefined, context: undefined, _tag: 'Literal', literal: 'InterruptibleBoundary', constructor: 'Function<Literal>', getParser: 'Function<getParser>', matchPart: 'Function<matchPart>', toCodecJson: 'Function<toCodecJson>', toCodecStringTree: 'Function<toCodecStringTree>', getExpected: 'Function<getExpected>', toString: 'Function<toString>' }, { '~effect/Schema': '~effect/Schema', annotations: undefined, checks: undefined, encoding: undefined, context: undefined, _tag: 'Literal', literal: 'RunActivation', constructor: 'Function<Literal>', getParser: 'Function<getParser>', matchPart: 'Function<matchPart>', toCodecJson: 'Function<toCodecJson>', toCodecStringTree: 'Function<toCodecStringTree>', getExpected: 'Function<getExpected>', toString: 'Function<toString>' }, { '~effect/Schema': '~effect/Schema', annotations: undefined, checks: undefined, encoding: undefined, context: undefined, _tag: 'Literal', literal: 'ExecutorDrain', constructor: 'Function<Literal>', getParser: 'Function<getParser>', matchPart: 'Function<matchPart>', toCodecJson: 'Function<toCodecJson>', toCodecStringTree: 'Function<toCodecStringTree>', getExpected: 'Function<getExpected>', toString: 'Function<toString>' }, { '~effect/Schema': '~effect/Schema', annotations: undefined, checks: undefined, encoding: undefined, context: undefined, _tag: 'Literal', literal: 'LocalDrain', constructor: 'Function<Literal>', getParser: 'Function<getParser>', matchPart: 'Function<matchPart>', toCodecJson: 'Function<toCodecJson>', toCodecStringTree: 'Function<toCodecStringTree>', getExpected: 'Function<getExpected>', toString: 'Function<toString>' } ], mode: 'anyOf', encodingChecks: undefined, constructor: 'Function<Union>', getParser: 'Function<getParser>', _rebuild: 'Function<_rebuild>', recur: 'Function<recur>', flip: 'Function<flip>', matchPart: 'Function<matchPart>', getExpected: 'Function<getExpected>', toString: 'Function<toString>' }, constructor: 'Function<PropertySignature>' }, { name: 'subject', type: { '~effect/Schema': '~effect/Schema', annotations: undefined, checks: undefined, encoding: undefined, context: undefined, _tag: 'Union', types: [ { '~effect/Schema': '~effect/Schema', annotations: undefined, checks: undefined, encoding: undefined, context: undefined, _tag: 'Objects', propertySignatures: [ { name: '_tag', type: { '~effect/Schema': '~effect/Schema', annotations: undefined, checks: undefined, encoding: undefined, context: { isOptional: false, isMutable: false, constructorDefault: { to: { '~effect/Schema': '~effect/Schema', annotations: undefined, checks: undefined, encoding: undefined, context: undefined, _tag: 'Unknown', constructor: 'Function<Unknown>', getParser: 'Function<getParser>', getExpected: 'Function<getExpected>', toString: 'Function<toString>' }, transformation: { '~effect/SchemaTransformation/Transformation': '~effect/SchemaTransformation/Transformation', _tag: 'Transformation', decode: { run: 'Function<anonymous>', constructor: 'Function<Getter>', map: 'Function<map>', compose: 'Function<compose>', pipe: 'Function<pipe>' }, encode: { run: 'Function<anonymous>', constructor: 'Function<Getter>', map: 'Function<map>', compose: 'Function<compose>', pipe: 'Function<pipe>' }, constructor: 'Function<Transformation>', flip: 'Function<flip>', compose: 'Function<compose>' }, constructor: 'Function<Link>' }, annotations: undefined, constructor: 'Function<Context>' }, _tag: 'Literal', literal: 'NoRun', constructor: 'Function<Literal>', getParser: 'Function<getParser>', matchPart: 'Function<matchPart>', toCodecJson: 'Function<toCodecJson>', toCodecStringTree: 'Function<toCodecStringTree>', getExpected: 'Function<getExpected>', toString: 'Function<toString>' }, constructor: 'Function<PropertySignature>' } ], indexSignatures: [], encodingChecks: undefined, constructor: 'Function<Objects>', getParser: 'Function<getParser>', _rebuild: 'Function<_rebuild>', flip: 'Function<flip>', recur: 'Function<recur>', getExpected: 'Function<getExpected>', toString: 'Function<toString>' }, { '~effect/Schema': '~effect/Schema', annotations: undefined, checks: undefined, encoding: undefined, context: undefined, _tag: 'Objects', propertySignatures: [ { name: '_tag', type: { '~effect/Schema': '~effect/Schema', annotations: undefined, checks: undefined, encoding: undefined, context: { isOptional: false, isMutable: false, constructorDefault: { to: { '~effect/Schema': '~effect/Schema', annotations: undefined, checks: undefined, encoding: undefined, context: undefined, _tag: 'Unknown', constructor: 'Function<Unknown>', getParser: 'Function<getParser>', getExpected: 'Function<getExpected>', toString: 'Function<toString>' }, transformation: { '~effect/SchemaTransformation/Transformation': '~effect/SchemaTransformation/Transformation', _tag: 'Transformation', decode: { run: 'Function<anonymous>', constructor: 'Function<Getter>', map: 'Function<map>', compose: 'Function<compose>', pipe: 'Function<pipe>' }, encode: { run: 'Function<anonymous>', constructor: 'Function<Getter>', map: 'Function<map>', compose: 'Function<compose>', pipe: 'Function<pipe>' }, constructor: 'Function<Transformation>', flip: 'Function<flip>', compose: 'Function<compose>' }, constructor: 'Function<Link>' }, annotations: undefined, constructor: 'Function<Context>' }, _tag: 'Literal', literal: 'Run', constructor: 'Function<Literal>', getParser: 'Function<getParser>', matchPart: 'Function<matchPart>', toCodecJson: 'Function<toCodecJson>', toCodecStringTree: 'Function<toCodecStringTree>', getExpected: 'Function<getExpected>', toString: 'Function<toString>' }, constructor: 'Function<PropertySignature>' }, { name: 'runId', type: { '~effect/Schema': '~effect/Schema', annotations: undefined, checks: [ { _tag: 'Filter', run: 'Function<anonymous>', annotations: { expected: 'a value with a length of at least 1', representation: { id: 'effect/schema/isMinLength', payload: { minLength: 1 } }, toJsonSchema: 'Function<toJsonSchema>', toCode: 'Function<toCode>', '~structural': true, arbitrary: { constraint: { minLength: 1 } }, brands: [ 'RunId' ] }, aborted: false, constructor: 'Function<Filter>', annotate: 'Function<annotate>', abort: 'Function<abort>', and: 'Function<and>', pipe: 'Function<pipe>' } ], encoding: undefined, context: undefined, _tag: 'String', constructor: 'Function<String>', getParser: 'Function<getParser>', matchPart: 'Function<matchPart>', getExpected: 'Function<getExpected>', toString: 'Function<toString>' }, constructor: 'Function<PropertySignature>' } ], indexSignatures: [], encodingChecks: undefined, constructor: 'Function<Objects>', getParser: 'Function<getParser>', _rebuild: 'Function<_rebuild>', flip: 'Function<flip>', recur: 'Function<recur>', getExpected: 'Function<getExpected>', toString: 'Function<toString>' }, { '~effect/Schema': '~effect/Schema', annotations: undefined, checks: undefined, encoding: undefined, context: undefined, _tag: 'Objects', propertySignatures: [ { name: '_tag', type: { '~effect/Schema': '~effect/Schema', annotations: undefined, checks: undefined, encoding: undefined, context: { isOptional: false, isMutable: false, constructorDefault: { to: { '~effect/Schema': '~effect/Schema', annotations: undefined, checks: undefined, encoding: undefined, context: undefined, _tag: 'Unknown', constructor: 'Function<Unknown>', getParser: 'Function<getParser>', getExpected: 'Function<getExpected>', toString: 'Function<toString>' }, transformation: { '~effect/SchemaTransformation/Transformation': '~effect/SchemaTransformation/Transformation', _tag: 'Transformation', decode: { run: 'Function<anonymous>', constructor: 'Function<Getter>', map: 'Function<map>', compose: 'Function<compose>', pipe: 'Function<pipe>' }, encode: { run: 'Function<anonymous>', constructor: 'Function<Getter>', map: 'Function<map>', compose: 'Function<compose>', pipe: 'Function<pipe>' }, constructor: 'Function<Transformation>', flip: 'Function<flip>', compose: 'Function<compose>' }, constructor: 'Function<Link>' }, annotations: undefined, constructor: 'Function<Context>' }, _tag: 'Literal', literal: 'Task', constructor: 'Function<Literal>', getParser: 'Function<getParser>', matchPart: 'Function<matchPart>', toCodecJson: 'Function<toCodecJson>', toCodecStringTree: 'Function<toCodecStringTree>', getExpected: 'Function<getExpected>', toString: 'Function<toString>' }, constructor: 'Function<PropertySignature>' }, { name: 'runId', type: { '~effect/Schema': '~effect/Schema', annotations: undefined, checks: [ { _tag: 'Filter', run: 'Function<anonymous>', annotations: { expected: 'a value with a length of at least 1', representation: { id: 'effect/schema/isMinLength', payload: { minLength: 1 } }, toJsonSchema: 'Function<toJsonSchema>', toCode: 'Function<toCode>', '~structural': true, arbitrary: { constraint: { minLength: 1 } }, brands: [ 'RunId' ] }, aborted: false, constructor: 'Function<Filter>', annotate: 'Function<annotate>', abort: 'Function<abort>', and: 'Function<and>', pipe: 'Function<pipe>' } ], encoding: undefined, context: undefined, _tag: 'String', constructor: 'Function<String>', getParser: 'Function<getParser>', matchPart: 'Function<matchPart>', getExpected: 'Function<getExpected>', toString: 'Function<toString>' }, constructor: 'Function<PropertySignature>' }, { name: 'taskId', type: { '~effect/Schema': '~effect/Schema', annotations: undefined, checks: [ { _tag: 'Filter', run: 'Function<anonymous>', annotations: { expected: 'a value with a length of at least 1', representation: { id: 'effect/schema/isMinLength', payload: { minLength: 1 } }, toJsonSchema: 'Function<toJsonSchema>', toCode: 'Function<toCode>', '~structural': true, arbitrary: { constraint: { minLength: 1 } }, brands: [ 'TaskId' ] }, aborted: false, constructor: 'Function<Filter>', annotate: 'Function<annotate>', abort: 'Function<abort>', and: 'Function<and>', pipe: 'Function<pipe>' } ], encoding: undefined, context: undefined, _tag: 'String', constructor: 'Function<String>', getParser: 'Function<getParser>', matchPart: 'Function<matchPart>', getExpected: 'Function<getExpected>', toString: 'Function<toString>' }, constructor: 'Function<PropertySignature>' } ], indexSignatures: [], encodingChecks: undefined, constructor: 'Function<Objects>', getParser: 'Function<getParser>', _rebuild: 'Function<_rebuild>', flip: 'Function<flip>', recur: 'Function<recur>', getExpected: 'Function<getExpected>', toString: 'Function<toString>' }, { '~effect/Schema': '~effect/Schema', annotations: undefined, checks: undefined, encoding: undefined, context: undefined, _tag: 'Objects', propertySignatures: [ { name: '_tag', type: { '~effect/Schema': '~effect/Schema', annotations: undefined, checks: undefined, encoding: undefined, context: { isOptional: false, isMutable: false, constructorDefault: { to: { '~effect/Schema': '~effect/Schema', annotations: undefined, checks: undefined, encoding: undefined, context: undefined, _tag: 'Unknown', constructor: 'Function<Unknown>', getParser: 'Function<getParser>', getExpected: 'Function<getExpected>', toString: 'Function<toString>' }, transformation: { '~effect/SchemaTransformation/Transformation': '~effect/SchemaTransformation/Transformation', _tag: 'Transformation', decode: { run: 'Function<anonymous>', constructor: 'Function<Getter>', map: 'Function<map>', compose: 'Function<compose>', pipe: 'Function<pipe>' }, encode: { run: 'Function<anonymous>', constructor: 'Function<Getter>', map: 'Function<map>', compose: 'Function<compose>', pipe: 'Function<pipe>' }, constructor: 'Function<Transformation>', flip: 'Function<flip>', compose: 'Function<compose>' }, constructor: 'Function<Link>' }, annotations: undefined, constructor: 'Function<Context>' }, _tag: 'Literal', literal: 'ExecutorAttempt', constructor: 'Function<Literal>', getParser: 'Function<getParser>', matchPart: 'Function<matchPart>', toCodecJson: 'Function<toCodecJson>', toCodecStringTree: 'Function<toCodecStringTree>', getExpected: 'Function<getExpected>', toString: 'Function<toString>' }, constructor: 'Function<PropertySignature>' }, { name: 'correlation', type: { '~effect/Schema': '~effect/Schema', annotations: undefined, checks: undefined, encoding: undefined, context: undefined, _tag: 'Objects', propertySignatures: [ { name: 'attemptId', type: { '~effect/Schema': '~effect/Schema', annotations: undefined, checks: [ { _tag: 'Filter', run: 'Function<anonymous>', annotations: { expected: 'a value with a length of at least 1', representation: { id: 'effect/schema/isMinLength', payload: { minLength: 1 } }, toJsonSchema: 'Function<toJsonSchema>', toCode: 'Function<toCode>', '~structural': true, arbitrary: { constraint: { minLength: 1 } }, brands: [ 'AttemptId' ] }, aborted: false, constructor: 'Function<Filter>', annotate: 'Function<annotate>', abort: 'Function<abort>', and: 'Function<and>', pipe: 'Function<pipe>' } ], encoding: undefined, context: undefined, _tag: 'String', constructor: 'Function<String>', getParser: 'Function<getParser>', matchPart: 'Function<matchPart>', getExpected: 'Function<getExpected>', toString: 'Function<toString>' }, constructor: 'Function<PropertySignature>' }, { name: 'runId', type: { '~effect/Schema': '~effect/Schema', annotations: undefined, checks: [ { _tag: 'Filter', run: 'Function<anonymous>', annotations: { expected: 'a value with a length of at least 1', representation: { id: 'effect/schema/isMinLength', payload: { minLength: 1 } }, toJsonSchema: 'Function<toJsonSchema>', toCode: 'Function<toCode>', '~structural': true, arbitrary: { constraint: { minLength: 1 } }, brands: [ 'RunId' ] }, aborted: false, constructor: 'Function<Filter>', annotate: 'Function<annotate>', abort: 'Function<abort>', and: 'Function<and>', pipe: 'Function<pipe>' } ], encoding: undefined, context: undefined, _tag: 'String', constructor: 'Function<String>', getParser: 'Function<getParser>', matchPart: 'Function<matchPart>', getExpected: 'Function<getExpected>', toString: 'Function<toString>' }, constructor: 'Function<PropertySignature>' } ], indexSignatures: [], encodingChecks: undefined, constructor: 'Function<Objects>', getParser: 'Function<getParser>', _rebuild: 'Function<_rebuild>', flip: 'Function<flip>', recur: 'Function<recur>', getExpected: 'Function<getExpected>', toString: 'Function<toString>' }, constructor: 'Function<PropertySignature>' } ], indexSignatures: [], encodingChecks: undefined, constructor: 'Function<Objects>', getParser: 'Function<getParser>', _rebuild: 'Function<_rebuild>', flip: 'Function<flip>', recur: 'Function<recur>', getExpected: 'Function<getExpected>', toString: 'Function<toString>' } ], mode: 'anyOf', encodingChecks: undefined, constructor: 'Function<Union>', getParser: 'Function<getParser>', _rebuild: 'Function<_rebuild>', recur: 'Function<recur>', flip: 'Function<flip>', matchPart: 'Function<matchPart>', getExpected: 'Function<getExpected>', toString: 'Function<toString>' }, constructor: 'Function<PropertySignature>' }, { name: 'evidence', type: { '~effect/Schema': '~effect/Schema', annotations: undefined, checks: undefined, encoding: undefined, context: undefined, _tag: 'Union', types: [ { '~effect/Schema': '~effect/Schema', annotations: undefined, checks: undefined, encoding: undefined, context: undefined, _tag: 'Literal', literal: 'Preparing', constructor: 'Function<Literal>', getParser: 'Function<getParser>', matchPart: 'Function<matchPart>', toCodecJson: 'Function<toCodecJson>', toCodecStringTree: 'Function<toCodecStringTree>', getExpected: 'Function<getExpected>', toString: 'Function<toString>' }, { '~effect/Schema': '~effect/Schema', annotations: undefined, checks: undefined, encoding: undefined, context: undefined, _tag: 'Literal', literal: 'Registered', constructor: 'Function<Literal>', getParser: 'Function<getParser>', matchPart: 'Function<matchPart>', toCodecJson: 'Function<toCodecJson>', toCodecStringTree: 'Function<toCodecStringTree>', getExpected: 'Function<getExpected>', toString: 'Function<toString>' }, { '~effect/Schema': '~effect/Schema', annotations: undefined, checks: undefined, encoding: undefined, context: undefined, _tag: 'Literal', literal: 'AwaitingBoundaryResult', constructor: 'Function<Literal>', getParser: 'Function<getParser>', matchPart: 'Function<matchPart>', toCodecJson: 'Function<toCodecJson>', toCodecStringTree: 'Function<toCodecStringTree>', getExpected: 'Function<getExpected>', toString: 'Function<toString>' }, { '~effect/Schema': '~effect/Schema', annotations: undefined, checks: undefined, encoding: undefined, context: undefined, _tag: 'Literal', literal: 'BoundaryResultProduced', constructor: 'Function<Literal>', getParser: 'Function<getParser>', matchPart: 'Function<matchPart>', toCodecJson: 'Function<toCodecJson>', toCodecStringTree: 'Function<toCodecStringTree>', getExpected: 'Function<getExpected>', toString: 'Function<toString>' }, { '~effect/Schema': '~effect/Schema', annotations: undefined, checks: undefined, encoding: undefined, context: undefined, _tag: 'Literal', literal: 'BoundaryResultRecorded', constructor: 'Function<Literal>', getParser: 'Function<getParser>', matchPart: 'Function<matchPart>', toCodecJson: 'Function<toCodecJson>', toCodecStringTree: 'Function<toCodecStringTree>', getExpected: 'Function<getExpected>', toString: 'Function<toString>' }, { '~effect/Schema': '~effect/Schema', annotations: undefined, checks: undefined, encoding: undefined, context: undefined, _tag: 'Literal', literal: 'RecoverableAmbiguity', constructor: 'Function<Literal>', getParser: 'Function<getParser>', matchPart: 'Function<matchPart>', toCodecJson: 'Function<toCodecJson>', toCodecStringTree: 'Function<toCodecStringTree>', getExpected: 'Function<getExpected>', toString: 'Function<toString>' }, { '~effect/Schema': '~effect/Schema', annotations: undefined, checks: undefined, encoding: undefined, context: undefined, _tag: 'Literal', literal: 'DrainRegistered', constructor: 'Function<Literal>', getParser: 'Function<getParser>', matchPart: 'Function<matchPart>', toCodecJson: 'Function<toCodecJson>', toCodecStringTree: 'Function<toCodecStringTree>', getExpected: 'Function<getExpected>', toString: 'Function<toString>' }, { '~effect/Schema': '~effect/Schema', annotations: undefined, checks: undefined, encoding: undefined, context: undefined, _tag: 'Literal', literal: 'DrainPending', constructor: 'Function<Literal>', getParser: 'Function<getParser>', matchPart: 'Function<matchPart>', toCodecJson: 'Function<toCodecJson>', toCodecStringTree: 'Function<toCodecStringTree>', getExpected: 'Function<getExpected>', toString: 'Function<toString>' }, { '~effect/Schema': '~effect/Schema', annotations: undefined, checks: undefined, encoding: undefined, context: undefined, _tag: 'Literal', literal: 'DrainSucceeded', constructor: 'Function<Literal>', getParser: 'Function<getParser>', matchPart: 'Function<matchPart>', toCodecJson: 'Function<toCodecJson>', toCodecStringTree: 'Function<toCodecStringTree>', getExpected: 'Function<getExpected>', toString: 'Function<toString>' }, { '~effect/Schema': '~effect/Schema', annotations: undefined, checks: undefined, encoding: undefined, context: undefined, _tag: 'Literal', literal: 'DrainFailed', constructor: 'Function<Literal>', getParser: 'Function<getParser>', matchPart: 'Function<matchPart>', toCodecJson: 'Function<toCodecJson>', toCodecStringTree: 'Function<toCodecStringTree>', getExpected: 'Function<getExpected>', toString: 'Function<toString>' } ], mode: 'anyOf', encodingChecks: undefined, constructor: 'Function<Union>', getParser: 'Function<getParser>', _rebuild: 'Function<_rebuild>', recur: 'Function<recur>', flip: 'Function<flip>', matchPart: 'Function<matchPart>', getExpected: 'Function<getExpected>', toString: 'Function<toString>' }, constructor: 'Function<PropertySignature>' }, { name: 'boundary', type: { '~effect/Schema': '~effect/Schema', annotations: undefined, checks: undefined, encoding: undefined, context: undefined, _tag: 'Union', types: [ { '~effect/Schema': '~effect/Schema', annotations: undefined, checks: undefined, encoding: undefined, context: undefined, _tag: 'Objects', propertySignatures: [ { name: 'family', type: { '~effect/Schema': '~effect/Schema', annotations: undefined, checks: undefined, encoding: undefined, context: undefined, _tag: 'Union', types: [ { '~effect/Schema': '~effect/Schema', annotations: undefined, checks: undefined, encoding: undefined, context: undefined, _tag: 'Literal', literal: 'Git', constructor: 'Function<Literal>', getParser: 'Function<getParser>', matchPart: 'Function<matchPart>', toCodecJson: 'Function<toCodecJson>', toCodecStringTree: 'Function<toCodecStringTree>', getExpected: 'Function<getExpected>', toString: 'Function<toString>' }, { '~effect/Schema': '~effect/Schema', annotations: undefined, checks: undefined, encoding: undefined, context: undefined, _tag: 'Literal', literal: 'TaskTracker', constructor: 'Function<Literal>', getParser: 'Function<getParser>', matchPart: 'Function<matchPart>', toCodecJson: 'Function<toCodecJson>', toCodecStringTree: 'Function<toCodecStringTree>', getExpected: 'Function<getExpected>', toString: 'Function<toString>' } ], mode: 'anyOf', encodingChecks: undefined, constructor: 'Function<Union>', getParser: 'Function<getParser>', _rebuild: 'Function<_rebuild>', recur: 'Function<recur>', flip: 'Function<flip>', matchPart: 'Function<matchPart>', getExpected: 'Function<getExpected>', toString: 'Function<toString>' }, constructor: 'Function<PropertySignature>' }, { name: 'operationIds', type: { '~effect/Schema': '~effect/Schema', annotations: undefined, checks: undefined, encoding: undefined, context: undefined, _tag: 'Arrays', isMutable: false, elements: [], rest: [ { '~effect/Schema': '~effect/Schema', annotations: undefined, checks: [ { _tag: 'Filter', run: 'Function<anonymous>', annotations: { expected: 'a value with a length of at least 1', representation: { id: 'effect/schema/isMinLength', payload: { minLength: 1 } }, toJsonSchema: 'Function<toJsonSchema>', toCode: 'Function<toCode>', '~structural': true, arbitrary: { constraint: { minLength: 1 } }, brands: [ 'OperationId' ] }, aborted: false, constructor: 'Function<Filter>', annotate: 'Function<annotate>', abort: 'Function<abort>', and: 'Function<and>', pipe: 'Function<pipe>' } ], encoding: undefined, context: undefined, _tag: 'String', constructor: 'Function<String>', getParser: 'Function<getParser>', matchPart: 'Function<matchPart>', getExpected: 'Function<getExpected>', toString: 'Function<toString>' } ], encodingChecks: undefined, constructor: 'Function<Arrays>', getParser: 'Function<getParser>', _rebuild: 'Function<_rebuild>', recur: 'Function<recur>', flip: 'Function<flip>', getExpected: 'Function<getExpected>', toString: 'Function<toString>' }, constructor: 'Function<PropertySignature>' }, { name: 'baseline', type: { '~effect/Schema': '~effect/Schema', annotations: undefined, checks: undefined, encoding: undefined, context: undefined, _tag: 'Union', types: [ { '~effect/Schema': '~effect/Schema', annotations: undefined, checks: undefined, encoding: undefined, context: undefined, _tag: 'Objects', propertySignatures: [ { name: 'runId', type: { '~effect/Schema': '~effect/Schema', annotations: undefined, checks: [ { _tag: 'Filter', run: 'Function<anonymous>', annotations: { expected: 'a value with a length of at least 1', representation: { id: 'effect/schema/isMinLength', payload: { minLength: 1 } }, toJsonSchema: 'Function<toJsonSchema>', toCode: 'Function<toCode>', '~structural': true, arbitrary: { constraint: { minLength: 1 } }, brands: [ 'RunId' ] }, aborted: false, constructor: 'Function<Filter>', annotate: 'Function<annotate>', abort: 'Function<abort>', and: 'Function<and>', pipe: 'Function<pipe>' } ], encoding: undefined, context: undefined, _tag: 'String', constructor: 'Function<String>', getParser: 'Function<getParser>', matchPart: 'Function<matchPart>', getExpected: 'Function<getExpected>', toString: 'Function<toString>' }, constructor: 'Function<PropertySignature>' }, { name: 'attemptId', type: { '~effect/Schema': '~effect/Schema', annotations: undefined, checks: [ { _tag: 'Filter', run: 'Function<anonymous>', annotations: { expected: 'a value with a length of at least 1', representation: { id: 'effect/schema/isMinLength', payload: { minLength: 1 } }, toJsonSchema: 'Function<toJsonSchema>', toCode: 'Function<toCode>', '~structural': true, arbitrary: { constraint: { minLength: 1 } }, brands: [ 'AttemptId' ] }, aborted: false, constructor: 'Function<Filter>', annotate: 'Function<annotate>', abort: 'Function<abort>', and: 'Function<and>', pipe: 'Function<pipe>' } ], encoding: undefined, context: undefined, _tag: 'String', constructor: 'Function<String>', getParser: 'Function<getParser>', matchPart: 'Function<matchPart>', getExpected: 'Function<getExpected>', toString: 'Function<toString>' }, constructor: 'Function<PropertySignature>' }, { name: 'round', type: { '~effect/Schema': '~effect/Schema', annotations: undefined, checks: undefined, encoding: undefined, context: undefined, _tag: 'Union', types: [ { '~effect/Schema': '~effect/Schema', annotations: undefined, checks: [ { _tag: 'Filter', run: 'Function<anonymous>', annotations: { expected: 'an integer', representation: { id: 'effect/schema/isInt', payload: null }, toJsonSchema: 'Function<toJsonSchema>', toCode: 'Function<toCode>', arbitrary: { constraint: { integer: true } } }, aborted: false, constructor: 'Function<Filter>', annotate: 'Function<annotate>', abort: 'Function<abort>', and: 'Function<and>', pipe: 'Function<pipe>' }, { _tag: 'Filter', run: 'Function<anonymous>', annotations: { expected: 'a value greater than or equal to 1', arbitrary: { constraint: { ordered: { order: 'Function<anonymous>', minimum: 1 } } }, representation: { id: 'effect/schema/isGreaterThanOrEqualTo', payload: { minimum: 1 } }, toJsonSchema: 'Function<toJsonSchema>', toCode: 'Function<toCode>' }, aborted: false, constructor: 'Function<Filter>', annotate: 'Function<annotate>', abort: 'Function<abort>', and: 'Function<and>', pipe: 'Function<pipe>' } ], encoding: undefined, context: undefined, _tag: 'Number', constructor: 'Function<Number>', getParser: 'Function<getParser>', matchKey: 'Function<matchKey>', matchPart: 'Function<matchPart>', _match: 'Function<_match>', toCodecJson: 'Function<toCodecJson>', toCodecStringTree: 'Function<toCodecStringTree>', getExpected: 'Function<getExpected>', toString: 'Function<toString>' }, { '~effect/Schema': '~effect/Schema', annotations: undefined, checks: undefined, encoding: undefined, context: undefined, _tag: 'Null', constructor: 'Function<Null>', getParser: 'Function<getParser>', getExpected: 'Function<getExpected>', toString: 'Function<toString>' } ], mode: 'anyOf', encodingChecks: undefined, constructor: 'Function<Union>', getParser: 'Function<getParser>', _rebuild: 'Function<_rebuild>', recur: 'Function<recur>', flip: 'Function<flip>', matchPart: 'Function<matchPart>', getExpected: 'Function<getExpected>', toString: 'Function<toString>' }, constructor: 'Function<PropertySignature>' } ], indexSignatures: [], encodingChecks: undefined, constructor: 'Function<Objects>', getParser: 'Function<getParser>', _rebuild: 'Function<_rebuild>', flip: 'Function<flip>', recur: 'Function<recur>', getExpected: 'Function<getExpected>', toString: 'Function<toString>' }, { '~effect/Schema': '~effect/Schema', annotations: undefined, checks: undefined, encoding: undefined, context: undefined, _tag: 'Null', constructor: 'Function<Null>', getParser: 'Function<getParser>', getExpected: 'Function<getExpected>', toString: 'Function<toString>' } ], mode: 'anyOf', encodingChecks: undefined, constructor: 'Function<Union>', getParser: 'Function<getParser>', _rebuild: 'Function<_rebuild>', recur: 'Function<recur>', flip: 'Function<flip>', matchPart: 'Function<matchPart>', getExpected: 'Function<getExpected>', toString: 'Function<toString>' }, constructor: 'Function<PropertySignature>' } ], indexSignatures: [], encodingChecks: undefined, constructor: 'Function<Objects>', getParser: 'Function<getParser>', _rebuild: 'Function<_rebuild>', flip: 'Function<flip>', recur: 'Function<recur>', getExpected: 'Function<getExpected>', toString: 'Function<toString>' }, { '~effect/Schema': '~effect/Schema', annotations: undefined, checks: undefined, encoding: undefined, context: undefined, _tag: 'Null', constructor: 'Function<Null>', getParser: 'Function<getParser>', getExpected: 'Function<getExpected>', toString: 'Function<toString>' } ], mode: 'anyOf', encodingChecks: undefined, constructor: 'Function<Union>', getParser: 'Function<getParser>', _rebuild: 'Function<_rebuild>', recur: 'Function<recur>', flip: 'Function<flip>', matchPart: 'Function<matchPart>', getExpected: 'Function<getExpected>', toString: 'Function<toString>' }, constructor: 'Function<PropertySignature>' }, { name: 'missingEvidence', type: { '~effect/Schema': '~effect/Schema', annotations: undefined, checks: undefined, encoding: undefined, context: undefined, _tag: 'Union', types: [ { '~effect/Schema': '~effect/Schema', annotations: undefined, checks: undefined, encoding: undefined, context: undefined, _tag: 'Literal', literal: 'OwnerRelease', constructor: 'Function<Literal>', getParser: 'Function<getParser>', matchPart: 'Function<matchPart>', toCodecJson: 'Function<toCodecJson>', toCodecStringTree: 'Function<toCodecStringTree>', getExpected: 'Function<getExpected>', toString: 'Function<toString>' }, { '~effect/Schema': '~effect/Schema', annotations: undefined, checks: undefined, encoding: undefined, context: undefined, _tag: 'Literal', literal: 'BoundaryObservation', constructor: 'Function<Literal>', getParser: 'Function<getParser>', matchPart: 'Function<matchPart>', toCodecJson: 'Function<toCodecJson>', toCodecStringTree: 'Function<toCodecStringTree>', getExpected: 'Function<getExpected>', toString: 'Function<toString>' }, { '~effect/Schema': '~effect/Schema', annotations: undefined, checks: undefined, encoding: undefined, context: undefined, _tag: 'Literal', literal: 'JournalAcknowledgement', constructor: 'Function<Literal>', getParser: 'Function<getParser>', matchPart: 'Function<matchPart>', toCodecJson: 'Function<toCodecJson>', toCodecStringTree: 'Function<toCodecStringTree>', getExpected: 'Function<getExpected>', toString: 'Function<toString>' }, { '~effect/Schema': '~effect/Schema', annotations: undefined, checks: undefined, encoding: undefined, context: undefined, _tag: 'Literal', literal: 'CorrelatedExecutorSettlement', constructor: 'Function<Literal>', getParser: 'Function<getParser>', matchPart: 'Function<matchPart>', toCodecJson: 'Function<toCodecJson>', toCodecStringTree: 'Function<toCodecStringTree>', getExpected: 'Function<getExpected>', toString: 'Function<toString>' }, { '~effect/Schema': '~effect/Schema', annotations: undefined, checks: undefined, encoding: undefined, context: undefined, _tag: 'Literal', literal: 'LocalCloseAcknowledgement', constructor: 'Function<Literal>', getParser: 'Function<getParser>', matchPart: 'Function<matchPart>', toCodecJson: 'Function<toCodecJson>', toCodecStringTree: 'Function<toCodecStringTree>', getExpected: 'Function<getExpected>', toString: 'Function<toString>' }, { '~effect/Schema': '~effect/Schema', annotations: undefined, checks: undefined, encoding: undefined, context: undefined, _tag: 'Literal', literal: 'None', constructor: 'Function<Literal>', getParser: 'Function<getParser>', matchPart: 'Function<matchPart>', toCodecJson: 'Function<toCodecJson>', toCodecStringTree: 'Function<toCodecStringTree>', getExpected: 'Function<getExpected>', toString: 'Function<toString>' } ], mode: 'anyOf', encodingChecks: undefined, constructor: 'Function<Union>', getParser: 'Function<getParser>', _rebuild: 'Function<_rebuild>', recur: 'Function<recur>', flip: 'Function<flip>', matchPart: 'Function<matchPart>', getExpected: 'Function<getExpected>', toString: 'Function<toString>' }, constructor: 'Function<PropertySignature>' }, { name: 'nextAction', type: { '~effect/Schema': '~effect/Schema', annotations: undefined, checks: undefined, encoding: undefined, context: undefined, _tag: 'Union', types: [ { '~effect/Schema': '~effect/Schema', annotations: undefined, checks: undefined, encoding: undefined, context: undefined, _tag: 'Literal', literal: 'AwaitOwnerRelease', constructor: 'Function<Literal>', getParser: 'Function<getParser>', matchPart: 'Function<matchPart>', toCodecJson: 'Function<toCodecJson>', toCodecStringTree: 'Function<toCodecStringTree>', getExpected: 'Function<getExpected>', toString: 'Function<toString>' }, { '~effect/Schema': '~effect/Schema', annotations: undefined, checks: undefined, encoding: undefined, context: undefined, _tag: 'Literal', literal: 'ReconcileOriginalAuthorityBeforeRetry', constructor: 'Function<Literal>', getParser: 'Function<getParser>', matchPart: 'Function<matchPart>', toCodecJson: 'Function<toCodecJson>', toCodecStringTree: 'Function<toCodecStringTree>', getExpected: 'Function<getExpected>', toString: 'Function<toString>' }, { '~effect/Schema': '~effect/Schema', annotations: undefined, checks: undefined, encoding: undefined, context: undefined, _tag: 'Literal', literal: 'AwaitJournalAcknowledgement', constructor: 'Function<Literal>', getParser: 'Function<getParser>', matchPart: 'Function<matchPart>', toCodecJson: 'Function<toCodecJson>', toCodecStringTree: 'Function<toCodecStringTree>', getExpected: 'Function<getExpected>', toString: 'Function<toString>' }, { '~effect/Schema': '~effect/Schema', annotations: undefined, checks: undefined, encoding: undefined, context: undefined, _tag: 'Literal', literal: 'AwaitCorrelatedExecutorSettlement', constructor: 'Function<Literal>', getParser: 'Function<getParser>', matchPart: 'Function<matchPart>', toCodecJson: 'Function<toCodecJson>', toCodecStringTree: 'Function<toCodecStringTree>', getExpected: 'Function<getExpected>', toString: 'Function<toString>' }, { '~effect/Schema': '~effect/Schema', annotations: undefined, checks: undefined, encoding: undefined, context: undefined, _tag: 'Literal', literal: 'AwaitLocalClose', constructor: 'Function<Literal>', getParser: 'Function<getParser>', matchPart: 'Function<matchPart>', toCodecJson: 'Function<toCodecJson>', toCodecStringTree: 'Function<toCodecStringTree>', getExpected: 'Function<getExpected>', toString: 'Function<toString>' }, { '~effect/Schema': '~effect/Schema', annotations: undefined, checks: undefined, encoding: undefined, context: undefined, _tag: 'Literal', literal: 'InspectDrainFailure', constructor: 'Function<Literal>', getParser: 'Function<getParser>', matchPart: 'Function<matchPart>', toCodecJson: 'Function<toCodecJson>', toCodecStringTree: 'Function<toCodecStringTree>', getExpected: 'Function<getExpected>', toString: 'Function<toString>' }, { '~effect/Schema': '~effect/Schema', annotations: undefined, checks: undefined, encoding: undefined, context: undefined, _tag: 'Literal', literal: 'None', constructor: 'Function<Literal>', getParser: 'Function<getParser>', matchPart: 'Function<matchPart>', toCodecJson: 'Function<toCodecJson>', toCodecStringTree: 'Function<toCodecStringTree>', getExpected: 'Function<getExpected>', toString: 'Function<toString>' } ], mode: 'anyOf', encodingChecks: undefined, constructor: 'Function<Union>', getParser: 'Function<getParser>', _rebuild: 'Function<_rebuild>', recur: 'Function<recur>', flip: 'Function<flip>', matchPart: 'Function<matchPart>', getExpected: 'Function<getExpected>', toString: 'Function<toString>' }, constructor: 'Function<PropertySignature>' } ], indexSignatures: [], encodingChecks: undefined, constructor: 'Function<Objects>', getParser: 'Function<getParser>', _rebuild: 'Function<_rebuild>', flip: 'Function<flip>', recur: 'Function<recur>', getExpected: 'Function<getExpected>', toString: 'Function<toString>' } ], encodingChecks: undefined, constructor: 'Function<Arrays>', getParser: 'Function<getParser>', _rebuild: 'Function<_rebuild>', recur: 'Function<recur>', flip: 'Function<flip>', getExpected: 'Function<getExpected>', toString: 'Function<toString>' }, constructor: 'Function<PropertySignature>' } ], indexSignatures: [], encodingChecks: undefined, constructor: 'Function<Objects>', getParser: 'Function<getParser>', _rebuild: 'Function<_rebuild>', flip: 'Function<flip>', recur: 'Function<recur>', getExpected: 'Function<getExpected>', toString: 'Function<toString>' }, constructor: 'Function<PropertySignature>' }, { name: 'requestedStatus', type: { '~effect/Schema': '~effect/Schema', annotations: undefined, checks: undefined, encoding: undefined, context: undefined, _tag: 'Literal', literal: 1, constructor: 'Function<Literal>', getParser: 'Function<getParser>', matchPart: 'Function<matchPart>', toCodecJson: 'Function<toCodecJson>', toCodecStringTree: 'Function<toCodecStringTree>', getExpected: 'Function<getExpected>', toString: 'Function<toString>' }, constructor: 'Function<PropertySignature>' } ], indexSignatures: [], encodingChecks: undefined, constructor: 'Function<Objects>', getParser: 'Function<getParser>', _rebuild: 'Function<_rebuild>', flip: 'Function<flip>', recur: 'Function<recur>', getExpected: 'Function<getExpected>', toString: 'Function<toString>' }, { '~effect/Schema': '~effect/Schema', annotations: undefined, checks: undefined, encoding: undefined, context: undefined, _tag: 'Objects', propertySignatures: [ { name: '_tag', type: { '~effect/Schema': '~effect/Schema', annotations: undefined, checks: undefined, encoding: undefined, context: { isOptional: false, isMutable: false, constructorDefault: { to: { '~effect/Schema': '~effect/Schema', annotations: undefined, checks: undefined, encoding: undefined, context: undefined, _tag: 'Unknown', constructor: 'Function<Unknown>', getParser: 'Function<getParser>', getExpected: 'Function<getExpected>', toString: 'Function<toString>' }, transformation: { '~effect/SchemaTransformation/Transformation': '~effect/SchemaTransformation/Transformation', _tag: 'Transformation', decode: { run: 'Function<anonymous>', constructor: 'Function<Getter>', map: 'Function<map>', compose: 'Function<compose>', pipe: 'Function<pipe>' }, encode: { run: 'Function<anonymous>', constructor: 'Function<Getter>', map: 'Function<map>', compose: 'Function<compose>', pipe: 'Function<pipe>' }, constructor: 'Function<Transformation>', flip: 'Function<flip>', compose: 'Function<compose>' }, constructor: 'Function<Link>' }, annotations: undefined, constructor: 'Function<Context>' }, _tag: 'Literal', literal: 'Succeeded', constructor: 'Function<Literal>', getParser: 'Function<getParser>', matchPart: 'Function<matchPart>', toCodecJson: 'Function<toCodecJson>', toCodecStringTree: 'Function<toCodecStringTree>', getExpected: 'Function<getExpected>', toString: 'Function<toString>' }, constructor: 'Function<PropertySignature>' }, { name: 'requestedStatus', type: { '~effect/Schema': '~effect/Schema', annotations: undefined, checks: undefined, encoding: undefined, context: undefined, _tag: 'Literal', literal: +0, constructor: 'Function<Literal>', getParser: 'Function<getParser>', matchPart: 'Function<matchPart>', toCodecJson: 'Function<toCodecJson>', toCodecStringTree: 'Function<toCodecStringTree>', getExpected: 'Function<getExpected>', toString: 'Function<toString>' }, constructor: 'Function<PropertySignature>' }, { name: 'owners', type: { '~effect/Schema': '~effect/Schema', annotations: undefined, checks: undefined, encoding: undefined, context: { isOptional: true, isMutable: false, constructorDefault: undefined, annotations: undefined, constructor: 'Function<Context>' }, _tag: 'Objects', propertySignatures: [ { name: 'cutoffClosed', type: { '~effect/Schema': '~effect/Schema', annotations: undefined, checks: undefined, encoding: undefined, context: undefined, _tag: 'Boolean', constructor: 'Function<Boolean>', getParser: 'Function<getParser>', getExpected: 'Function<getExpected>', toString: 'Function<toString>' }, constructor: 'Function<PropertySignature>' }, { name: 'owners', type: { '~effect/Schema': '~effect/Schema', annotations: undefined, checks: undefined, encoding: undefined, context: undefined, _tag: 'Arrays', isMutable: false, elements: [], rest: [ { '~effect/Schema': '~effect/Schema', annotations: undefined, checks: undefined, encoding: undefined, context: undefined, _tag: 'Objects', propertySignatures: [ { name: 'ownerId', type: { '~effect/Schema': '~effect/Schema', annotations: undefined, checks: [ { _tag: 'Filter', run: 'Function<anonymous>', annotations: { expected: 'an integer', representation: { id: 'effect/schema/isInt', payload: null }, toJsonSchema: 'Function<toJsonSchema>', toCode: 'Function<toCode>', arbitrary: { constraint: { integer: true } } }, aborted: false, constructor: 'Function<Filter>', annotate: 'Function<annotate>', abort: 'Function<abort>', and: 'Function<and>', pipe: 'Function<pipe>' }, { _tag: 'Filter', run: 'Function<anonymous>', annotations: { expected: 'a value greater than or equal to 0', arbitrary: { constraint: { ordered: { order: 'Function<anonymous>', minimum: +0 } } }, representation: { id: 'effect/schema/isGreaterThanOrEqualTo', payload: { minimum: +0 } }, toJsonSchema: 'Function<toJsonSchema>', toCode: 'Function<toCode>', brands: [ 'ApplicationExitOwnerId' ] }, aborted: false, constructor: 'Function<Filter>', annotate: 'Function<annotate>', abort: 'Function<abort>', and: 'Function<and>', pipe: 'Function<pipe>' } ], encoding: undefined, context: undefined, _tag: 'Number', constructor: 'Function<Number>', getParser: 'Function<getParser>', matchKey: 'Function<matchKey>', matchPart: 'Function<matchPart>', _match: 'Function<_match>', toCodecJson: 'Function<toCodecJson>', toCodecStringTree: 'Function<toCodecStringTree>', getExpected: 'Function<getExpected>', toString: 'Function<toString>' }, constructor: 'Function<PropertySignature>' }, { name: 'family', type: { '~effect/Schema': '~effect/Schema', annotations: undefined, checks: undefined, encoding: undefined, context: undefined, _tag: 'Union', types: [ { '~effect/Schema': '~effect/Schema', annotations: undefined, checks: undefined, encoding: undefined, context: undefined, _tag: 'Literal', literal: 'ForwardOwner', constructor: 'Function<Literal>', getParser: 'Function<getParser>', matchPart: 'Function<matchPart>', toCodecJson: 'Function<toCodecJson>', toCodecStringTree: 'Function<toCodecStringTree>', getExpected: 'Function<getExpected>', toString: 'Function<toString>' }, { '~effect/Schema': '~effect/Schema', annotations: undefined, checks: undefined, encoding: undefined, context: undefined, _tag: 'Literal', literal: 'ExecutorDrain', constructor: 'Function<Literal>', getParser: 'Function<getParser>', matchPart: 'Function<matchPart>', toCodecJson: 'Function<toCodecJson>', toCodecStringTree: 'Function<toCodecStringTree>', getExpected: 'Function<getExpected>', toString: 'Function<toString>' }, { '~effect/Schema': '~effect/Schema', annotations: undefined, checks: undefined, encoding: undefined, context: undefined, _tag: 'Literal', literal: 'LocalDrain', constructor: 'Function<Literal>', getParser: 'Function<getParser>', matchPart: 'Function<matchPart>', toCodecJson: 'Function<toCodecJson>', toCodecStringTree: 'Function<toCodecStringTree>', getExpected: 'Function<getExpected>', toString: 'Function<toString>' } ], mode: 'anyOf', encodingChecks: undefined, constructor: 'Function<Union>', getParser: 'Function<getParser>', _rebuild: 'Function<_rebuild>', recur: 'Function<recur>', flip: 'Function<flip>', matchPart: 'Function<matchPart>', getExpected: 'Function<getExpected>', toString: 'Function<toString>' }, constructor: 'Function<PropertySignature>' }, { name: 'name', type: { '~effect/Schema': '~effect/Schema', annotations: undefined, checks: undefined, encoding: undefined, context: undefined, _tag: 'Union', types: [ { '~effect/Schema': '~effect/Schema', annotations: undefined, checks: undefined, encoding: undefined, context: undefined, _tag: 'Literal', literal: 'ForwardProgress', constructor: 'Function<Literal>', getParser: 'Function<getParser>', matchPart: 'Function<matchPart>', toCodecJson: 'Function<toCodecJson>', toCodecStringTree: 'Function<toCodecStringTree>', getExpected: 'Function<getExpected>', toString: 'Function<toString>' }, { '~effect/Schema': '~effect/Schema', annotations: undefined, checks: undefined, encoding: undefined, context: undefined, _tag: 'Literal', literal: 'ExecutorWork', constructor: 'Function<Literal>', getParser: 'Function<getParser>', matchPart: 'Function<matchPart>', toCodecJson: 'Function<toCodecJson>', toCodecStringTree: 'Function<toCodecStringTree>', getExpected: 'Function<getExpected>', toString: 'Function<toString>' }, { '~effect/Schema': '~effect/Schema', annotations: undefined, checks: undefined, encoding: undefined, context: undefined, _tag: 'Literal', literal: 'HostAcquisition', constructor: 'Function<Literal>', getParser: 'Function<getParser>', matchPart: 'Function<matchPart>', toCodecJson: 'Function<toCodecJson>', toCodecStringTree: 'Function<toCodecStringTree>', getExpected: 'Function<getExpected>', toString: 'Function<toString>' }, { '~effect/Schema': '~effect/Schema', annotations: undefined, checks: undefined, encoding: undefined, context: undefined, _tag: 'Literal', literal: 'CodexProvider', constructor: 'Function<Literal>', getParser: 'Function<getParser>', matchPart: 'Function<matchPart>', toCodecJson: 'Function<toCodecJson>', toCodecStringTree: 'Function<toCodecStringTree>', getExpected: 'Function<getExpected>', toString: 'Function<toString>' }, { '~effect/Schema': '~effect/Schema', annotations: undefined, checks: undefined, encoding: undefined, context: undefined, _tag: 'Literal', literal: 'RunRuntime', constructor: 'Function<Literal>', getParser: 'Function<getParser>', matchPart: 'Function<matchPart>', toCodecJson: 'Function<toCodecJson>', toCodecStringTree: 'Function<toCodecStringTree>', getExpected: 'Function<getExpected>', toString: 'Function<toString>' }, { '~effect/Schema': '~effect/Schema', annotations: undefined, checks: undefined, encoding: undefined, context: undefined, _tag: 'Literal', literal: 'ArchiveMaintenance', constructor: 'Function<Literal>', getParser: 'Function<getParser>', matchPart: 'Function<matchPart>', toCodecJson: 'Function<toCodecJson>', toCodecStringTree: 'Function<toCodecStringTree>', getExpected: 'Function<getExpected>', toString: 'Function<toString>' }, { '~effect/Schema': '~effect/Schema', annotations: undefined, checks: undefined, encoding: undefined, context: undefined, _tag: 'Literal', literal: 'Inspection', constructor: 'Function<Literal>', getParser: 'Function<getParser>', matchPart: 'Function<matchPart>', toCodecJson: 'Function<toCodecJson>', toCodecStringTree: 'Function<toCodecStringTree>', getExpected: 'Function<getExpected>', toString: 'Function<toString>' }, { '~effect/Schema': '~effect/Schema', annotations: undefined, checks: undefined, encoding: undefined, context: undefined, _tag: 'Literal', literal: 'HostWatch', constructor: 'Function<Literal>', getParser: 'Function<getParser>', matchPart: 'Function<matchPart>', toCodecJson: 'Function<toCodecJson>', toCodecStringTree: 'Function<toCodecStringTree>', getExpected: 'Function<getExpected>', toString: 'Function<toString>' }, { '~effect/Schema': '~effect/Schema', annotations: undefined, checks: undefined, encoding: undefined, context: undefined, _tag: 'Literal', literal: 'LocalResources', constructor: 'Function<Literal>', getParser: 'Function<getParser>', matchPart: 'Function<matchPart>', toCodecJson: 'Function<toCodecJson>', toCodecStringTree: 'Function<toCodecStringTree>', getExpected: 'Function<getExpected>', toString: 'Function<toString>' } ], mode: 'anyOf', encodingChecks: undefined, constructor: 'Function<Union>', getParser: 'Function<getParser>', _rebuild: 'Function<_rebuild>', recur: 'Function<recur>', flip: 'Function<flip>', matchPart: 'Function<matchPart>', getExpected: 'Function<getExpected>', toString: 'Function<toString>' }, constructor: 'Function<PropertySignature>' }, { name: 'kind', type: { '~effect/Schema': '~effect/Schema', annotations: undefined, checks: undefined, encoding: undefined, context: undefined, _tag: 'Union', types: [ { '~effect/Schema': '~effect/Schema', annotations: undefined, checks: undefined, encoding: undefined, context: undefined, _tag: 'Literal', literal: 'AtomicBoundary', constructor: 'Function<Literal>', getParser: 'Function<getParser>', matchPart: 'Function<matchPart>', toCodecJson: 'Function<toCodecJson>', toCodecStringTree: 'Function<toCodecStringTree>', getExpected: 'Function<getExpected>', toString: 'Function<toString>' }, { '~effect/Schema': '~effect/Schema', annotations: undefined, checks: undefined, encoding: undefined, context: undefined, _tag: 'Literal', literal: 'AuthorizedRunTerminationAppend', constructor: 'Function<Literal>', getParser: 'Function<getParser>', matchPart: 'Function<matchPart>', toCodecJson: 'Function<toCodecJson>', toCodecStringTree: 'Function<toCodecStringTree>', getExpected: 'Function<getExpected>', toString: 'Function<toString>' }, { '~effect/Schema': '~effect/Schema', annotations: undefined, checks: undefined, encoding: undefined, context: undefined, _tag: 'Literal', literal: 'InterruptibleBoundary', constructor: 'Function<Literal>', getParser: 'Function<getParser>', matchPart: 'Function<matchPart>', toCodecJson: 'Function<toCodecJson>', toCodecStringTree: 'Function<toCodecStringTree>', getExpected: 'Function<getExpected>', toString: 'Function<toString>' }, { '~effect/Schema': '~effect/Schema', annotations: undefined, checks: undefined, encoding: undefined, context: undefined, _tag: 'Literal', literal: 'RunActivation', constructor: 'Function<Literal>', getParser: 'Function<getParser>', matchPart: 'Function<matchPart>', toCodecJson: 'Function<toCodecJson>', toCodecStringTree: 'Function<toCodecStringTree>', getExpected: 'Function<getExpected>', toString: 'Function<toString>' }, { '~effect/Schema': '~effect/Schema', annotations: undefined, checks: undefined, encoding: undefined, context: undefined, _tag: 'Literal', literal: 'ExecutorDrain', constructor: 'Function<Literal>', getParser: 'Function<getParser>', matchPart: 'Function<matchPart>', toCodecJson: 'Function<toCodecJson>', toCodecStringTree: 'Function<toCodecStringTree>', getExpected: 'Function<getExpected>', toString: 'Function<toString>' }, { '~effect/Schema': '~effect/Schema', annotations: undefined, checks: undefined, encoding: undefined, context: undefined, _tag: 'Literal', literal: 'LocalDrain', constructor: 'Function<Literal>', getParser: 'Function<getParser>', matchPart: 'Function<matchPart>', toCodecJson: 'Function<toCodecJson>', toCodecStringTree: 'Function<toCodecStringTree>', getExpected: 'Function<getExpected>', toString: 'Function<toString>' } ], mode: 'anyOf', encodingChecks: undefined, constructor: 'Function<Union>', getParser: 'Function<getParser>', _rebuild: 'Function<_rebuild>', recur: 'Function<recur>', flip: 'Function<flip>', matchPart: 'Function<matchPart>', getExpected: 'Function<getExpected>', toString: 'Function<toString>' }, constructor: 'Function<PropertySignature>' }, { name: 'subject', type: { '~effect/Schema': '~effect/Schema', annotations: undefined, checks: undefined, encoding: undefined, context: undefined, _tag: 'Union', types: [ { '~effect/Schema': '~effect/Schema', annotations: undefined, checks: undefined, encoding: undefined, context: undefined, _tag: 'Objects', propertySignatures: [ { name: '_tag', type: { '~effect/Schema': '~effect/Schema', annotations: undefined, checks: undefined, encoding: undefined, context: { isOptional: false, isMutable: false, constructorDefault: { to: { '~effect/Schema': '~effect/Schema', annotations: undefined, checks: undefined, encoding: undefined, context: undefined, _tag: 'Unknown', constructor: 'Function<Unknown>', getParser: 'Function<getParser>', getExpected: 'Function<getExpected>', toString: 'Function<toString>' }, transformation: { '~effect/SchemaTransformation/Transformation': '~effect/SchemaTransformation/Transformation', _tag: 'Transformation', decode: { run: 'Function<anonymous>', constructor: 'Function<Getter>', map: 'Function<map>', compose: 'Function<compose>', pipe: 'Function<pipe>' }, encode: { run: 'Function<anonymous>', constructor: 'Function<Getter>', map: 'Function<map>', compose: 'Function<compose>', pipe: 'Function<pipe>' }, constructor: 'Function<Transformation>', flip: 'Function<flip>', compose: 'Function<compose>' }, constructor: 'Function<Link>' }, annotations: undefined, constructor: 'Function<Context>' }, _tag: 'Literal', literal: 'NoRun', constructor: 'Function<Literal>', getParser: 'Function<getParser>', matchPart: 'Function<matchPart>', toCodecJson: 'Function<toCodecJson>', toCodecStringTree: 'Function<toCodecStringTree>', getExpected: 'Function<getExpected>', toString: 'Function<toString>' }, constructor: 'Function<PropertySignature>' } ], indexSignatures: [], encodingChecks: undefined, constructor: 'Function<Objects>', getParser: 'Function<getParser>', _rebuild: 'Function<_rebuild>', flip: 'Function<flip>', recur: 'Function<recur>', getExpected: 'Function<getExpected>', toString: 'Function<toString>' }, { '~effect/Schema': '~effect/Schema', annotations: undefined, checks: undefined, encoding: undefined, context: undefined, _tag: 'Objects', propertySignatures: [ { name: '_tag', type: { '~effect/Schema': '~effect/Schema', annotations: undefined, checks: undefined, encoding: undefined, context: { isOptional: false, isMutable: false, constructorDefault: { to: { '~effect/Schema': '~effect/Schema', annotations: undefined, checks: undefined, encoding: undefined, context: undefined, _tag: 'Unknown', constructor: 'Function<Unknown>', getParser: 'Function<getParser>', getExpected: 'Function<getExpected>', toString: 'Function<toString>' }, transformation: { '~effect/SchemaTransformation/Transformation': '~effect/SchemaTransformation/Transformation', _tag: 'Transformation', decode: { run: 'Function<anonymous>', constructor: 'Function<Getter>', map: 'Function<map>', compose: 'Function<compose>', pipe: 'Function<pipe>' }, encode: { run: 'Function<anonymous>', constructor: 'Function<Getter>', map: 'Function<map>', compose: 'Function<compose>', pipe: 'Function<pipe>' }, constructor: 'Function<Transformation>', flip: 'Function<flip>', compose: 'Function<compose>' }, constructor: 'Function<Link>' }, annotations: undefined, constructor: 'Function<Context>' }, _tag: 'Literal', literal: 'Run', constructor: 'Function<Literal>', getParser: 'Function<getParser>', matchPart: 'Function<matchPart>', toCodecJson: 'Function<toCodecJson>', toCodecStringTree: 'Function<toCodecStringTree>', getExpected: 'Function<getExpected>', toString: 'Function<toString>' }, constructor: 'Function<PropertySignature>' }, { name: 'runId', type: { '~effect/Schema': '~effect/Schema', annotations: undefined, checks: [ { _tag: 'Filter', run: 'Function<anonymous>', annotations: { expected: 'a value with a length of at least 1', representation: { id: 'effect/schema/isMinLength', payload: { minLength: 1 } }, toJsonSchema: 'Function<toJsonSchema>', toCode: 'Function<toCode>', '~structural': true, arbitrary: { constraint: { minLength: 1 } }, brands: [ 'RunId' ] }, aborted: false, constructor: 'Function<Filter>', annotate: 'Function<annotate>', abort: 'Function<abort>', and: 'Function<and>', pipe: 'Function<pipe>' } ], encoding: undefined, context: undefined, _tag: 'String', constructor: 'Function<String>', getParser: 'Function<getParser>', matchPart: 'Function<matchPart>', getExpected: 'Function<getExpected>', toString: 'Function<toString>' }, constructor: 'Function<PropertySignature>' } ], indexSignatures: [], encodingChecks: undefined, constructor: 'Function<Objects>', getParser: 'Function<getParser>', _rebuild: 'Function<_rebuild>', flip: 'Function<flip>', recur: 'Function<recur>', getExpected: 'Function<getExpected>', toString: 'Function<toString>' }, { '~effect/Schema': '~effect/Schema', annotations: undefined, checks: undefined, encoding: undefined, context: undefined, _tag: 'Objects', propertySignatures: [ { name: '_tag', type: { '~effect/Schema': '~effect/Schema', annotations: undefined, checks: undefined, encoding: undefined, context: { isOptional: false, isMutable: false, constructorDefault: { to: { '~effect/Schema': '~effect/Schema', annotations: undefined, checks: undefined, encoding: undefined, context: undefined, _tag: 'Unknown', constructor: 'Function<Unknown>', getParser: 'Function<getParser>', getExpected: 'Function<getExpected>', toString: 'Function<toString>' }, transformation: { '~effect/SchemaTransformation/Transformation': '~effect/SchemaTransformation/Transformation', _tag: 'Transformation', decode: { run: 'Function<anonymous>', constructor: 'Function<Getter>', map: 'Function<map>', compose: 'Function<compose>', pipe: 'Function<pipe>' }, encode: { run: 'Function<anonymous>', constructor: 'Function<Getter>', map: 'Function<map>', compose: 'Function<compose>', pipe: 'Function<pipe>' }, constructor: 'Function<Transformation>', flip: 'Function<flip>', compose: 'Function<compose>' }, constructor: 'Function<Link>' }, annotations: undefined, constructor: 'Function<Context>' }, _tag: 'Literal', literal: 'Task', constructor: 'Function<Literal>', getParser: 'Function<getParser>', matchPart: 'Function<matchPart>', toCodecJson: 'Function<toCodecJson>', toCodecStringTree: 'Function<toCodecStringTree>', getExpected: 'Function<getExpected>', toString: 'Function<toString>' }, constructor: 'Function<PropertySignature>' }, { name: 'runId', type: { '~effect/Schema': '~effect/Schema', annotations: undefined, checks: [ { _tag: 'Filter', run: 'Function<anonymous>', annotations: { expected: 'a value with a length of at least 1', representation: { id: 'effect/schema/isMinLength', payload: { minLength: 1 } }, toJsonSchema: 'Function<toJsonSchema>', toCode: 'Function<toCode>', '~structural': true, arbitrary: { constraint: { minLength: 1 } }, brands: [ 'RunId' ] }, aborted: false, constructor: 'Function<Filter>', annotate: 'Function<annotate>', abort: 'Function<abort>', and: 'Function<and>', pipe: 'Function<pipe>' } ], encoding: undefined, context: undefined, _tag: 'String', constructor: 'Function<String>', getParser: 'Function<getParser>', matchPart: 'Function<matchPart>', getExpected: 'Function<getExpected>', toString: 'Function<toString>' }, constructor: 'Function<PropertySignature>' }, { name: 'taskId', type: { '~effect/Schema': '~effect/Schema', annotations: undefined, checks: [ { _tag: 'Filter', run: 'Function<anonymous>', annotations: { expected: 'a value with a length of at least 1', representation: { id: 'effect/schema/isMinLength', payload: { minLength: 1 } }, toJsonSchema: 'Function<toJsonSchema>', toCode: 'Function<toCode>', '~structural': true, arbitrary: { constraint: { minLength: 1 } }, brands: [ 'TaskId' ] }, aborted: false, constructor: 'Function<Filter>', annotate: 'Function<annotate>', abort: 'Function<abort>', and: 'Function<and>', pipe: 'Function<pipe>' } ], encoding: undefined, context: undefined, _tag: 'String', constructor: 'Function<String>', getParser: 'Function<getParser>', matchPart: 'Function<matchPart>', getExpected: 'Function<getExpected>', toString: 'Function<toString>' }, constructor: 'Function<PropertySignature>' } ], indexSignatures: [], encodingChecks: undefined, constructor: 'Function<Objects>', getParser: 'Function<getParser>', _rebuild: 'Function<_rebuild>', flip: 'Function<flip>', recur: 'Function<recur>', getExpected: 'Function<getExpected>', toString: 'Function<toString>' }, { '~effect/Schema': '~effect/Schema', annotations: undefined, checks: undefined, encoding: undefined, context: undefined, _tag: 'Objects', propertySignatures: [ { name: '_tag', type: { '~effect/Schema': '~effect/Schema', annotations: undefined, checks: undefined, encoding: undefined, context: { isOptional: false, isMutable: false, constructorDefault: { to: { '~effect/Schema': '~effect/Schema', annotations: undefined, checks: undefined, encoding: undefined, context: undefined, _tag: 'Unknown', constructor: 'Function<Unknown>', getParser: 'Function<getParser>', getExpected: 'Function<getExpected>', toString: 'Function<toString>' }, transformation: { '~effect/SchemaTransformation/Transformation': '~effect/SchemaTransformation/Transformation', _tag: 'Transformation', decode: { run: 'Function<anonymous>', constructor: 'Function<Getter>', map: 'Function<map>', compose: 'Function<compose>', pipe: 'Function<pipe>' }, encode: { run: 'Function<anonymous>', constructor: 'Function<Getter>', map: 'Function<map>', compose: 'Function<compose>', pipe: 'Function<pipe>' }, constructor: 'Function<Transformation>', flip: 'Function<flip>', compose: 'Function<compose>' }, constructor: 'Function<Link>' }, annotations: undefined, constructor: 'Function<Context>' }, _tag: 'Literal', literal: 'ExecutorAttempt', constructor: 'Function<Literal>', getParser: 'Function<getParser>', matchPart: 'Function<matchPart>', toCodecJson: 'Function<toCodecJson>', toCodecStringTree: 'Function<toCodecStringTree>', getExpected: 'Function<getExpected>', toString: 'Function<toString>' }, constructor: 'Function<PropertySignature>' }, { name: 'correlation', type: { '~effect/Schema': '~effect/Schema', annotations: undefined, checks: undefined, encoding: undefined, context: undefined, _tag: 'Objects', propertySignatures: [ { name: 'attemptId', type: { '~effect/Schema': '~effect/Schema', annotations: undefined, checks: [ { _tag: 'Filter', run: 'Function<anonymous>', annotations: { expected: 'a value with a length of at least 1', representation: { id: 'effect/schema/isMinLength', payload: { minLength: 1 } }, toJsonSchema: 'Function<toJsonSchema>', toCode: 'Function<toCode>', '~structural': true, arbitrary: { constraint: { minLength: 1 } }, brands: [ 'AttemptId' ] }, aborted: false, constructor: 'Function<Filter>', annotate: 'Function<annotate>', abort: 'Function<abort>', and: 'Function<and>', pipe: 'Function<pipe>' } ], encoding: undefined, context: undefined, _tag: 'String', constructor: 'Function<String>', getParser: 'Function<getParser>', matchPart: 'Function<matchPart>', getExpected: 'Function<getExpected>', toString: 'Function<toString>' }, constructor: 'Function<PropertySignature>' }, { name: 'runId', type: { '~effect/Schema': '~effect/Schema', annotations: undefined, checks: [ { _tag: 'Filter', run: 'Function<anonymous>', annotations: { expected: 'a value with a length of at least 1', representation: { id: 'effect/schema/isMinLength', payload: { minLength: 1 } }, toJsonSchema: 'Function<toJsonSchema>', toCode: 'Function<toCode>', '~structural': true, arbitrary: { constraint: { minLength: 1 } }, brands: [ 'RunId' ] }, aborted: false, constructor: 'Function<Filter>', annotate: 'Function<annotate>', abort: 'Function<abort>', and: 'Function<and>', pipe: 'Function<pipe>' } ], encoding: undefined, context: undefined, _tag: 'String', constructor: 'Function<String>', getParser: 'Function<getParser>', matchPart: 'Function<matchPart>', getExpected: 'Function<getExpected>', toString: 'Function<toString>' }, constructor: 'Function<PropertySignature>' } ], indexSignatures: [], encodingChecks: undefined, constructor: 'Function<Objects>', getParser: 'Function<getParser>', _rebuild: 'Function<_rebuild>', flip: 'Function<flip>', recur: 'Function<recur>', getExpected: 'Function<getExpected>', toString: 'Function<toString>' }, constructor: 'Function<PropertySignature>' } ], indexSignatures: [], encodingChecks: undefined, constructor: 'Function<Objects>', getParser: 'Function<getParser>', _rebuild: 'Function<_rebuild>', flip: 'Function<flip>', recur: 'Function<recur>', getExpected: 'Function<getExpected>', toString: 'Function<toString>' } ], mode: 'anyOf', encodingChecks: undefined, constructor: 'Function<Union>', getParser: 'Function<getParser>', _rebuild: 'Function<_rebuild>', recur: 'Function<recur>', flip: 'Function<flip>', matchPart: 'Function<matchPart>', getExpected: 'Function<getExpected>', toString: 'Function<toString>' }, constructor: 'Function<PropertySignature>' }, { name: 'evidence', type: { '~effect/Schema': '~effect/Schema', annotations: undefined, checks: undefined, encoding: undefined, context: undefined, _tag: 'Union', types: [ { '~effect/Schema': '~effect/Schema', annotations: undefined, checks: undefined, encoding: undefined, context: undefined, _tag: 'Literal', literal: 'Preparing', constructor: 'Function<Literal>', getParser: 'Function<getParser>', matchPart: 'Function<matchPart>', toCodecJson: 'Function<toCodecJson>', toCodecStringTree: 'Function<toCodecStringTree>', getExpected: 'Function<getExpected>', toString: 'Function<toString>' }, { '~effect/Schema': '~effect/Schema', annotations: undefined, checks: undefined, encoding: undefined, context: undefined, _tag: 'Literal', literal: 'Registered', constructor: 'Function<Literal>', getParser: 'Function<getParser>', matchPart: 'Function<matchPart>', toCodecJson: 'Function<toCodecJson>', toCodecStringTree: 'Function<toCodecStringTree>', getExpected: 'Function<getExpected>', toString: 'Function<toString>' }, { '~effect/Schema': '~effect/Schema', annotations: undefined, checks: undefined, encoding: undefined, context: undefined, _tag: 'Literal', literal: 'AwaitingBoundaryResult', constructor: 'Function<Literal>', getParser: 'Function<getParser>', matchPart: 'Function<matchPart>', toCodecJson: 'Function<toCodecJson>', toCodecStringTree: 'Function<toCodecStringTree>', getExpected: 'Function<getExpected>', toString: 'Function<toString>' }, { '~effect/Schema': '~effect/Schema', annotations: undefined, checks: undefined, encoding: undefined, context: undefined, _tag: 'Literal', literal: 'BoundaryResultProduced', constructor: 'Function<Literal>', getParser: 'Function<getParser>', matchPart: 'Function<matchPart>', toCodecJson: 'Function<toCodecJson>', toCodecStringTree: 'Function<toCodecStringTree>', getExpected: 'Function<getExpected>', toString: 'Function<toString>' }, { '~effect/Schema': '~effect/Schema', annotations: undefined, checks: undefined, encoding: undefined, context: undefined, _tag: 'Literal', literal: 'BoundaryResultRecorded', constructor: 'Function<Literal>', getParser: 'Function<getParser>', matchPart: 'Function<matchPart>', toCodecJson: 'Function<toCodecJson>', toCodecStringTree: 'Function<toCodecStringTree>', getExpected: 'Function<getExpected>', toString: 'Function<toString>' }, { '~effect/Schema': '~effect/Schema', annotations: undefined, checks: undefined, encoding: undefined, context: undefined, _tag: 'Literal', literal: 'RecoverableAmbiguity', constructor: 'Function<Literal>', getParser: 'Function<getParser>', matchPart: 'Function<matchPart>', toCodecJson: 'Function<toCodecJson>', toCodecStringTree: 'Function<toCodecStringTree>', getExpected: 'Function<getExpected>', toString: 'Function<toString>' }, { '~effect/Schema': '~effect/Schema', annotations: undefined, checks: undefined, encoding: undefined, context: undefined, _tag: 'Literal', literal: 'DrainRegistered', constructor: 'Function<Literal>', getParser: 'Function<getParser>', matchPart: 'Function<matchPart>', toCodecJson: 'Function<toCodecJson>', toCodecStringTree: 'Function<toCodecStringTree>', getExpected: 'Function<getExpected>', toString: 'Function<toString>' }, { '~effect/Schema': '~effect/Schema', annotations: undefined, checks: undefined, encoding: undefined, context: undefined, _tag: 'Literal', literal: 'DrainPending', constructor: 'Function<Literal>', getParser: 'Function<getParser>', matchPart: 'Function<matchPart>', toCodecJson: 'Function<toCodecJson>', toCodecStringTree: 'Function<toCodecStringTree>', getExpected: 'Function<getExpected>', toString: 'Function<toString>' }, { '~effect/Schema': '~effect/Schema', annotations: undefined, checks: undefined, encoding: undefined, context: undefined, _tag: 'Literal', literal: 'DrainSucceeded', constructor: 'Function<Literal>', getParser: 'Function<getParser>', matchPart: 'Function<matchPart>', toCodecJson: 'Function<toCodecJson>', toCodecStringTree: 'Function<toCodecStringTree>', getExpected: 'Function<getExpected>', toString: 'Function<toString>' }, { '~effect/Schema': '~effect/Schema', annotations: undefined, checks: undefined, encoding: undefined, context: undefined, _tag: 'Literal', literal: 'DrainFailed', constructor: 'Function<Literal>', getParser: 'Function<getParser>', matchPart: 'Function<matchPart>', toCodecJson: 'Function<toCodecJson>', toCodecStringTree: 'Function<toCodecStringTree>', getExpected: 'Function<getExpected>', toString: 'Function<toString>' } ], mode: 'anyOf', encodingChecks: undefined, constructor: 'Function<Union>', getParser: 'Function<getParser>', _rebuild: 'Function<_rebuild>', recur: 'Function<recur>', flip: 'Function<flip>', matchPart: 'Function<matchPart>', getExpected: 'Function<getExpected>', toString: 'Function<toString>' }, constructor: 'Function<PropertySignature>' }, { name: 'boundary', type: { '~effect/Schema': '~effect/Schema', annotations: undefined, checks: undefined, encoding: undefined, context: undefined, _tag: 'Union', types: [ { '~effect/Schema': '~effect/Schema', annotations: undefined, checks: undefined, encoding: undefined, context: undefined, _tag: 'Objects', propertySignatures: [ { name: 'family', type: { '~effect/Schema': '~effect/Schema', annotations: undefined, checks: undefined, encoding: undefined, context: undefined, _tag: 'Union', types: [ { '~effect/Schema': '~effect/Schema', annotations: undefined, checks: undefined, encoding: undefined, context: undefined, _tag: 'Literal', literal: 'Git', constructor: 'Function<Literal>', getParser: 'Function<getParser>', matchPart: 'Function<matchPart>', toCodecJson: 'Function<toCodecJson>', toCodecStringTree: 'Function<toCodecStringTree>', getExpected: 'Function<getExpected>', toString: 'Function<toString>' }, { '~effect/Schema': '~effect/Schema', annotations: undefined, checks: undefined, encoding: undefined, context: undefined, _tag: 'Literal', literal: 'TaskTracker', constructor: 'Function<Literal>', getParser: 'Function<getParser>', matchPart: 'Function<matchPart>', toCodecJson: 'Function<toCodecJson>', toCodecStringTree: 'Function<toCodecStringTree>', getExpected: 'Function<getExpected>', toString: 'Function<toString>' } ], mode: 'anyOf', encodingChecks: undefined, constructor: 'Function<Union>', getParser: 'Function<getParser>', _rebuild: 'Function<_rebuild>', recur: 'Function<recur>', flip: 'Function<flip>', matchPart: 'Function<matchPart>', getExpected: 'Function<getExpected>', toString: 'Function<toString>' }, constructor: 'Function<PropertySignature>' }, { name: 'operationIds', type: { '~effect/Schema': '~effect/Schema', annotations: undefined, checks: undefined, encoding: undefined, context: undefined, _tag: 'Arrays', isMutable: false, elements: [], rest: [ { '~effect/Schema': '~effect/Schema', annotations: undefined, checks: [ { _tag: 'Filter', run: 'Function<anonymous>', annotations: { expected: 'a value with a length of at least 1', representation: { id: 'effect/schema/isMinLength', payload: { minLength: 1 } }, toJsonSchema: 'Function<toJsonSchema>', toCode: 'Function<toCode>', '~structural': true, arbitrary: { constraint: { minLength: 1 } }, brands: [ 'OperationId' ] }, aborted: false, constructor: 'Function<Filter>', annotate: 'Function<annotate>', abort: 'Function<abort>', and: 'Function<and>', pipe: 'Function<pipe>' } ], encoding: undefined, context: undefined, _tag: 'String', constructor: 'Function<String>', getParser: 'Function<getParser>', matchPart: 'Function<matchPart>', getExpected: 'Function<getExpected>', toString: 'Function<toString>' } ], encodingChecks: undefined, constructor: 'Function<Arrays>', getParser: 'Function<getParser>', _rebuild: 'Function<_rebuild>', recur: 'Function<recur>', flip: 'Function<flip>', getExpected: 'Function<getExpected>', toString: 'Function<toString>' }, constructor: 'Function<PropertySignature>' }, { name: 'baseline', type: { '~effect/Schema': '~effect/Schema', annotations: undefined, checks: undefined, encoding: undefined, context: undefined, _tag: 'Union', types: [ { '~effect/Schema': '~effect/Schema', annotations: undefined, checks: undefined, encoding: undefined, context: undefined, _tag: 'Objects', propertySignatures: [ { name: 'runId', type: { '~effect/Schema': '~effect/Schema', annotations: undefined, checks: [ { _tag: 'Filter', run: 'Function<anonymous>', annotations: { expected: 'a value with a length of at least 1', representation: { id: 'effect/schema/isMinLength', payload: { minLength: 1 } }, toJsonSchema: 'Function<toJsonSchema>', toCode: 'Function<toCode>', '~structural': true, arbitrary: { constraint: { minLength: 1 } }, brands: [ 'RunId' ] }, aborted: false, constructor: 'Function<Filter>', annotate: 'Function<annotate>', abort: 'Function<abort>', and: 'Function<and>', pipe: 'Function<pipe>' } ], encoding: undefined, context: undefined, _tag: 'String', constructor: 'Function<String>', getParser: 'Function<getParser>', matchPart: 'Function<matchPart>', getExpected: 'Function<getExpected>', toString: 'Function<toString>' }, constructor: 'Function<PropertySignature>' }, { name: 'attemptId', type: { '~effect/Schema': '~effect/Schema', annotations: undefined, checks: [ { _tag: 'Filter', run: 'Function<anonymous>', annotations: { expected: 'a value with a length of at least 1', representation: { id: 'effect/schema/isMinLength', payload: { minLength: 1 } }, toJsonSchema: 'Function<toJsonSchema>', toCode: 'Function<toCode>', '~structural': true, arbitrary: { constraint: { minLength: 1 } }, brands: [ 'AttemptId' ] }, aborted: false, constructor: 'Function<Filter>', annotate: 'Function<annotate>', abort: 'Function<abort>', and: 'Function<and>', pipe: 'Function<pipe>' } ], encoding: undefined, context: undefined, _tag: 'String', constructor: 'Function<String>', getParser: 'Function<getParser>', matchPart: 'Function<matchPart>', getExpected: 'Function<getExpected>', toString: 'Function<toString>' }, constructor: 'Function<PropertySignature>' }, { name: 'round', type: { '~effect/Schema': '~effect/Schema', annotations: undefined, checks: undefined, encoding: undefined, context: undefined, _tag: 'Union', types: [ { '~effect/Schema': '~effect/Schema', annotations: undefined, checks: [ { _tag: 'Filter', run: 'Function<anonymous>', annotations: { expected: 'an integer', representation: { id: 'effect/schema/isInt', payload: null }, toJsonSchema: 'Function<toJsonSchema>', toCode: 'Function<toCode>', arbitrary: { constraint: { integer: true } } }, aborted: false, constructor: 'Function<Filter>', annotate: 'Function<annotate>', abort: 'Function<abort>', and: 'Function<and>', pipe: 'Function<pipe>' }, { _tag: 'Filter', run: 'Function<anonymous>', annotations: { expected: 'a value greater than or equal to 1', arbitrary: { constraint: { ordered: { order: 'Function<anonymous>', minimum: 1 } } }, representation: { id: 'effect/schema/isGreaterThanOrEqualTo', payload: { minimum: 1 } }, toJsonSchema: 'Function<toJsonSchema>', toCode: 'Function<toCode>' }, aborted: false, constructor: 'Function<Filter>', annotate: 'Function<annotate>', abort: 'Function<abort>', and: 'Function<and>', pipe: 'Function<pipe>' } ], encoding: undefined, context: undefined, _tag: 'Number', constructor: 'Function<Number>', getParser: 'Function<getParser>', matchKey: 'Function<matchKey>', matchPart: 'Function<matchPart>', _match: 'Function<_match>', toCodecJson: 'Function<toCodecJson>', toCodecStringTree: 'Function<toCodecStringTree>', getExpected: 'Function<getExpected>', toString: 'Function<toString>' }, { '~effect/Schema': '~effect/Schema', annotations: undefined, checks: undefined, encoding: undefined, context: undefined, _tag: 'Null', constructor: 'Function<Null>', getParser: 'Function<getParser>', getExpected: 'Function<getExpected>', toString: 'Function<toString>' } ], mode: 'anyOf', encodingChecks: undefined, constructor: 'Function<Union>', getParser: 'Function<getParser>', _rebuild: 'Function<_rebuild>', recur: 'Function<recur>', flip: 'Function<flip>', matchPart: 'Function<matchPart>', getExpected: 'Function<getExpected>', toString: 'Function<toString>' }, constructor: 'Function<PropertySignature>' } ], indexSignatures: [], encodingChecks: undefined, constructor: 'Function<Objects>', getParser: 'Function<getParser>', _rebuild: 'Function<_rebuild>', flip: 'Function<flip>', recur: 'Function<recur>', getExpected: 'Function<getExpected>', toString: 'Function<toString>' }, { '~effect/Schema': '~effect/Schema', annotations: undefined, checks: undefined, encoding: undefined, context: undefined, _tag: 'Null', constructor: 'Function<Null>', getParser: 'Function<getParser>', getExpected: 'Function<getExpected>', toString: 'Function<toString>' } ], mode: 'anyOf', encodingChecks: undefined, constructor: 'Function<Union>', getParser: 'Function<getParser>', _rebuild: 'Function<_rebuild>', recur: 'Function<recur>', flip: 'Function<flip>', matchPart: 'Function<matchPart>', getExpected: 'Function<getExpected>', toString: 'Function<toString>' }, constructor: 'Function<PropertySignature>' } ], indexSignatures: [], encodingChecks: undefined, constructor: 'Function<Objects>', getParser: 'Function<getParser>', _rebuild: 'Function<_rebuild>', flip: 'Function<flip>', recur: 'Function<recur>', getExpected: 'Function<getExpected>', toString: 'Function<toString>' }, { '~effect/Schema': '~effect/Schema', annotations: undefined, checks: undefined, encoding: undefined, context: undefined, _tag: 'Null', constructor: 'Function<Null>', getParser: 'Function<getParser>', getExpected: 'Function<getExpected>', toString: 'Function<toString>' } ], mode: 'anyOf', encodingChecks: undefined, constructor: 'Function<Union>', getParser: 'Function<getParser>', _rebuild: 'Function<_rebuild>', recur: 'Function<recur>', flip: 'Function<flip>', matchPart: 'Function<matchPart>', getExpected: 'Function<getExpected>', toString: 'Function<toString>' }, constructor: 'Function<PropertySignature>' }, { name: 'missingEvidence', type: { '~effect/Schema': '~effect/Schema', annotations: undefined, checks: undefined, encoding: undefined, context: undefined, _tag: 'Union', types: [ { '~effect/Schema': '~effect/Schema', annotations: undefined, checks: undefined, encoding: undefined, context: undefined, _tag: 'Literal', literal: 'OwnerRelease', constructor: 'Function<Literal>', getParser: 'Function<getParser>', matchPart: 'Function<matchPart>', toCodecJson: 'Function<toCodecJson>', toCodecStringTree: 'Function<toCodecStringTree>', getExpected: 'Function<getExpected>', toString: 'Function<toString>' }, { '~effect/Schema': '~effect/Schema', annotations: undefined, checks: undefined, encoding: undefined, context: undefined, _tag: 'Literal', literal: 'BoundaryObservation', constructor: 'Function<Literal>', getParser: 'Function<getParser>', matchPart: 'Function<matchPart>', toCodecJson: 'Function<toCodecJson>', toCodecStringTree: 'Function<toCodecStringTree>', getExpected: 'Function<getExpected>', toString: 'Function<toString>' }, { '~effect/Schema': '~effect/Schema', annotations: undefined, checks: undefined, encoding: undefined, context: undefined, _tag: 'Literal', literal: 'JournalAcknowledgement', constructor: 'Function<Literal>', getParser: 'Function<getParser>', matchPart: 'Function<matchPart>', toCodecJson: 'Function<toCodecJson>', toCodecStringTree: 'Function<toCodecStringTree>', getExpected: 'Function<getExpected>', toString: 'Function<toString>' }, { '~effect/Schema': '~effect/Schema', annotations: undefined, checks: undefined, encoding: undefined, context: undefined, _tag: 'Literal', literal: 'CorrelatedExecutorSettlement', constructor: 'Function<Literal>', getParser: 'Function<getParser>', matchPart: 'Function<matchPart>', toCodecJson: 'Function<toCodecJson>', toCodecStringTree: 'Function<toCodecStringTree>', getExpected: 'Function<getExpected>', toString: 'Function<toString>' }, { '~effect/Schema': '~effect/Schema', annotations: undefined, checks: undefined, encoding: undefined, context: undefined, _tag: 'Literal', literal: 'LocalCloseAcknowledgement', constructor: 'Function<Literal>', getParser: 'Function<getParser>', matchPart: 'Function<matchPart>', toCodecJson: 'Function<toCodecJson>', toCodecStringTree: 'Function<toCodecStringTree>', getExpected: 'Function<getExpected>', toString: 'Function<toString>' }, { '~effect/Schema': '~effect/Schema', annotations: undefined, checks: undefined, encoding: undefined, context: undefined, _tag: 'Literal', literal: 'None', constructor: 'Function<Literal>', getParser: 'Function<getParser>', matchPart: 'Function<matchPart>', toCodecJson: 'Function<toCodecJson>', toCodecStringTree: 'Function<toCodecStringTree>', getExpected: 'Function<getExpected>', toString: 'Function<toString>' } ], mode: 'anyOf', encodingChecks: undefined, constructor: 'Function<Union>', getParser: 'Function<getParser>', _rebuild: 'Function<_rebuild>', recur: 'Function<recur>', flip: 'Function<flip>', matchPart: 'Function<matchPart>', getExpected: 'Function<getExpected>', toString: 'Function<toString>' }, constructor: 'Function<PropertySignature>' }, { name: 'nextAction', type: { '~effect/Schema': '~effect/Schema', annotations: undefined, checks: undefined, encoding: undefined, context: undefined, _tag: 'Union', types: [ { '~effect/Schema': '~effect/Schema', annotations: undefined, checks: undefined, encoding: undefined, context: undefined, _tag: 'Literal', literal: 'AwaitOwnerRelease', constructor: 'Function<Literal>', getParser: 'Function<getParser>', matchPart: 'Function<matchPart>', toCodecJson: 'Function<toCodecJson>', toCodecStringTree: 'Function<toCodecStringTree>', getExpected: 'Function<getExpected>', toString: 'Function<toString>' }, { '~effect/Schema': '~effect/Schema', annotations: undefined, checks: undefined, encoding: undefined, context: undefined, _tag: 'Literal', literal: 'ReconcileOriginalAuthorityBeforeRetry', constructor: 'Function<Literal>', getParser: 'Function<getParser>', matchPart: 'Function<matchPart>', toCodecJson: 'Function<toCodecJson>', toCodecStringTree: 'Function<toCodecStringTree>', getExpected: 'Function<getExpected>', toString: 'Function<toString>' }, { '~effect/Schema': '~effect/Schema', annotations: undefined, checks: undefined, encoding: undefined, context: undefined, _tag: 'Literal', literal: 'AwaitJournalAcknowledgement', constructor: 'Function<Literal>', getParser: 'Function<getParser>', matchPart: 'Function<matchPart>', toCodecJson: 'Function<toCodecJson>', toCodecStringTree: 'Function<toCodecStringTree>', getExpected: 'Function<getExpected>', toString: 'Function<toString>' }, { '~effect/Schema': '~effect/Schema', annotations: undefined, checks: undefined, encoding: undefined, context: undefined, _tag: 'Literal', literal: 'AwaitCorrelatedExecutorSettlement', constructor: 'Function<Literal>', getParser: 'Function<getParser>', matchPart: 'Function<matchPart>', toCodecJson: 'Function<toCodecJson>', toCodecStringTree: 'Function<toCodecStringTree>', getExpected: 'Function<getExpected>', toString: 'Function<toString>' }, { '~effect/Schema': '~effect/Schema', annotations: undefined, checks: undefined, encoding: undefined, context: undefined, _tag: 'Literal', literal: 'AwaitLocalClose', constructor: 'Function<Literal>', getParser: 'Function<getParser>', matchPart: 'Function<matchPart>', toCodecJson: 'Function<toCodecJson>', toCodecStringTree: 'Function<toCodecStringTree>', getExpected: 'Function<getExpected>', toString: 'Function<toString>' }, { '~effect/Schema': '~effect/Schema', annotations: undefined, checks: undefined, encoding: undefined, context: undefined, _tag: 'Literal', literal: 'InspectDrainFailure', constructor: 'Function<Literal>', getParser: 'Function<getParser>', matchPart: 'Function<matchPart>', toCodecJson: 'Function<toCodecJson>', toCodecStringTree: 'Function<toCodecStringTree>', getExpected: 'Function<getExpected>', toString: 'Function<toString>' }, { '~effect/Schema': '~effect/Schema', annotations: undefined, checks: undefined, encoding: undefined, context: undefined, _tag: 'Literal', literal: 'None', constructor: 'Function<Literal>', getParser: 'Function<getParser>', matchPart: 'Function<matchPart>', toCodecJson: 'Function<toCodecJson>', toCodecStringTree: 'Function<toCodecStringTree>', getExpected: 'Function<getExpected>', toString: 'Function<toString>' } ], mode: 'anyOf', encodingChecks: undefined, constructor: 'Function<Union>', getParser: 'Function<getParser>', _rebuild: 'Function<_rebuild>', recur: 'Function<recur>', flip: 'Function<flip>', matchPart: 'Function<matchPart>', getExpected: 'Function<getExpected>', toString: 'Function<toString>' }, constructor: 'Function<PropertySignature>' } ], indexSignatures: [], encodingChecks: undefined, constructor: 'Function<Objects>', getParser: 'Function<getParser>', _rebuild: 'Function<_rebuild>', flip: 'Function<flip>', recur: 'Function<recur>', getExpected: 'Function<getExpected>', toString: 'Function<toString>' } ], encodingChecks: undefined, constructor: 'Function<Arrays>', getParser: 'Function<getParser>', _rebuild: 'Function<_rebuild>', recur: 'Function<recur>', flip: 'Function<flip>', getExpected: 'Function<getExpected>', toString: 'Function<toString>' }, constructor: 'Function<PropertySignature>' } ], indexSignatures: [], encodingChecks: undefined, constructor: 'Function<Objects>', getParser: 'Function<getParser>', _rebuild: 'Function<_rebuild>', flip: 'Function<flip>', recur: 'Function<recur>', getExpected: 'Function<getExpected>', toString: 'Function<toString>' }, constructor: 'Function<PropertySignature>' } ], indexSignatures: [], encodingChecks: undefined, constructor: 'Function<Objects>', getParser: 'Function<getParser>', _rebuild: 'Function<_rebuild>', flip: 'Function<flip>', recur: 'Function<recur>', getExpected: 'Function<getExpected>', toString: 'Function<toString>' }, { '~effect/Schema': '~effect/Schema', annotations: undefined, checks: undefined, encoding: undefined, context: undefined, _tag: 'Objects', propertySignatures: [ { name: '_tag', type: { '~effect/Schema': '~effect/Schema', annotations: undefined, checks: undefined, encoding: undefined, context: { isOptional: false, isMutable: false, constructorDefault: { to: { '~effect/Schema': '~effect/Schema', annotations: undefined, checks: undefined, encoding: undefined, context: undefined, _tag: 'Unknown', constructor: 'Function<Unknown>', getParser: 'Function<getParser>', getExpected: 'Function<getExpected>', toString: 'Function<toString>' }, transformation: { '~effect/SchemaTransformation/Transformation': '~effect/SchemaTransformation/Transformation', _tag: 'Transformation', decode: { run: 'Function<anonymous>', constructor: 'Function<Getter>', map: 'Function<map>', compose: 'Function<compose>', pipe: 'Function<pipe>' }, encode: { run: 'Function<anonymous>', constructor: 'Function<Getter>', map: 'Function<map>', compose: 'Function<compose>', pipe: 'Function<pipe>' }, constructor: 'Function<Transformation>', flip: 'Function<flip>', compose: 'Function<compose>' }, constructor: 'Function<Link>' }, annotations: undefined, constructor: 'Function<Context>' }, _tag: 'Literal', literal: 'TimedOut', constructor: 'Function<Literal>', getParser: 'Function<getParser>', matchPart: 'Function<matchPart>', toCodecJson: 'Function<toCodecJson>', toCodecStringTree: 'Function<toCodecStringTree>', getExpected: 'Function<getExpected>', toString: 'Function<toString>' }, constructor: 'Function<PropertySignature>' }, { name: 'diagnostics', type: { '~effect/Schema': '~effect/Schema', annotations: undefined, checks: undefined, encoding: undefined, context: undefined, _tag: 'Arrays', isMutable: false, elements: [], rest: [ { '~effect/Schema': '~effect/Schema', annotations: undefined, checks: [ { _tag: 'Filter', run: 'Function<anonymous>', annotations: { expected: 'a value with a length of at least 1', representation: { id: 'effect/schema/isMinLength', payload: { minLength: 1 } }, toJsonSchema: 'Function<toJsonSchema>', toCode: 'Function<toCode>', '~structural': true, arbitrary: { constraint: { minLength: 1 } }, brands: [ 'ApplicationExitDiagnostic' ] }, aborted: false, constructor: 'Function<Filter>', annotate: 'Function<annotate>', abort: 'Function<abort>', and: 'Function<and>', pipe: 'Function<pipe>' } ], encoding: undefined, context: undefined, _tag: 'String', constructor: 'Function<String>', getParser: 'Function<getParser>', matchPart: 'Function<matchPart>', getExpected: 'Function<getExpected>', toString: 'Function<toString>' } ], encodingChecks: undefined, constructor: 'Function<Arrays>', getParser: 'Function<getParser>', _rebuild: 'Function<_rebuild>', recur: 'Function<recur>', flip: 'Function<flip>', getExpected: 'Function<getExpected>', toString: 'Function<toString>' }, constructor: 'Function<PropertySignature>' }, { name: 'owners', type: { '~effect/Schema': '~effect/Schema', annotations: undefined, checks: undefined, encoding: undefined, context: { isOptional: true, isMutable: false, constructorDefault: undefined, annotations: undefined, constructor: 'Function<Context>' }, _tag: 'Objects', propertySignatures: [ { name: 'cutoffClosed', type: { '~effect/Schema': '~effect/Schema', annotations: undefined, checks: undefined, encoding: undefined, context: undefined, _tag: 'Boolean', constructor: 'Function<Boolean>', getParser: 'Function<getParser>', getExpected: 'Function<getExpected>', toString: 'Function<toString>' }, constructor: 'Function<PropertySignature>' }, { name: 'owners', type: { '~effect/Schema': '~effect/Schema', annotations: undefined, checks: undefined, encoding: undefined, context: undefined, _tag: 'Arrays', isMutable: false, elements: [], rest: [ { '~effect/Schema': '~effect/Schema', annotations: undefined, checks: undefined, encoding: undefined, context: undefined, _tag: 'Objects', propertySignatures: [ { name: 'ownerId', type: { '~effect/Schema': '~effect/Schema', annotations: undefined, checks: [ { _tag: 'Filter', run: 'Function<anonymous>', annotations: { expected: 'an integer', representation: { id: 'effect/schema/isInt', payload: null }, toJsonSchema: 'Function<toJsonSchema>', toCode: 'Function<toCode>', arbitrary: { constraint: { integer: true } } }, aborted: false, constructor: 'Function<Filter>', annotate: 'Function<annotate>', abort: 'Function<abort>', and: 'Function<and>', pipe: 'Function<pipe>' }, { _tag: 'Filter', run: 'Function<anonymous>', annotations: { expected: 'a value greater than or equal to 0', arbitrary: { constraint: { ordered: { order: 'Function<anonymous>', minimum: +0 } } }, representation: { id: 'effect/schema/isGreaterThanOrEqualTo', payload: { minimum: +0 } }, toJsonSchema: 'Function<toJsonSchema>', toCode: 'Function<toCode>', brands: [ 'ApplicationExitOwnerId' ] }, aborted: false, constructor: 'Function<Filter>', annotate: 'Function<annotate>', abort: 'Function<abort>', and: 'Function<and>', pipe: 'Function<pipe>' } ], encoding: undefined, context: undefined, _tag: 'Number', constructor: 'Function<Number>', getParser: 'Function<getParser>', matchKey: 'Function<matchKey>', matchPart: 'Function<matchPart>', _match: 'Function<_match>', toCodecJson: 'Function<toCodecJson>', toCodecStringTree: 'Function<toCodecStringTree>', getExpected: 'Function<getExpected>', toString: 'Function<toString>' }, constructor: 'Function<PropertySignature>' }, { name: 'family', type: { '~effect/Schema': '~effect/Schema', annotations: undefined, checks: undefined, encoding: undefined, context: undefined, _tag: 'Union', types: [ { '~effect/Schema': '~effect/Schema', annotations: undefined, checks: undefined, encoding: undefined, context: undefined, _tag: 'Literal', literal: 'ForwardOwner', constructor: 'Function<Literal>', getParser: 'Function<getParser>', matchPart: 'Function<matchPart>', toCodecJson: 'Function<toCodecJson>', toCodecStringTree: 'Function<toCodecStringTree>', getExpected: 'Function<getExpected>', toString: 'Function<toString>' }, { '~effect/Schema': '~effect/Schema', annotations: undefined, checks: undefined, encoding: undefined, context: undefined, _tag: 'Literal', literal: 'ExecutorDrain', constructor: 'Function<Literal>', getParser: 'Function<getParser>', matchPart: 'Function<matchPart>', toCodecJson: 'Function<toCodecJson>', toCodecStringTree: 'Function<toCodecStringTree>', getExpected: 'Function<getExpected>', toString: 'Function<toString>' }, { '~effect/Schema': '~effect/Schema', annotations: undefined, checks: undefined, encoding: undefined, context: undefined, _tag: 'Literal', literal: 'LocalDrain', constructor: 'Function<Literal>', getParser: 'Function<getParser>', matchPart: 'Function<matchPart>', toCodecJson: 'Function<toCodecJson>', toCodecStringTree: 'Function<toCodecStringTree>', getExpected: 'Function<getExpected>', toString: 'Function<toString>' } ], mode: 'anyOf', encodingChecks: undefined, constructor: 'Function<Union>', getParser: 'Function<getParser>', _rebuild: 'Function<_rebuild>', recur: 'Function<recur>', flip: 'Function<flip>', matchPart: 'Function<matchPart>', getExpected: 'Function<getExpected>', toString: 'Function<toString>' }, constructor: 'Function<PropertySignature>' }, { name: 'name', type: { '~effect/Schema': '~effect/Schema', annotations: undefined, checks: undefined, encoding: undefined, context: undefined, _tag: 'Union', types: [ { '~effect/Schema': '~effect/Schema', annotations: undefined, checks: undefined, encoding: undefined, context: undefined, _tag: 'Literal', literal: 'ForwardProgress', constructor: 'Function<Literal>', getParser: 'Function<getParser>', matchPart: 'Function<matchPart>', toCodecJson: 'Function<toCodecJson>', toCodecStringTree: 'Function<toCodecStringTree>', getExpected: 'Function<getExpected>', toString: 'Function<toString>' }, { '~effect/Schema': '~effect/Schema', annotations: undefined, checks: undefined, encoding: undefined, context: undefined, _tag: 'Literal', literal: 'ExecutorWork', constructor: 'Function<Literal>', getParser: 'Function<getParser>', matchPart: 'Function<matchPart>', toCodecJson: 'Function<toCodecJson>', toCodecStringTree: 'Function<toCodecStringTree>', getExpected: 'Function<getExpected>', toString: 'Function<toString>' }, { '~effect/Schema': '~effect/Schema', annotations: undefined, checks: undefined, encoding: undefined, context: undefined, _tag: 'Literal', literal: 'HostAcquisition', constructor: 'Function<Literal>', getParser: 'Function<getParser>', matchPart: 'Function<matchPart>', toCodecJson: 'Function<toCodecJson>', toCodecStringTree: 'Function<toCodecStringTree>', getExpected: 'Function<getExpected>', toString: 'Function<toString>' }, { '~effect/Schema': '~effect/Schema', annotations: undefined, checks: undefined, encoding: undefined, context: undefined, _tag: 'Literal', literal: 'CodexProvider', constructor: 'Function<Literal>', getParser: 'Function<getParser>', matchPart: 'Function<matchPart>', toCodecJson: 'Function<toCodecJson>', toCodecStringTree: 'Function<toCodecStringTree>', getExpected: 'Function<getExpected>', toString: 'Function<toString>' }, { '~effect/Schema': '~effect/Schema', annotations: undefined, checks: undefined, encoding: undefined, context: undefined, _tag: 'Literal', literal: 'RunRuntime', constructor: 'Function<Literal>', getParser: 'Function<getParser>', matchPart: 'Function<matchPart>', toCodecJson: 'Function<toCodecJson>', toCodecStringTree: 'Function<toCodecStringTree>', getExpected: 'Function<getExpected>', toString: 'Function<toString>' }, { '~effect/Schema': '~effect/Schema', annotations: undefined, checks: undefined, encoding: undefined, context: undefined, _tag: 'Literal', literal: 'ArchiveMaintenance', constructor: 'Function<Literal>', getParser: 'Function<getParser>', matchPart: 'Function<matchPart>', toCodecJson: 'Function<toCodecJson>', toCodecStringTree: 'Function<toCodecStringTree>', getExpected: 'Function<getExpected>', toString: 'Function<toString>' }, { '~effect/Schema': '~effect/Schema', annotations: undefined, checks: undefined, encoding: undefined, context: undefined, _tag: 'Literal', literal: 'Inspection', constructor: 'Function<Literal>', getParser: 'Function<getParser>', matchPart: 'Function<matchPart>', toCodecJson: 'Function<toCodecJson>', toCodecStringTree: 'Function<toCodecStringTree>', getExpected: 'Function<getExpected>', toString: 'Function<toString>' }, { '~effect/Schema': '~effect/Schema', annotations: undefined, checks: undefined, encoding: undefined, context: undefined, _tag: 'Literal', literal: 'HostWatch', constructor: 'Function<Literal>', getParser: 'Function<getParser>', matchPart: 'Function<matchPart>', toCodecJson: 'Function<toCodecJson>', toCodecStringTree: 'Function<toCodecStringTree>', getExpected: 'Function<getExpected>', toString: 'Function<toString>' }, { '~effect/Schema': '~effect/Schema', annotations: undefined, checks: undefined, encoding: undefined, context: undefined, _tag: 'Literal', literal: 'LocalResources', constructor: 'Function<Literal>', getParser: 'Function<getParser>', matchPart: 'Function<matchPart>', toCodecJson: 'Function<toCodecJson>', toCodecStringTree: 'Function<toCodecStringTree>', getExpected: 'Function<getExpected>', toString: 'Function<toString>' } ], mode: 'anyOf', encodingChecks: undefined, constructor: 'Function<Union>', getParser: 'Function<getParser>', _rebuild: 'Function<_rebuild>', recur: 'Function<recur>', flip: 'Function<flip>', matchPart: 'Function<matchPart>', getExpected: 'Function<getExpected>', toString: 'Function<toString>' }, constructor: 'Function<PropertySignature>' }, { name: 'kind', type: { '~effect/Schema': '~effect/Schema', annotations: undefined, checks: undefined, encoding: undefined, context: undefined, _tag: 'Union', types: [ { '~effect/Schema': '~effect/Schema', annotations: undefined, checks: undefined, encoding: undefined, context: undefined, _tag: 'Literal', literal: 'AtomicBoundary', constructor: 'Function<Literal>', getParser: 'Function<getParser>', matchPart: 'Function<matchPart>', toCodecJson: 'Function<toCodecJson>', toCodecStringTree: 'Function<toCodecStringTree>', getExpected: 'Function<getExpected>', toString: 'Function<toString>' }, { '~effect/Schema': '~effect/Schema', annotations: undefined, checks: undefined, encoding: undefined, context: undefined, _tag: 'Literal', literal: 'AuthorizedRunTerminationAppend', constructor: 'Function<Literal>', getParser: 'Function<getParser>', matchPart: 'Function<matchPart>', toCodecJson: 'Function<toCodecJson>', toCodecStringTree: 'Function<toCodecStringTree>', getExpected: 'Function<getExpected>', toString: 'Function<toString>' }, { '~effect/Schema': '~effect/Schema', annotations: undefined, checks: undefined, encoding: undefined, context: undefined, _tag: 'Literal', literal: 'InterruptibleBoundary', constructor: 'Function<Literal>', getParser: 'Function<getParser>', matchPart: 'Function<matchPart>', toCodecJson: 'Function<toCodecJson>', toCodecStringTree: 'Function<toCodecStringTree>', getExpected: 'Function<getExpected>', toString: 'Function<toString>' }, { '~effect/Schema': '~effect/Schema', annotations: undefined, checks: undefined, encoding: undefined, context: undefined, _tag: 'Literal', literal: 'RunActivation', constructor: 'Function<Literal>', getParser: 'Function<getParser>', matchPart: 'Function<matchPart>', toCodecJson: 'Function<toCodecJson>', toCodecStringTree: 'Function<toCodecStringTree>', getExpected: 'Function<getExpected>', toString: 'Function<toString>' }, { '~effect/Schema': '~effect/Schema', annotations: undefined, checks: undefined, encoding: undefined, context: undefined, _tag: 'Literal', literal: 'ExecutorDrain', constructor: 'Function<Literal>', getParser: 'Function<getParser>', matchPart: 'Function<matchPart>', toCodecJson: 'Function<toCodecJson>', toCodecStringTree: 'Function<toCodecStringTree>', getExpected: 'Function<getExpected>', toString: 'Function<toString>' }, { '~effect/Schema': '~effect/Schema', annotations: undefined, checks: undefined, encoding: undefined, context: undefined, _tag: 'Literal', literal: 'LocalDrain', constructor: 'Function<Literal>', getParser: 'Function<getParser>', matchPart: 'Function<matchPart>', toCodecJson: 'Function<toCodecJson>', toCodecStringTree: 'Function<toCodecStringTree>', getExpected: 'Function<getExpected>', toString: 'Function<toString>' } ], mode: 'anyOf', encodingChecks: undefined, constructor: 'Function<Union>', getParser: 'Function<getParser>', _rebuild: 'Function<_rebuild>', recur: 'Function<recur>', flip: 'Function<flip>', matchPart: 'Function<matchPart>', getExpected: 'Function<getExpected>', toString: 'Function<toString>' }, constructor: 'Function<PropertySignature>' }, { name: 'subject', type: { '~effect/Schema': '~effect/Schema', annotations: undefined, checks: undefined, encoding: undefined, context: undefined, _tag: 'Union', types: [ { '~effect/Schema': '~effect/Schema', annotations: undefined, checks: undefined, encoding: undefined, context: undefined, _tag: 'Objects', propertySignatures: [ { name: '_tag', type: { '~effect/Schema': '~effect/Schema', annotations: undefined, checks: undefined, encoding: undefined, context: { isOptional: false, isMutable: false, constructorDefault: { to: { '~effect/Schema': '~effect/Schema', annotations: undefined, checks: undefined, encoding: undefined, context: undefined, _tag: 'Unknown', constructor: 'Function<Unknown>', getParser: 'Function<getParser>', getExpected: 'Function<getExpected>', toString: 'Function<toString>' }, transformation: { '~effect/SchemaTransformation/Transformation': '~effect/SchemaTransformation/Transformation', _tag: 'Transformation', decode: { run: 'Function<anonymous>', constructor: 'Function<Getter>', map: 'Function<map>', compose: 'Function<compose>', pipe: 'Function<pipe>' }, encode: { run: 'Function<anonymous>', constructor: 'Function<Getter>', map: 'Function<map>', compose: 'Function<compose>', pipe: 'Function<pipe>' }, constructor: 'Function<Transformation>', flip: 'Function<flip>', compose: 'Function<compose>' }, constructor: 'Function<Link>' }, annotations: undefined, constructor: 'Function<Context>' }, _tag: 'Literal', literal: 'NoRun', constructor: 'Function<Literal>', getParser: 'Function<getParser>', matchPart: 'Function<matchPart>', toCodecJson: 'Function<toCodecJson>', toCodecStringTree: 'Function<toCodecStringTree>', getExpected: 'Function<getExpected>', toString: 'Function<toString>' }, constructor: 'Function<PropertySignature>' } ], indexSignatures: [], encodingChecks: undefined, constructor: 'Function<Objects>', getParser: 'Function<getParser>', _rebuild: 'Function<_rebuild>', flip: 'Function<flip>', recur: 'Function<recur>', getExpected: 'Function<getExpected>', toString: 'Function<toString>' }, { '~effect/Schema': '~effect/Schema', annotations: undefined, checks: undefined, encoding: undefined, context: undefined, _tag: 'Objects', propertySignatures: [ { name: '_tag', type: { '~effect/Schema': '~effect/Schema', annotations: undefined, checks: undefined, encoding: undefined, context: { isOptional: false, isMutable: false, constructorDefault: { to: { '~effect/Schema': '~effect/Schema', annotations: undefined, checks: undefined, encoding: undefined, context: undefined, _tag: 'Unknown', constructor: 'Function<Unknown>', getParser: 'Function<getParser>', getExpected: 'Function<getExpected>', toString: 'Function<toString>' }, transformation: { '~effect/SchemaTransformation/Transformation': '~effect/SchemaTransformation/Transformation', _tag: 'Transformation', decode: { run: 'Function<anonymous>', constructor: 'Function<Getter>', map: 'Function<map>', compose: 'Function<compose>', pipe: 'Function<pipe>' }, encode: { run: 'Function<anonymous>', constructor: 'Function<Getter>', map: 'Function<map>', compose: 'Function<compose>', pipe: 'Function<pipe>' }, constructor: 'Function<Transformation>', flip: 'Function<flip>', compose: 'Function<compose>' }, constructor: 'Function<Link>' }, annotations: undefined, constructor: 'Function<Context>' }, _tag: 'Literal', literal: 'Run', constructor: 'Function<Literal>', getParser: 'Function<getParser>', matchPart: 'Function<matchPart>', toCodecJson: 'Function<toCodecJson>', toCodecStringTree: 'Function<toCodecStringTree>', getExpected: 'Function<getExpected>', toString: 'Function<toString>' }, constructor: 'Function<PropertySignature>' }, { name: 'runId', type: { '~effect/Schema': '~effect/Schema', annotations: undefined, checks: [ { _tag: 'Filter', run: 'Function<anonymous>', annotations: { expected: 'a value with a length of at least 1', representation: { id: 'effect/schema/isMinLength', payload: { minLength: 1 } }, toJsonSchema: 'Function<toJsonSchema>', toCode: 'Function<toCode>', '~structural': true, arbitrary: { constraint: { minLength: 1 } }, brands: [ 'RunId' ] }, aborted: false, constructor: 'Function<Filter>', annotate: 'Function<annotate>', abort: 'Function<abort>', and: 'Function<and>', pipe: 'Function<pipe>' } ], encoding: undefined, context: undefined, _tag: 'String', constructor: 'Function<String>', getParser: 'Function<getParser>', matchPart: 'Function<matchPart>', getExpected: 'Function<getExpected>', toString: 'Function<toString>' }, constructor: 'Function<PropertySignature>' } ], indexSignatures: [], encodingChecks: undefined, constructor: 'Function<Objects>', getParser: 'Function<getParser>', _rebuild: 'Function<_rebuild>', flip: 'Function<flip>', recur: 'Function<recur>', getExpected: 'Function<getExpected>', toString: 'Function<toString>' }, { '~effect/Schema': '~effect/Schema', annotations: undefined, checks: undefined, encoding: undefined, context: undefined, _tag: 'Objects', propertySignatures: [ { name: '_tag', type: { '~effect/Schema': '~effect/Schema', annotations: undefined, checks: undefined, encoding: undefined, context: { isOptional: false, isMutable: false, constructorDefault: { to: { '~effect/Schema': '~effect/Schema', annotations: undefined, checks: undefined, encoding: undefined, context: undefined, _tag: 'Unknown', constructor: 'Function<Unknown>', getParser: 'Function<getParser>', getExpected: 'Function<getExpected>', toString: 'Function<toString>' }, transformation: { '~effect/SchemaTransformation/Transformation': '~effect/SchemaTransformation/Transformation', _tag: 'Transformation', decode: { run: 'Function<anonymous>', constructor: 'Function<Getter>', map: 'Function<map>', compose: 'Function<compose>', pipe: 'Function<pipe>' }, encode: { run: 'Function<anonymous>', constructor: 'Function<Getter>', map: 'Function<map>', compose: 'Function<compose>', pipe: 'Function<pipe>' }, constructor: 'Function<Transformation>', flip: 'Function<flip>', compose: 'Function<compose>' }, constructor: 'Function<Link>' }, annotations: undefined, constructor: 'Function<Context>' }, _tag: 'Literal', literal: 'Task', constructor: 'Function<Literal>', getParser: 'Function<getParser>', matchPart: 'Function<matchPart>', toCodecJson: 'Function<toCodecJson>', toCodecStringTree: 'Function<toCodecStringTree>', getExpected: 'Function<getExpected>', toString: 'Function<toString>' }, constructor: 'Function<PropertySignature>' }, { name: 'runId', type: { '~effect/Schema': '~effect/Schema', annotations: undefined, checks: [ { _tag: 'Filter', run: 'Function<anonymous>', annotations: { expected: 'a value with a length of at least 1', representation: { id: 'effect/schema/isMinLength', payload: { minLength: 1 } }, toJsonSchema: 'Function<toJsonSchema>', toCode: 'Function<toCode>', '~structural': true, arbitrary: { constraint: { minLength: 1 } }, brands: [ 'RunId' ] }, aborted: false, constructor: 'Function<Filter>', annotate: 'Function<annotate>', abort: 'Function<abort>', and: 'Function<and>', pipe: 'Function<pipe>' } ], encoding: undefined, context: undefined, _tag: 'String', constructor: 'Function<String>', getParser: 'Function<getParser>', matchPart: 'Function<matchPart>', getExpected: 'Function<getExpected>', toString: 'Function<toString>' }, constructor: 'Function<PropertySignature>' }, { name: 'taskId', type: { '~effect/Schema': '~effect/Schema', annotations: undefined, checks: [ { _tag: 'Filter', run: 'Function<anonymous>', annotations: { expected: 'a value with a length of at least 1', representation: { id: 'effect/schema/isMinLength', payload: { minLength: 1 } }, toJsonSchema: 'Function<toJsonSchema>', toCode: 'Function<toCode>', '~structural': true, arbitrary: { constraint: { minLength: 1 } }, brands: [ 'TaskId' ] }, aborted: false, constructor: 'Function<Filter>', annotate: 'Function<annotate>', abort: 'Function<abort>', and: 'Function<and>', pipe: 'Function<pipe>' } ], encoding: undefined, context: undefined, _tag: 'String', constructor: 'Function<String>', getParser: 'Function<getParser>', matchPart: 'Function<matchPart>', getExpected: 'Function<getExpected>', toString: 'Function<toString>' }, constructor: 'Function<PropertySignature>' } ], indexSignatures: [], encodingChecks: undefined, constructor: 'Function<Objects>', getParser: 'Function<getParser>', _rebuild: 'Function<_rebuild>', flip: 'Function<flip>', recur: 'Function<recur>', getExpected: 'Function<getExpected>', toString: 'Function<toString>' }, { '~effect/Schema': '~effect/Schema', annotations: undefined, checks: undefined, encoding: undefined, context: undefined, _tag: 'Objects', propertySignatures: [ { name: '_tag', type: { '~effect/Schema': '~effect/Schema', annotations: undefined, checks: undefined, encoding: undefined, context: { isOptional: false, isMutable: false, constructorDefault: { to: { '~effect/Schema': '~effect/Schema', annotations: undefined, checks: undefined, encoding: undefined, context: undefined, _tag: 'Unknown', constructor: 'Function<Unknown>', getParser: 'Function<getParser>', getExpected: 'Function<getExpected>', toString: 'Function<toString>' }, transformation: { '~effect/SchemaTransformation/Transformation': '~effect/SchemaTransformation/Transformation', _tag: 'Transformation', decode: { run: 'Function<anonymous>', constructor: 'Function<Getter>', map: 'Function<map>', compose: 'Function<compose>', pipe: 'Function<pipe>' }, encode: { run: 'Function<anonymous>', constructor: 'Function<Getter>', map: 'Function<map>', compose: 'Function<compose>', pipe: 'Function<pipe>' }, constructor: 'Function<Transformation>', flip: 'Function<flip>', compose: 'Function<compose>' }, constructor: 'Function<Link>' }, annotations: undefined, constructor: 'Function<Context>' }, _tag: 'Literal', literal: 'ExecutorAttempt', constructor: 'Function<Literal>', getParser: 'Function<getParser>', matchPart: 'Function<matchPart>', toCodecJson: 'Function<toCodecJson>', toCodecStringTree: 'Function<toCodecStringTree>', getExpected: 'Function<getExpected>', toString: 'Function<toString>' }, constructor: 'Function<PropertySignature>' }, { name: 'correlation', type: { '~effect/Schema': '~effect/Schema', annotations: undefined, checks: undefined, encoding: undefined, context: undefined, _tag: 'Objects', propertySignatures: [ { name: 'attemptId', type: { '~effect/Schema': '~effect/Schema', annotations: undefined, checks: [ { _tag: 'Filter', run: 'Function<anonymous>', annotations: { expected: 'a value with a length of at least 1', representation: { id: 'effect/schema/isMinLength', payload: { minLength: 1 } }, toJsonSchema: 'Function<toJsonSchema>', toCode: 'Function<toCode>', '~structural': true, arbitrary: { constraint: { minLength: 1 } }, brands: [ 'AttemptId' ] }, aborted: false, constructor: 'Function<Filter>', annotate: 'Function<annotate>', abort: 'Function<abort>', and: 'Function<and>', pipe: 'Function<pipe>' } ], encoding: undefined, context: undefined, _tag: 'String', constructor: 'Function<String>', getParser: 'Function<getParser>', matchPart: 'Function<matchPart>', getExpected: 'Function<getExpected>', toString: 'Function<toString>' }, constructor: 'Function<PropertySignature>' }, { name: 'runId', type: { '~effect/Schema': '~effect/Schema', annotations: undefined, checks: [ { _tag: 'Filter', run: 'Function<anonymous>', annotations: { expected: 'a value with a length of at least 1', representation: { id: 'effect/schema/isMinLength', payload: { minLength: 1 } }, toJsonSchema: 'Function<toJsonSchema>', toCode: 'Function<toCode>', '~structural': true, arbitrary: { constraint: { minLength: 1 } }, brands: [ 'RunId' ] }, aborted: false, constructor: 'Function<Filter>', annotate: 'Function<annotate>', abort: 'Function<abort>', and: 'Function<and>', pipe: 'Function<pipe>' } ], encoding: undefined, context: undefined, _tag: 'String', constructor: 'Function<String>', getParser: 'Function<getParser>', matchPart: 'Function<matchPart>', getExpected: 'Function<getExpected>', toString: 'Function<toString>' }, constructor: 'Function<PropertySignature>' } ], indexSignatures: [], encodingChecks: undefined, constructor: 'Function<Objects>', getParser: 'Function<getParser>', _rebuild: 'Function<_rebuild>', flip: 'Function<flip>', recur: 'Function<recur>', getExpected: 'Function<getExpected>', toString: 'Function<toString>' }, constructor: 'Function<PropertySignature>' } ], indexSignatures: [], encodingChecks: undefined, constructor: 'Function<Objects>', getParser: 'Function<getParser>', _rebuild: 'Function<_rebuild>', flip: 'Function<flip>', recur: 'Function<recur>', getExpected: 'Function<getExpected>', toString: 'Function<toString>' } ], mode: 'anyOf', encodingChecks: undefined, constructor: 'Function<Union>', getParser: 'Function<getParser>', _rebuild: 'Function<_rebuild>', recur: 'Function<recur>', flip: 'Function<flip>', matchPart: 'Function<matchPart>', getExpected: 'Function<getExpected>', toString: 'Function<toString>' }, constructor: 'Function<PropertySignature>' }, { name: 'evidence', type: { '~effect/Schema': '~effect/Schema', annotations: undefined, checks: undefined, encoding: undefined, context: undefined, _tag: 'Union', types: [ { '~effect/Schema': '~effect/Schema', annotations: undefined, checks: undefined, encoding: undefined, context: undefined, _tag: 'Literal', literal: 'Preparing', constructor: 'Function<Literal>', getParser: 'Function<getParser>', matchPart: 'Function<matchPart>', toCodecJson: 'Function<toCodecJson>', toCodecStringTree: 'Function<toCodecStringTree>', getExpected: 'Function<getExpected>', toString: 'Function<toString>' }, { '~effect/Schema': '~effect/Schema', annotations: undefined, checks: undefined, encoding: undefined, context: undefined, _tag: 'Literal', literal: 'Registered', constructor: 'Function<Literal>', getParser: 'Function<getParser>', matchPart: 'Function<matchPart>', toCodecJson: 'Function<toCodecJson>', toCodecStringTree: 'Function<toCodecStringTree>', getExpected: 'Function<getExpected>', toString: 'Function<toString>' }, { '~effect/Schema': '~effect/Schema', annotations: undefined, checks: undefined, encoding: undefined, context: undefined, _tag: 'Literal', literal: 'AwaitingBoundaryResult', constructor: 'Function<Literal>', getParser: 'Function<getParser>', matchPart: 'Function<matchPart>', toCodecJson: 'Function<toCodecJson>', toCodecStringTree: 'Function<toCodecStringTree>', getExpected: 'Function<getExpected>', toString: 'Function<toString>' }, { '~effect/Schema': '~effect/Schema', annotations: undefined, checks: undefined, encoding: undefined, context: undefined, _tag: 'Literal', literal: 'BoundaryResultProduced', constructor: 'Function<Literal>', getParser: 'Function<getParser>', matchPart: 'Function<matchPart>', toCodecJson: 'Function<toCodecJson>', toCodecStringTree: 'Function<toCodecStringTree>', getExpected: 'Function<getExpected>', toString: 'Function<toString>' }, { '~effect/Schema': '~effect/Schema', annotations: undefined, checks: undefined, encoding: undefined, context: undefined, _tag: 'Literal', literal: 'BoundaryResultRecorded', constructor: 'Function<Literal>', getParser: 'Function<getParser>', matchPart: 'Function<matchPart>', toCodecJson: 'Function<toCodecJson>', toCodecStringTree: 'Function<toCodecStringTree>', getExpected: 'Function<getExpected>', toString: 'Function<toString>' }, { '~effect/Schema': '~effect/Schema', annotations: undefined, checks: undefined, encoding: undefined, context: undefined, _tag: 'Literal', literal: 'RecoverableAmbiguity', constructor: 'Function<Literal>', getParser: 'Function<getParser>', matchPart: 'Function<matchPart>', toCodecJson: 'Function<toCodecJson>', toCodecStringTree: 'Function<toCodecStringTree>', getExpected: 'Function<getExpected>', toString: 'Function<toString>' }, { '~effect/Schema': '~effect/Schema', annotations: undefined, checks: undefined, encoding: undefined, context: undefined, _tag: 'Literal', literal: 'DrainRegistered', constructor: 'Function<Literal>', getParser: 'Function<getParser>', matchPart: 'Function<matchPart>', toCodecJson: 'Function<toCodecJson>', toCodecStringTree: 'Function<toCodecStringTree>', getExpected: 'Function<getExpected>', toString: 'Function<toString>' }, { '~effect/Schema': '~effect/Schema', annotations: undefined, checks: undefined, encoding: undefined, context: undefined, _tag: 'Literal', literal: 'DrainPending', constructor: 'Function<Literal>', getParser: 'Function<getParser>', matchPart: 'Function<matchPart>', toCodecJson: 'Function<toCodecJson>', toCodecStringTree: 'Function<toCodecStringTree>', getExpected: 'Function<getExpected>', toString: 'Function<toString>' }, { '~effect/Schema': '~effect/Schema', annotations: undefined, checks: undefined, encoding: undefined, context: undefined, _tag: 'Literal', literal: 'DrainSucceeded', constructor: 'Function<Literal>', getParser: 'Function<getParser>', matchPart: 'Function<matchPart>', toCodecJson: 'Function<toCodecJson>', toCodecStringTree: 'Function<toCodecStringTree>', getExpected: 'Function<getExpected>', toString: 'Function<toString>' }, { '~effect/Schema': '~effect/Schema', annotations: undefined, checks: undefined, encoding: undefined, context: undefined, _tag: 'Literal', literal: 'DrainFailed', constructor: 'Function<Literal>', getParser: 'Function<getParser>', matchPart: 'Function<matchPart>', toCodecJson: 'Function<toCodecJson>', toCodecStringTree: 'Function<toCodecStringTree>', getExpected: 'Function<getExpected>', toString: 'Function<toString>' } ], mode: 'anyOf', encodingChecks: undefined, constructor: 'Function<Union>', getParser: 'Function<getParser>', _rebuild: 'Function<_rebuild>', recur: 'Function<recur>', flip: 'Function<flip>', matchPart: 'Function<matchPart>', getExpected: 'Function<getExpected>', toString: 'Function<toString>' }, constructor: 'Function<PropertySignature>' }, { name: 'boundary', type: { '~effect/Schema': '~effect/Schema', annotations: undefined, checks: undefined, encoding: undefined, context: undefined, _tag: 'Union', types: [ { '~effect/Schema': '~effect/Schema', annotations: undefined, checks: undefined, encoding: undefined, context: undefined, _tag: 'Objects', propertySignatures: [ { name: 'family', type: { '~effect/Schema': '~effect/Schema', annotations: undefined, checks: undefined, encoding: undefined, context: undefined, _tag: 'Union', types: [ { '~effect/Schema': '~effect/Schema', annotations: undefined, checks: undefined, encoding: undefined, context: undefined, _tag: 'Literal', literal: 'Git', constructor: 'Function<Literal>', getParser: 'Function<getParser>', matchPart: 'Function<matchPart>', toCodecJson: 'Function<toCodecJson>', toCodecStringTree: 'Function<toCodecStringTree>', getExpected: 'Function<getExpected>', toString: 'Function<toString>' }, { '~effect/Schema': '~effect/Schema', annotations: undefined, checks: undefined, encoding: undefined, context: undefined, _tag: 'Literal', literal: 'TaskTracker', constructor: 'Function<Literal>', getParser: 'Function<getParser>', matchPart: 'Function<matchPart>', toCodecJson: 'Function<toCodecJson>', toCodecStringTree: 'Function<toCodecStringTree>', getExpected: 'Function<getExpected>', toString: 'Function<toString>' } ], mode: 'anyOf', encodingChecks: undefined, constructor: 'Function<Union>', getParser: 'Function<getParser>', _rebuild: 'Function<_rebuild>', recur: 'Function<recur>', flip: 'Function<flip>', matchPart: 'Function<matchPart>', getExpected: 'Function<getExpected>', toString: 'Function<toString>' }, constructor: 'Function<PropertySignature>' }, { name: 'operationIds', type: { '~effect/Schema': '~effect/Schema', annotations: undefined, checks: undefined, encoding: undefined, context: undefined, _tag: 'Arrays', isMutable: false, elements: [], rest: [ { '~effect/Schema': '~effect/Schema', annotations: undefined, checks: [ { _tag: 'Filter', run: 'Function<anonymous>', annotations: { expected: 'a value with a length of at least 1', representation: { id: 'effect/schema/isMinLength', payload: { minLength: 1 } }, toJsonSchema: 'Function<toJsonSchema>', toCode: 'Function<toCode>', '~structural': true, arbitrary: { constraint: { minLength: 1 } }, brands: [ 'OperationId' ] }, aborted: false, constructor: 'Function<Filter>', annotate: 'Function<annotate>', abort: 'Function<abort>', and: 'Function<and>', pipe: 'Function<pipe>' } ], encoding: undefined, context: undefined, _tag: 'String', constructor: 'Function<String>', getParser: 'Function<getParser>', matchPart: 'Function<matchPart>', getExpected: 'Function<getExpected>', toString: 'Function<toString>' } ], encodingChecks: undefined, constructor: 'Function<Arrays>', getParser: 'Function<getParser>', _rebuild: 'Function<_rebuild>', recur: 'Function<recur>', flip: 'Function<flip>', getExpected: 'Function<getExpected>', toString: 'Function<toString>' }, constructor: 'Function<PropertySignature>' }, { name: 'baseline', type: { '~effect/Schema': '~effect/Schema', annotations: undefined, checks: undefined, encoding: undefined, context: undefined, _tag: 'Union', types: [ { '~effect/Schema': '~effect/Schema', annotations: undefined, checks: undefined, encoding: undefined, context: undefined, _tag: 'Objects', propertySignatures: [ { name: 'runId', type: { '~effect/Schema': '~effect/Schema', annotations: undefined, checks: [ { _tag: 'Filter', run: 'Function<anonymous>', annotations: { expected: 'a value with a length of at least 1', representation: { id: 'effect/schema/isMinLength', payload: { minLength: 1 } }, toJsonSchema: 'Function<toJsonSchema>', toCode: 'Function<toCode>', '~structural': true, arbitrary: { constraint: { minLength: 1 } }, brands: [ 'RunId' ] }, aborted: false, constructor: 'Function<Filter>', annotate: 'Function<annotate>', abort: 'Function<abort>', and: 'Function<and>', pipe: 'Function<pipe>' } ], encoding: undefined, context: undefined, _tag: 'String', constructor: 'Function<String>', getParser: 'Function<getParser>', matchPart: 'Function<matchPart>', getExpected: 'Function<getExpected>', toString: 'Function<toString>' }, constructor: 'Function<PropertySignature>' }, { name: 'attemptId', type: { '~effect/Schema': '~effect/Schema', annotations: undefined, checks: [ { _tag: 'Filter', run: 'Function<anonymous>', annotations: { expected: 'a value with a length of at least 1', representation: { id: 'effect/schema/isMinLength', payload: { minLength: 1 } }, toJsonSchema: 'Function<toJsonSchema>', toCode: 'Function<toCode>', '~structural': true, arbitrary: { constraint: { minLength: 1 } }, brands: [ 'AttemptId' ] }, aborted: false, constructor: 'Function<Filter>', annotate: 'Function<annotate>', abort: 'Function<abort>', and: 'Function<and>', pipe: 'Function<pipe>' } ], encoding: undefined, context: undefined, _tag: 'String', constructor: 'Function<String>', getParser: 'Function<getParser>', matchPart: 'Function<matchPart>', getExpected: 'Function<getExpected>', toString: 'Function<toString>' }, constructor: 'Function<PropertySignature>' }, { name: 'round', type: { '~effect/Schema': '~effect/Schema', annotations: undefined, checks: undefined, encoding: undefined, context: undefined, _tag: 'Union', types: [ { '~effect/Schema': '~effect/Schema', annotations: undefined, checks: [ { _tag: 'Filter', run: 'Function<anonymous>', annotations: { expected: 'an integer', representation: { id: 'effect/schema/isInt', payload: null }, toJsonSchema: 'Function<toJsonSchema>', toCode: 'Function<toCode>', arbitrary: { constraint: { integer: true } } }, aborted: false, constructor: 'Function<Filter>', annotate: 'Function<annotate>', abort: 'Function<abort>', and: 'Function<and>', pipe: 'Function<pipe>' }, { _tag: 'Filter', run: 'Function<anonymous>', annotations: { expected: 'a value greater than or equal to 1', arbitrary: { constraint: { ordered: { order: 'Function<anonymous>', minimum: 1 } } }, representation: { id: 'effect/schema/isGreaterThanOrEqualTo', payload: { minimum: 1 } }, toJsonSchema: 'Function<toJsonSchema>', toCode: 'Function<toCode>' }, aborted: false, constructor: 'Function<Filter>', annotate: 'Function<annotate>', abort: 'Function<abort>', and: 'Function<and>', pipe: 'Function<pipe>' } ], encoding: undefined, context: undefined, _tag: 'Number', constructor: 'Function<Number>', getParser: 'Function<getParser>', matchKey: 'Function<matchKey>', matchPart: 'Function<matchPart>', _match: 'Function<_match>', toCodecJson: 'Function<toCodecJson>', toCodecStringTree: 'Function<toCodecStringTree>', getExpected: 'Function<getExpected>', toString: 'Function<toString>' }, { '~effect/Schema': '~effect/Schema', annotations: undefined, checks: undefined, encoding: undefined, context: undefined, _tag: 'Null', constructor: 'Function<Null>', getParser: 'Function<getParser>', getExpected: 'Function<getExpected>', toString: 'Function<toString>' } ], mode: 'anyOf', encodingChecks: undefined, constructor: 'Function<Union>', getParser: 'Function<getParser>', _rebuild: 'Function<_rebuild>', recur: 'Function<recur>', flip: 'Function<flip>', matchPart: 'Function<matchPart>', getExpected: 'Function<getExpected>', toString: 'Function<toString>' }, constructor: 'Function<PropertySignature>' } ], indexSignatures: [], encodingChecks: undefined, constructor: 'Function<Objects>', getParser: 'Function<getParser>', _rebuild: 'Function<_rebuild>', flip: 'Function<flip>', recur: 'Function<recur>', getExpected: 'Function<getExpected>', toString: 'Function<toString>' }, { '~effect/Schema': '~effect/Schema', annotations: undefined, checks: undefined, encoding: undefined, context: undefined, _tag: 'Null', constructor: 'Function<Null>', getParser: 'Function<getParser>', getExpected: 'Function<getExpected>', toString: 'Function<toString>' } ], mode: 'anyOf', encodingChecks: undefined, constructor: 'Function<Union>', getParser: 'Function<getParser>', _rebuild: 'Function<_rebuild>', recur: 'Function<recur>', flip: 'Function<flip>', matchPart: 'Function<matchPart>', getExpected: 'Function<getExpected>', toString: 'Function<toString>' }, constructor: 'Function<PropertySignature>' } ], indexSignatures: [], encodingChecks: undefined, constructor: 'Function<Objects>', getParser: 'Function<getParser>', _rebuild: 'Function<_rebuild>', flip: 'Function<flip>', recur: 'Function<recur>', getExpected: 'Function<getExpected>', toString: 'Function<toString>' }, { '~effect/Schema': '~effect/Schema', annotations: undefined, checks: undefined, encoding: undefined, context: undefined, _tag: 'Null', constructor: 'Function<Null>', getParser: 'Function<getParser>', getExpected: 'Function<getExpected>', toString: 'Function<toString>' } ], mode: 'anyOf', encodingChecks: undefined, constructor: 'Function<Union>', getParser: 'Function<getParser>', _rebuild: 'Function<_rebuild>', recur: 'Function<recur>', flip: 'Function<flip>', matchPart: 'Function<matchPart>', getExpected: 'Function<getExpected>', toString: 'Function<toString>' }, constructor: 'Function<PropertySignature>' }, { name: 'missingEvidence', type: { '~effect/Schema': '~effect/Schema', annotations: undefined, checks: undefined, encoding: undefined, context: undefined, _tag: 'Union', types: [ { '~effect/Schema': '~effect/Schema', annotations: undefined, checks: undefined, encoding: undefined, context: undefined, _tag: 'Literal', literal: 'OwnerRelease', constructor: 'Function<Literal>', getParser: 'Function<getParser>', matchPart: 'Function<matchPart>', toCodecJson: 'Function<toCodecJson>', toCodecStringTree: 'Function<toCodecStringTree>', getExpected: 'Function<getExpected>', toString: 'Function<toString>' }, { '~effect/Schema': '~effect/Schema', annotations: undefined, checks: undefined, encoding: undefined, context: undefined, _tag: 'Literal', literal: 'BoundaryObservation', constructor: 'Function<Literal>', getParser: 'Function<getParser>', matchPart: 'Function<matchPart>', toCodecJson: 'Function<toCodecJson>', toCodecStringTree: 'Function<toCodecStringTree>', getExpected: 'Function<getExpected>', toString: 'Function<toString>' }, { '~effect/Schema': '~effect/Schema', annotations: undefined, checks: undefined, encoding: undefined, context: undefined, _tag: 'Literal', literal: 'JournalAcknowledgement', constructor: 'Function<Literal>', getParser: 'Function<getParser>', matchPart: 'Function<matchPart>', toCodecJson: 'Function<toCodecJson>', toCodecStringTree: 'Function<toCodecStringTree>', getExpected: 'Function<getExpected>', toString: 'Function<toString>' }, { '~effect/Schema': '~effect/Schema', annotations: undefined, checks: undefined, encoding: undefined, context: undefined, _tag: 'Literal', literal: 'CorrelatedExecutorSettlement', constructor: 'Function<Literal>', getParser: 'Function<getParser>', matchPart: 'Function<matchPart>', toCodecJson: 'Function<toCodecJson>', toCodecStringTree: 'Function<toCodecStringTree>', getExpected: 'Function<getExpected>', toString: 'Function<toString>' }, { '~effect/Schema': '~effect/Schema', annotations: undefined, checks: undefined, encoding: undefined, context: undefined, _tag: 'Literal', literal: 'LocalCloseAcknowledgement', constructor: 'Function<Literal>', getParser: 'Function<getParser>', matchPart: 'Function<matchPart>', toCodecJson: 'Function<toCodecJson>', toCodecStringTree: 'Function<toCodecStringTree>', getExpected: 'Function<getExpected>', toString: 'Function<toString>' }, { '~effect/Schema': '~effect/Schema', annotations: undefined, checks: undefined, encoding: undefined, context: undefined, _tag: 'Literal', literal: 'None', constructor: 'Function<Literal>', getParser: 'Function<getParser>', matchPart: 'Function<matchPart>', toCodecJson: 'Function<toCodecJson>', toCodecStringTree: 'Function<toCodecStringTree>', getExpected: 'Function<getExpected>', toString: 'Function<toString>' } ], mode: 'anyOf', encodingChecks: undefined, constructor: 'Function<Union>', getParser: 'Function<getParser>', _rebuild: 'Function<_rebuild>', recur: 'Function<recur>', flip: 'Function<flip>', matchPart: 'Function<matchPart>', getExpected: 'Function<getExpected>', toString: 'Function<toString>' }, constructor: 'Function<PropertySignature>' }, { name: 'nextAction', type: { '~effect/Schema': '~effect/Schema', annotations: undefined, checks: undefined, encoding: undefined, context: undefined, _tag: 'Union', types: [ { '~effect/Schema': '~effect/Schema', annotations: undefined, checks: undefined, encoding: undefined, context: undefined, _tag: 'Literal', literal: 'AwaitOwnerRelease', constructor: 'Function<Literal>', getParser: 'Function<getParser>', matchPart: 'Function<matchPart>', toCodecJson: 'Function<toCodecJson>', toCodecStringTree: 'Function<toCodecStringTree>', getExpected: 'Function<getExpected>', toString: 'Function<toString>' }, { '~effect/Schema': '~effect/Schema', annotations: undefined, checks: undefined, encoding: undefined, context: undefined, _tag: 'Literal', literal: 'ReconcileOriginalAuthorityBeforeRetry', constructor: 'Function<Literal>', getParser: 'Function<getParser>', matchPart: 'Function<matchPart>', toCodecJson: 'Function<toCodecJson>', toCodecStringTree: 'Function<toCodecStringTree>', getExpected: 'Function<getExpected>', toString: 'Function<toString>' }, { '~effect/Schema': '~effect/Schema', annotations: undefined, checks: undefined, encoding: undefined, context: undefined, _tag: 'Literal', literal: 'AwaitJournalAcknowledgement', constructor: 'Function<Literal>', getParser: 'Function<getParser>', matchPart: 'Function<matchPart>', toCodecJson: 'Function<toCodecJson>', toCodecStringTree: 'Function<toCodecStringTree>', getExpected: 'Function<getExpected>', toString: 'Function<toString>' }, { '~effect/Schema': '~effect/Schema', annotations: undefined, checks: undefined, encoding: undefined, context: undefined, _tag: 'Literal', literal: 'AwaitCorrelatedExecutorSettlement', constructor: 'Function<Literal>', getParser: 'Function<getParser>', matchPart: 'Function<matchPart>', toCodecJson: 'Function<toCodecJson>', toCodecStringTree: 'Function<toCodecStringTree>', getExpected: 'Function<getExpected>', toString: 'Function<toString>' }, { '~effect/Schema': '~effect/Schema', annotations: undefined, checks: undefined, encoding: undefined, context: undefined, _tag: 'Literal', literal: 'AwaitLocalClose', constructor: 'Function<Literal>', getParser: 'Function<getParser>', matchPart: 'Function<matchPart>', toCodecJson: 'Function<toCodecJson>', toCodecStringTree: 'Function<toCodecStringTree>', getExpected: 'Function<getExpected>', toString: 'Function<toString>' }, { '~effect/Schema': '~effect/Schema', annotations: undefined, checks: undefined, encoding: undefined, context: undefined, _tag: 'Literal', literal: 'InspectDrainFailure', constructor: 'Function<Literal>', getParser: 'Function<getParser>', matchPart: 'Function<matchPart>', toCodecJson: 'Function<toCodecJson>', toCodecStringTree: 'Function<toCodecStringTree>', getExpected: 'Function<getExpected>', toString: 'Function<toString>' }, { '~effect/Schema': '~effect/Schema', annotations: undefined, checks: undefined, encoding: undefined, context: undefined, _tag: 'Literal', literal: 'None', constructor: 'Function<Literal>', getParser: 'Function<getParser>', matchPart: 'Function<matchPart>', toCodecJson: 'Function<toCodecJson>', toCodecStringTree: 'Function<toCodecStringTree>', getExpected: 'Function<getExpected>', toString: 'Function<toString>' } ], mode: 'anyOf', encodingChecks: undefined, constructor: 'Function<Union>', getParser: 'Function<getParser>', _rebuild: 'Function<_rebuild>', recur: 'Function<recur>', flip: 'Function<flip>', matchPart: 'Function<matchPart>', getExpected: 'Function<getExpected>', toString: 'Function<toString>' }, constructor: 'Function<PropertySignature>' } ], indexSignatures: [], encodingChecks: undefined, constructor: 'Function<Objects>', getParser: 'Function<getParser>', _rebuild: 'Function<_rebuild>', flip: 'Function<flip>', recur: 'Function<recur>', getExpected: 'Function<getExpected>', toString: 'Function<toString>' } ], encodingChecks: undefined, constructor: 'Function<Arrays>', getParser: 'Function<getParser>', _rebuild: 'Function<_rebuild>', recur: 'Function<recur>', flip: 'Function<flip>', getExpected: 'Function<getExpected>', toString: 'Function<toString>' }, constructor: 'Function<PropertySignature>' } ], indexSignatures: [], encodingChecks: undefined, constructor: 'Function<Objects>', getParser: 'Function<getParser>', _rebuild: 'Function<_rebuild>', flip: 'Function<flip>', recur: 'Function<recur>', getExpected: 'Function<getExpected>', toString: 'Function<toString>' }, constructor: 'Function<PropertySignature>' }, { name: 'requestedStatus', type: { '~effect/Schema': '~effect/Schema', annotations: undefined, checks: undefined, encoding: undefined, context: undefined, _tag: 'Literal', literal: 1, constructor: 'Function<Literal>', getParser: 'Function<getParser>', matchPart: 'Function<matchPart>', toCodecJson: 'Function<toCodecJson>', toCodecStringTree: 'Function<toCodecStringTree>', getExpected: 'Function<getExpected>', toString: 'Function<toString>' }, constructor: 'Function<PropertySignature>' } ], indexSignatures: [], encodingChecks: undefined, constructor: 'Function<Objects>', getParser: 'Function<getParser>', _rebuild: 'Function<_rebuild>', flip: 'Function<flip>', recur: 'Function<recur>', getExpected: 'Function<getExpected>', toString: 'Function<toString>' } ], mode: 'anyOf', encodingChecks: undefined, constructor: 'Function<Union>', getParser: 'Function<getParser>', _rebuild: 'Function<_rebuild>', recur: 'Function<recur>', flip: 'Function<flip>', matchPart: 'Function<matchPart>', getExpected: 'Function<getExpected>', toString: 'Function<toString>' }, constructor: 'Function<PropertySignature>' } ], indexSignatures: [], encodingChecks: undefined, constructor: 'Function<Objects>', getParser: 'Function<getParser>', _rebuild: 'Function<_rebuild>', flip: 'Function<flip>', recur: 'Function<recur>', getExpected: 'Function<getExpected>', toString: 'Function<toString>' }, { '~effect/Schema': '~effect/Schema', annotations: undefined, checks: undefined, encoding: undefined, context: undefined, _tag: 'Objects', propertySignatures: [ { name: '_tag', type: { '~effect/Schema': '~effect/Schema', annotations: undefined, checks: undefined, encoding: undefined, context: { isOptional: false, isMutable: false, constructorDefault: { to: { '~effect/Schema': '~effect/Schema', annotations: undefined, checks: undefined, encoding: undefined, context: undefined, _tag: 'Unknown', constructor: 'Function<Unknown>', getParser: 'Function<getParser>', getExpected: 'Function<getExpected>', toString: 'Function<toString>' }, transformation: { '~effect/SchemaTransformation/Transformation': '~effect/SchemaTransformation/Transformation', _tag: 'Transformation', decode: { run: 'Function<anonymous>', constructor: 'Function<Getter>', map: 'Function<map>', compose: 'Function<compose>', pipe: 'Function<pipe>' }, encode: { run: 'Function<anonymous>', constructor: 'Function<Getter>', map: 'Function<map>', compose: 'Function<compose>', pipe: 'Function<pipe>' }, constructor: 'Function<Transformation>', flip: 'Function<flip>', compose: 'Function<compose>' }, constructor: 'Function<Link>' }, annotations: undefined, constructor: 'Function<Context>' }, _tag: 'Literal', literal: 'CodexExecutorCompletionTrace', constructor: 'Function<Literal>', getParser: 'Function<getParser>', matchPart: 'Function<matchPart>', toCodecJson: 'Function<toCodecJson>', toCodecStringTree: 'Function<toCodecStringTree>', getExpected: 'Function<getExpected>', toString: 'Function<toString>' }, constructor: 'Function<PropertySignature>' }, { name: 'phase', type: { '~effect/Schema': '~effect/Schema', annotations: undefined, checks: [ { _tag: 'Filter', run: 'Function<anonymous>', annotations: { expected: 'a value with a length of at least 1', representation: { id: 'effect/schema/isMinLength', payload: { minLength: 1 } }, toJsonSchema: 'Function<toJsonSchema>', toCode: 'Function<toCode>', '~structural': true, arbitrary: { constraint: { minLength: 1 } } }, aborted: false, constructor: 'Function<Filter>', annotate: 'Function<annotate>', abort: 'Function<abort>', and: 'Function<and>', pipe: 'Function<pipe>' } ], encoding: undefined, context: undefined, _tag: 'String', constructor: 'Function<String>', getParser: 'Function<getParser>', matchPart: 'Function<matchPart>', getExpected: 'Function<getExpected>', toString: 'Function<toString>' }, constructor: 'Function<PropertySignature>' } ], indexSignatures: [], encodingChecks: undefined, constructor: 'Function<Objects>', getParser: 'Function<getParser>', _rebuild: 'Function<_rebuild>', flip: 'Function<flip>', recur: 'Function<recur>', getExpected: 'Function<getExpected>', toString: 'Function<toString>' } ], mode: 'anyOf', encodingChecks: undefined, constructor: 'Function<Union>', getParser: 'Function<getParser>', _rebuild: 'Function<_rebuild>', recur: 'Function<recur>', flip: 'Function<flip>', matchPart: 'Function<matchPart>', getExpected: 'Function<getExpected>', toString: 'Function<toString>' }, issues: [ { '~effect/SchemaIssue/Issue': '~effect/SchemaIssue/Issue', _tag: 'Composite', ast: { '~effect/Schema': '~effect/Schema', annotations: undefined, checks: undefined, encoding: undefined, context: undefined, _tag: 'Objects', propertySignatures: [ { name: '_tag', type: { '~effect/Schema': '~effect/Schema', annotations: undefined, checks: undefined, encoding: undefined, context: { isOptional: false, isMutable: false, constructorDefault: { to: { '~effect/Schema': '~effect/Schema', annotations: undefined, checks: undefined, encoding: undefined, context: undefined, _tag: 'Unknown', constructor: 'Function<Unknown>', getParser: 'Function<getParser>', getExpected: 'Function<getExpected>', toString: 'Function<toString>' }, transformation: { '~effect/SchemaTransformation/Transformation': '~effect/SchemaTransformation/Transformation', _tag: 'Transformation', decode: { run: 'Function<anonymous>', constructor: 'Function<Getter>', map: 'Function<map>', compose: 'Function<compose>', pipe: 'Function<pipe>' }, encode: { run: 'Function<anonymous>', constructor: 'Function<Getter>', map: 'Function<map>', compose: 'Function<compose>', pipe: 'Function<pipe>' }, constructor: 'Function<Transformation>', flip: 'Function<flip>', compose: 'Function<compose>' }, constructor: 'Function<Link>' }, annotations: undefined, constructor: 'Function<Context>' }, _tag: 'Literal', literal: 'DalphApplicationExitDiagnostic', constructor: 'Function<Literal>', getParser: 'Function<getParser>', matchPart: 'Function<matchPart>', toCodecJson: 'Function<toCodecJson>', toCodecStringTree: 'Function<toCodecStringTree>', getExpected: 'Function<getExpected>', toString: 'Function<toString>' }, constructor: 'Function<PropertySignature>' }, { name: 'result', type: { '~effect/Schema': '~effect/Schema', annotations: undefined, checks: undefined, encoding: undefined, context: undefined, _tag: 'Union', types: [ { '~effect/Schema': '~effect/Schema', annotations: undefined, checks: undefined, encoding: undefined, context: undefined, _tag: 'Objects', propertySignatures: [ { name: '_tag', type: { '~effect/Schema': '~effect/Schema', annotations: undefined, checks: undefined, encoding: undefined, context: { isOptional: false, isMutable: false, constructorDefault: { to: { '~effect/Schema': '~effect/Schema', annotations: undefined, checks: undefined, encoding: undefined, context: undefined, _tag: 'Unknown', constructor: 'Function<Unknown>', getParser: 'Function<getParser>', getExpected: 'Function<getExpected>', toString: 'Function<toString>' }, transformation: { '~effect/SchemaTransformation/Transformation': '~effect/SchemaTransformation/Transformation', _tag: 'Transformation', decode: { run: 'Function<anonymous>', constructor: 'Function<Getter>', map: 'Function<map>', compose: 'Function<compose>', pipe: 'Function<pipe>' }, encode: { run: 'Function<anonymous>', constructor: 'Function<Getter>', map: 'Function<map>', compose: 'Function<compose>', pipe: 'Function<pipe>' }, constructor: 'Function<Transformation>', flip: 'Function<flip>', compose: 'Function<compose>' }, constructor: 'Function<Link>' }, annotations: undefined, constructor: 'Function<Context>' }, _tag: 'Literal', literal: 'Failed', constructor: 'Function<Literal>', getParser: 'Function<getParser>', matchPart: 'Function<matchPart>', toCodecJson: 'Function<toCodecJson>', toCodecStringTree: 'Function<toCodecStringTree>', getExpected: 'Function<getExpected>', toString: 'Function<toString>' }, constructor: 'Function<PropertySignature>' }, { name: 'diagnostics', type: { '~effect/Schema': '~effect/Schema', annotations: undefined, checks: undefined, encoding: undefined, context: undefined, _tag: 'Arrays', isMutable: false, elements: [ { '~effect/Schema': '~effect/Schema', annotations: undefined, checks: [ { _tag: 'Filter', run: 'Function<anonymous>', annotations: { expected: 'a value with a length of at least 1', representation: { id: 'effect/schema/isMinLength', payload: { minLength: 1 } }, toJsonSchema: 'Function<toJsonSchema>', toCode: 'Function<toCode>', '~structural': true, arbitrary: { constraint: { minLength: 1 } }, brands: [ 'ApplicationExitDiagnostic' ] }, aborted: false, constructor: 'Function<Filter>', annotate: 'Function<annotate>', abort: 'Function<abort>', and: 'Function<and>', pipe: 'Function<pipe>' } ], encoding: undefined, context: undefined, _tag: 'String', constructor: 'Function<String>', getParser: 'Function<getParser>', matchPart: 'Function<matchPart>', getExpected: 'Function<getExpected>', toString: 'Function<toString>' } ], rest: [ { '~effect/Schema': '~effect/Schema', annotations: undefined, checks: [ { _tag: 'Filter', run: 'Function<anonymous>', annotations: { expected: 'a value with a length of at least 1', representation: { id: 'effect/schema/isMinLength', payload: { minLength: 1 } }, toJsonSchema: 'Function<toJsonSchema>', toCode: 'Function<toCode>', '~structural': true, arbitrary: { constraint: { minLength: 1 } }, brands: [ 'ApplicationExitDiagnostic' ] }, aborted: false, constructor: 'Function<Filter>', annotate: 'Function<annotate>', abort: 'Function<abort>', and: 'Function<and>', pipe: 'Function<pipe>' } ], encoding: undefined, context: undefined, _tag: 'String', constructor: 'Function<String>', getParser: 'Function<getParser>', matchPart: 'Function<matchPart>', getExpected: 'Function<getExpected>', toString: 'Function<toString>' } ], encodingChecks: undefined, constructor: 'Function<Arrays>', getParser: 'Function<getParser>', _rebuild: 'Function<_rebuild>', recur: 'Function<recur>', flip: 'Function<flip>', getExpected: 'Function<getExpected>', toString: 'Function<toString>' }, constructor: 'Function<PropertySignature>' }, { name: 'owners', type: { '~effect/Schema': '~effect/Schema', annotations: undefined, checks: undefined, encoding: undefined, context: { isOptional: true, isMutable: false, constructorDefault: undefined, annotations: undefined, constructor: 'Function<Context>' }, _tag: 'Objects', propertySignatures: [ { name: 'cutoffClosed', type: { '~effect/Schema': '~effect/Schema', annotations: undefined, checks: undefined, encoding: undefined, context: undefined, _tag: 'Boolean', constructor: 'Function<Boolean>', getParser: 'Function<getParser>', getExpected: 'Function<getExpected>', toString: 'Function<toString>' }, constructor: 'Function<PropertySignature>' }, { name: 'owners', type: { '~effect/Schema': '~effect/Schema', annotations: undefined, checks: undefined, encoding: undefined, context: undefined, _tag: 'Arrays', isMutable: false, elements: [], rest: [ { '~effect/Schema': '~effect/Schema', annotations: undefined, checks: undefined, encoding: undefined, context: undefined, _tag: 'Objects', propertySignatures: [ { name: 'ownerId', type: { '~effect/Schema': '~effect/Schema', annotations: undefined, checks: [ { _tag: 'Filter', run: 'Function<anonymous>', annotations: { expected: 'an integer', representation: { id: 'effect/schema/isInt', payload: null }, toJsonSchema: 'Function<toJsonSchema>', toCode: 'Function<toCode>', arbitrary: { constraint: { integer: true } } }, aborted: false, constructor: 'Function<Filter>', annotate: 'Function<annotate>', abort: 'Function<abort>', and: 'Function<and>', pipe: 'Function<pipe>' }, { _tag: 'Filter', run: 'Function<anonymous>', annotations: { expected: 'a value greater than or equal to 0', arbitrary: { constraint: { ordered: { order: 'Function<anonymous>', minimum: +0 } } }, representation: { id: 'effect/schema/isGreaterThanOrEqualTo', payload: { minimum: +0 } }, toJsonSchema: 'Function<toJsonSchema>', toCode: 'Function<toCode>', brands: [ 'ApplicationExitOwnerId' ] }, aborted: false, constructor: 'Function<Filter>', annotate: 'Function<annotate>', abort: 'Function<abort>', and: 'Function<and>', pipe: 'Function<pipe>' } ], encoding: undefined, context: undefined, _tag: 'Number', constructor: 'Function<Number>', getParser: 'Function<getParser>', matchKey: 'Function<matchKey>', matchPart: 'Function<matchPart>', _match: 'Function<_match>', toCodecJson: 'Function<toCodecJson>', toCodecStringTree: 'Function<toCodecStringTree>', getExpected: 'Function<getExpected>', toString: 'Function<toString>' }, constructor: 'Function<PropertySignature>' }, { name: 'family', type: { '~effect/Schema': '~effect/Schema', annotations: undefined, checks: undefined, encoding: undefined, context: undefined, _tag: 'Union', types: [ { '~effect/Schema': '~effect/Schema', annotations: undefined, checks: undefined, encoding: undefined, context: undefined, _tag: 'Literal', literal: 'ForwardOwner', constructor: 'Function<Literal>', getParser: 'Function<getParser>', matchPart: 'Function<matchPart>', toCodecJson: 'Function<toCodecJson>', toCodecStringTree: 'Function<toCodecStringTree>', getExpected: 'Function<getExpected>', toString: 'Function<toString>' }, { '~effect/Schema': '~effect/Schema', annotations: undefined, checks: undefined, encoding: undefined, context: undefined, _tag: 'Literal', literal: 'ExecutorDrain', constructor: 'Function<Literal>', getParser: 'Function<getParser>', matchPart: 'Function<matchPart>', toCodecJson: 'Function<toCodecJson>', toCodecStringTree: 'Function<toCodecStringTree>', getExpected: 'Function<getExpected>', toString: 'Function<toString>' }, { '~effect/Schema': '~effect/Schema', annotations: undefined, checks: undefined, encoding: undefined, context: undefined, _tag: 'Literal', literal: 'LocalDrain', constructor: 'Function<Literal>', getParser: 'Function<getParser>', matchPart: 'Function<matchPart>', toCodecJson: 'Function<toCodecJson>', toCodecStringTree: 'Function<toCodecStringTree>', getExpected: 'Function<getExpected>', toString: 'Function<toString>' } ], mode: 'anyOf', encodingChecks: undefined, constructor: 'Function<Union>', getParser: 'Function<getParser>', _rebuild: 'Function<_rebuild>', recur: 'Function<recur>', flip: 'Function<flip>', matchPart: 'Function<matchPart>', getExpected: 'Function<getExpected>', toString: 'Function<toString>' }, constructor: 'Function<PropertySignature>' }, { name: 'name', type: { '~effect/Schema': '~effect/Schema', annotations: undefined, checks: undefined, encoding: undefined, context: undefined, _tag: 'Union', types: [ { '~effect/Schema': '~effect/Schema', annotations: undefined, checks: undefined, encoding: undefined, context: undefined, _tag: 'Literal', literal: 'ForwardProgress', constructor: 'Function<Literal>', getParser: 'Function<getParser>', matchPart: 'Function<matchPart>', toCodecJson: 'Function<toCodecJson>', toCodecStringTree: 'Function<toCodecStringTree>', getExpected: 'Function<getExpected>', toString: 'Function<toString>' }, { '~effect/Schema': '~effect/Schema', annotations: undefined, checks: undefined, encoding: undefined, context: undefined, _tag: 'Literal', literal: 'ExecutorWork', constructor: 'Function<Literal>', getParser: 'Function<getParser>', matchPart: 'Function<matchPart>', toCodecJson: 'Function<toCodecJson>', toCodecStringTree: 'Function<toCodecStringTree>', getExpected: 'Function<getExpected>', toString: 'Function<toString>' }, { '~effect/Schema': '~effect/Schema', annotations: undefined, checks: undefined, encoding: undefined, context: undefined, _tag: 'Literal', literal: 'HostAcquisition', constructor: 'Function<Literal>', getParser: 'Function<getParser>', matchPart: 'Function<matchPart>', toCodecJson: 'Function<toCodecJson>', toCodecStringTree: 'Function<toCodecStringTree>', getExpected: 'Function<getExpected>', toString: 'Function<toString>' }, { '~effect/Schema': '~effect/Schema', annotations: undefined, checks: undefined, encoding: undefined, context: undefined, _tag: 'Literal', literal: 'CodexProvider', constructor: 'Function<Literal>', getParser: 'Function<getParser>', matchPart: 'Function<matchPart>', toCodecJson: 'Function<toCodecJson>', toCodecStringTree: 'Function<toCodecStringTree>', getExpected: 'Function<getExpected>', toString: 'Function<toString>' }, { '~effect/Schema': '~effect/Schema', annotations: undefined, checks: undefined, encoding: undefined, context: undefined, _tag: 'Literal', literal: 'RunRuntime', constructor: 'Function<Literal>', getParser: 'Function<getParser>', matchPart: 'Function<matchPart>', toCodecJson: 'Function<toCodecJson>', toCodecStringTree: 'Function<toCodecStringTree>', getExpected: 'Function<getExpected>', toString: 'Function<toString>' }, { '~effect/Schema': '~effect/Schema', annotations: undefined, checks: undefined, encoding: undefined, context: undefined, _tag: 'Literal', literal: 'ArchiveMaintenance', constructor: 'Function<Literal>', getParser: 'Function<getParser>', matchPart: 'Function<matchPart>', toCodecJson: 'Function<toCodecJson>', toCodecStringTree: 'Function<toCodecStringTree>', getExpected: 'Function<getExpected>', toString: 'Function<toString>' }, { '~effect/Schema': '~effect/Schema', annotations: undefined, checks: undefined, encoding: undefined, context: undefined, _tag: 'Literal', literal: 'Inspection', constructor: 'Function<Literal>', getParser: 'Function<getParser>', matchPart: 'Function<matchPart>', toCodecJson: 'Function<toCodecJson>', toCodecStringTree: 'Function<toCodecStringTree>', getExpected: 'Function<getExpected>', toString: 'Function<toString>' }, { '~effect/Schema': '~effect/Schema', annotations: undefined, checks: undefined, encoding: undefined, context: undefined, _tag: 'Literal', literal: 'HostWatch', constructor: 'Function<Literal>', getParser: 'Function<getParser>', matchPart: 'Function<matchPart>', toCodecJson: 'Function<toCodecJson>', toCodecStringTree: 'Function<toCodecStringTree>', getExpected: 'Function<getExpected>', toString: 'Function<toString>' }, { '~effect/Schema': '~effect/Schema', annotations: undefined, checks: undefined, encoding: undefined, context: undefined, _tag: 'Literal', literal: 'LocalResources', constructor: 'Function<Literal>', getParser: 'Function<getParser>', matchPart: 'Function<matchPart>', toCodecJson: 'Function<toCodecJson>', toCodecStringTree: 'Function<toCodecStringTree>', getExpected: 'Function<getExpected>', toString: 'Function<toString>' } ], mode: 'anyOf', encodingChecks: undefined, constructor: 'Function<Union>', getParser: 'Function<getParser>', _rebuild: 'Function<_rebuild>', recur: 'Function<recur>', flip: 'Function<flip>', matchPart: 'Function<matchPart>', getExpected: 'Function<getExpected>', toString: 'Function<toString>' }, constructor: 'Function<PropertySignature>' }, { name: 'kind', type: { '~effect/Schema': '~effect/Schema', annotations: undefined, checks: undefined, encoding: undefined, context: undefined, _tag: 'Union', types: [ { '~effect/Schema': '~effect/Schema', annotations: undefined, checks: undefined, encoding: undefined, context: undefined, _tag: 'Literal', literal: 'AtomicBoundary', constructor: 'Function<Literal>', getParser: 'Function<getParser>', matchPart: 'Function<matchPart>', toCodecJson: 'Function<toCodecJson>', toCodecStringTree: 'Function<toCodecStringTree>', getExpected: 'Function<getExpected>', toString: 'Function<toString>' }, { '~effect/Schema': '~effect/Schema', annotations: undefined, checks: undefined, encoding: undefined, context: undefined, _tag: 'Literal', literal: 'AuthorizedRunTerminationAppend', constructor: 'Function<Literal>', getParser: 'Function<getParser>', matchPart: 'Function<matchPart>', toCodecJson: 'Function<toCodecJson>', toCodecStringTree: 'Function<toCodecStringTree>', getExpected: 'Function<getExpected>', toString: 'Function<toString>' }, { '~effect/Schema': '~effect/Schema', annotations: undefined, checks: undefined, encoding: undefined, context: undefined, _tag: 'Literal', literal: 'InterruptibleBoundary', constructor: 'Function<Literal>', getParser: 'Function<getParser>', matchPart: 'Function<matchPart>', toCodecJson: 'Function<toCodecJson>', toCodecStringTree: 'Function<toCodecStringTree>', getExpected: 'Function<getExpected>', toString: 'Function<toString>' }, { '~effect/Schema': '~effect/Schema', annotations: undefined, checks: undefined, encoding: undefined, context: undefined, _tag: 'Literal', literal: 'RunActivation', constructor: 'Function<Literal>', getParser: 'Function<getParser>', matchPart: 'Function<matchPart>', toCodecJson: 'Function<toCodecJson>', toCodecStringTree: 'Function<toCodecStringTree>', getExpected: 'Function<getExpected>', toString: 'Function<toString>' }, { '~effect/Schema': '~effect/Schema', annotations: undefined, checks: undefined, encoding: undefined, context: undefined, _tag: 'Literal', literal: 'ExecutorDrain', constructor: 'Function<Literal>', getParser: 'Function<getParser>', matchPart: 'Function<matchPart>', toCodecJson: 'Function<toCodecJson>', toCodecStringTree: 'Function<toCodecStringTree>', getExpected: 'Function<getExpected>', toString: 'Function<toString>' }, { '~effect/Schema': '~effect/Schema', annotations: undefined, checks: undefined, encoding: undefined, context: undefined, _tag: 'Literal', literal: 'LocalDrain', constructor: 'Function<Literal>', getParser: 'Function<getParser>', matchPart: 'Function<matchPart>', toCodecJson: 'Function<toCodecJson>', toCodecStringTree: 'Function<toCodecStringTree>', getExpected: 'Function<getExpected>', toString: 'Function<toString>' } ], mode: 'anyOf', encodingChecks: undefined, constructor: 'Function<Union>', getParser: 'Function<getParser>', _rebuild: 'Function<_rebuild>', recur: 'Function<recur>', flip: 'Function<flip>', matchPart: 'Function<matchPart>', getExpected: 'Function<getExpected>', toString: 'Function<toString>' }, constructor: 'Function<PropertySignature>' }, { name: 'subject', type: { '~effect/Schema': '~effect/Schema', annotations: undefined, checks: undefined, encoding: undefined, context: undefined, _tag: 'Union', types: [ { '~effect/Schema': '~effect/Schema', annotations: undefined, checks: undefined, encoding: undefined, context: undefined, _tag: 'Objects', propertySignatures: [ { name: '_tag', type: { '~effect/Schema': '~effect/Schema', annotations: undefined, checks: undefined, encoding: undefined, context: { isOptional: false, isMutable: false, constructorDefault: { to: { '~effect/Schema': '~effect/Schema', annotations: undefined, checks: undefined, encoding: undefined, context: undefined, _tag: 'Unknown', constructor: 'Function<Unknown>', getParser: 'Function<getParser>', getExpected: 'Function<getExpected>', toString: 'Function<toString>' }, transformation: { '~effect/SchemaTransformation/Transformation': '~effect/SchemaTransformation/Transformation', _tag: 'Transformation', decode: { run: 'Function<anonymous>', constructor: 'Function<Getter>', map: 'Function<map>', compose: 'Function<compose>', pipe: 'Function<pipe>' }, encode: { run: 'Function<anonymous>', constructor: 'Function<Getter>', map: 'Function<map>', compose: 'Function<compose>', pipe: 'Function<pipe>' }, constructor: 'Function<Transformation>', flip: 'Function<flip>', compose: 'Function<compose>' }, constructor: 'Function<Link>' }, annotations: undefined, constructor: 'Function<Context>' }, _tag: 'Literal', literal: 'NoRun', constructor: 'Function<Literal>', getParser: 'Function<getParser>', matchPart: 'Function<matchPart>', toCodecJson: 'Function<toCodecJson>', toCodecStringTree: 'Function<toCodecStringTree>', getExpected: 'Function<getExpected>', toString: 'Function<toString>' }, constructor: 'Function<PropertySignature>' } ], indexSignatures: [], encodingChecks: undefined, constructor: 'Function<Objects>', getParser: 'Function<getParser>', _rebuild: 'Function<_rebuild>', flip: 'Function<flip>', recur: 'Function<recur>', getExpected: 'Function<getExpected>', toString: 'Function<toString>' }, { '~effect/Schema': '~effect/Schema', annotations: undefined, checks: undefined, encoding: undefined, context: undefined, _tag: 'Objects', propertySignatures: [ { name: '_tag', type: { '~effect/Schema': '~effect/Schema', annotations: undefined, checks: undefined, encoding: undefined, context: { isOptional: false, isMutable: false, constructorDefault: { to: { '~effect/Schema': '~effect/Schema', annotations: undefined, checks: undefined, encoding: undefined, context: undefined, _tag: 'Unknown', constructor: 'Function<Unknown>', getParser: 'Function<getParser>', getExpected: 'Function<getExpected>', toString: 'Function<toString>' }, transformation: { '~effect/SchemaTransformation/Transformation': '~effect/SchemaTransformation/Transformation', _tag: 'Transformation', decode: { run: 'Function<anonymous>', constructor: 'Function<Getter>', map: 'Function<map>', compose: 'Function<compose>', pipe: 'Function<pipe>' }, encode: { run: 'Function<anonymous>', constructor: 'Function<Getter>', map: 'Function<map>', compose: 'Function<compose>', pipe: 'Function<pipe>' }, constructor: 'Function<Transformation>', flip: 'Function<flip>', compose: 'Function<compose>' }, constructor: 'Function<Link>' }, annotations: undefined, constructor: 'Function<Context>' }, _tag: 'Literal', literal: 'Run', constructor: 'Function<Literal>', getParser: 'Function<getParser>', matchPart: 'Function<matchPart>', toCodecJson: 'Function<toCodecJson>', toCodecStringTree: 'Function<toCodecStringTree>', getExpected: 'Function<getExpected>', toString: 'Function<toString>' }, constructor: 'Function<PropertySignature>' }, { name: 'runId', type: { '~effect/Schema': '~effect/Schema', annotations: undefined, checks: [ { _tag: 'Filter', run: 'Function<anonymous>', annotations: { expected: 'a value with a length of at least 1', representation: { id: 'effect/schema/isMinLength', payload: { minLength: 1 } }, toJsonSchema: 'Function<toJsonSchema>', toCode: 'Function<toCode>', '~structural': true, arbitrary: { constraint: { minLength: 1 } }, brands: [ 'RunId' ] }, aborted: false, constructor: 'Function<Filter>', annotate: 'Function<annotate>', abort: 'Function<abort>', and: 'Function<and>', pipe: 'Function<pipe>' } ], encoding: undefined, context: undefined, _tag: 'String', constructor: 'Function<String>', getParser: 'Function<getParser>', matchPart: 'Function<matchPart>', getExpected: 'Function<getExpected>', toString: 'Function<toString>' }, constructor: 'Function<PropertySignature>' } ], indexSignatures: [], encodingChecks: undefined, constructor: 'Function<Objects>', getParser: 'Function<getParser>', _rebuild: 'Function<_rebuild>', flip: 'Function<flip>', recur: 'Function<recur>', getExpected: 'Function<getExpected>', toString: 'Function<toString>' }, { '~effect/Schema': '~effect/Schema', annotations: undefined, checks: undefined, encoding: undefined, context: undefined, _tag: 'Objects', propertySignatures: [ { name: '_tag', type: { '~effect/Schema': '~effect/Schema', annotations: undefined, checks: undefined, encoding: undefined, context: { isOptional: false, isMutable: false, constructorDefault: { to: { '~effect/Schema': '~effect/Schema', annotations: undefined, checks: undefined, encoding: undefined, context: undefined, _tag: 'Unknown', constructor: 'Function<Unknown>', getParser: 'Function<getParser>', getExpected: 'Function<getExpected>', toString: 'Function<toString>' }, transformation: { '~effect/SchemaTransformation/Transformation': '~effect/SchemaTransformation/Transformation', _tag: 'Transformation', decode: { run: 'Function<anonymous>', constructor: 'Function<Getter>', map: 'Function<map>', compose: 'Function<compose>', pipe: 'Function<pipe>' }, encode: { run: 'Function<anonymous>', constructor: 'Function<Getter>', map: 'Function<map>', compose: 'Function<compose>', pipe: 'Function<pipe>' }, constructor: 'Function<Transformation>', flip: 'Function<flip>', compose: 'Function<compose>' }, constructor: 'Function<Link>' }, annotations: undefined, constructor: 'Function<Context>' }, _tag: 'Literal', literal: 'Task', constructor: 'Function<Literal>', getParser: 'Function<getParser>', matchPart: 'Function<matchPart>', toCodecJson: 'Function<toCodecJson>', toCodecStringTree: 'Function<toCodecStringTree>', getExpected: 'Function<getExpected>', toString: 'Function<toString>' }, constructor: 'Function<PropertySignature>' }, { name: 'runId', type: { '~effect/Schema': '~effect/Schema', annotations: undefined, checks: [ { _tag: 'Filter', run: 'Function<anonymous>', annotations: { expected: 'a value with a length of at least 1', representation: { id: 'effect/schema/isMinLength', payload: { minLength: 1 } }, toJsonSchema: 'Function<toJsonSchema>', toCode: 'Function<toCode>', '~structural': true, arbitrary: { constraint: { minLength: 1 } }, brands: [ 'RunId' ] }, aborted: false, constructor: 'Function<Filter>', annotate: 'Function<annotate>', abort: 'Function<abort>', and: 'Function<and>', pipe: 'Function<pipe>' } ], encoding: undefined, context: undefined, _tag: 'String', constructor: 'Function<String>', getParser: 'Function<getParser>', matchPart: 'Function<matchPart>', getExpected: 'Function<getExpected>', toString: 'Function<toString>' }, constructor: 'Function<PropertySignature>' }, { name: 'taskId', type: { '~effect/Schema': '~effect/Schema', annotations: undefined, checks: [ { _tag: 'Filter', run: 'Function<anonymous>', annotations: { expected: 'a value with a length of at least 1', representation: { id: 'effect/schema/isMinLength', payload: { minLength: 1 } }, toJsonSchema: 'Function<toJsonSchema>', toCode: 'Function<toCode>', '~structural': true, arbitrary: { constraint: { minLength: 1 } }, brands: [ 'TaskId' ] }, aborted: false, constructor: 'Function<Filter>', annotate: 'Function<annotate>', abort: 'Function<abort>', and: 'Function<and>', pipe: 'Function<pipe>' } ], encoding: undefined, context: undefined, _tag: 'String', constructor: 'Function<String>', getParser: 'Function<getParser>', matchPart: 'Function<matchPart>', getExpected: 'Function<getExpected>', toString: 'Function<toString>' }, constructor: 'Function<PropertySignature>' } ], indexSignatures: [], encodingChecks: undefined, constructor: 'Function<Objects>', getParser: 'Function<getParser>', _rebuild: 'Function<_rebuild>', flip: 'Function<flip>', recur: 'Function<recur>', getExpected: 'Function<getExpected>', toString: 'Function<toString>' }, { '~effect/Schema': '~effect/Schema', annotations: undefined, checks: undefined, encoding: undefined, context: undefined, _tag: 'Objects', propertySignatures: [ { name: '_tag', type: { '~effect/Schema': '~effect/Schema', annotations: undefined, checks: undefined, encoding: undefined, context: { isOptional: false, isMutable: false, constructorDefault: { to: { '~effect/Schema': '~effect/Schema', annotations: undefined, checks: undefined, encoding: undefined, context: undefined, _tag: 'Unknown', constructor: 'Function<Unknown>', getParser: 'Function<getParser>', getExpected: 'Function<getExpected>', toString: 'Function<toString>' }, transformation: { '~effect/SchemaTransformation/Transformation': '~effect/SchemaTransformation/Transformation', _tag: 'Transformation', decode: { run: 'Function<anonymous>', constructor: 'Function<Getter>', map: 'Function<map>', compose: 'Function<compose>', pipe: 'Function<pipe>' }, encode: { run: 'Function<anonymous>', constructor: 'Function<Getter>', map: 'Function<map>', compose: 'Function<compose>', pipe: 'Function<pipe>' }, constructor: 'Function<Transformation>', flip: 'Function<flip>', compose: 'Function<compose>' }, constructor: 'Function<Link>' }, annotations: undefined, constructor: 'Function<Context>' }, _tag: 'Literal', literal: 'ExecutorAttempt', constructor: 'Function<Literal>', getParser: 'Function<getParser>', matchPart: 'Function<matchPart>', toCodecJson: 'Function<toCodecJson>', toCodecStringTree: 'Function<toCodecStringTree>', getExpected: 'Function<getExpected>', toString: 'Function<toString>' }, constructor: 'Function<PropertySignature>' }, { name: 'correlation', type: { '~effect/Schema': '~effect/Schema', annotations: undefined, checks: undefined, encoding: undefined, context: undefined, _tag: 'Objects', propertySignatures: [ { name: 'attemptId', type: { '~effect/Schema': '~effect/Schema', annotations: undefined, checks: [ { _tag: 'Filter', run: 'Function<anonymous>', annotations: { expected: 'a value with a length of at least 1', representation: { id: 'effect/schema/isMinLength', payload: { minLength: 1 } }, toJsonSchema: 'Function<toJsonSchema>', toCode: 'Function<toCode>', '~structural': true, arbitrary: { constraint: { minLength: 1 } }, brands: [ 'AttemptId' ] }, aborted: false, constructor: 'Function<Filter>', annotate: 'Function<annotate>', abort: 'Function<abort>', and: 'Function<and>', pipe: 'Function<pipe>' } ], encoding: undefined, context: undefined, _tag: 'String', constructor: 'Function<String>', getParser: 'Function<getParser>', matchPart: 'Function<matchPart>', getExpected: 'Function<getExpected>', toString: 'Function<toString>' }, constructor: 'Function<PropertySignature>' }, { name: 'runId', type: { '~effect/Schema': '~effect/Schema', annotations: undefined, checks: [ { _tag: 'Filter', run: 'Function<anonymous>', annotations: { expected: 'a value with a length of at least 1', representation: { id: 'effect/schema/isMinLength', payload: { minLength: 1 } }, toJsonSchema: 'Function<toJsonSchema>', toCode: 'Function<toCode>', '~structural': true, arbitrary: { constraint: { minLength: 1 } }, brands: [ 'RunId' ] }, aborted: false, constructor: 'Function<Filter>', annotate: 'Function<annotate>', abort: 'Function<abort>', and: 'Function<and>', pipe: 'Function<pipe>' } ], encoding: undefined, context: undefined, _tag: 'String', constructor: 'Function<String>', getParser: 'Function<getParser>', matchPart: 'Function<matchPart>', getExpected: 'Function<getExpected>', toString: 'Function<toString>' }, constructor: 'Function<PropertySignature>' } ], indexSignatures: [], encodingChecks: undefined, constructor: 'Function<Objects>', getParser: 'Function<getParser>', _rebuild: 'Function<_rebuild>', flip: 'Function<flip>', recur: 'Function<recur>', getExpected: 'Function<getExpected>', toString: 'Function<toString>' }, constructor: 'Function<PropertySignature>' } ], indexSignatures: [], encodingChecks: undefined, constructor: 'Function<Objects>', getParser: 'Function<getParser>', _rebuild: 'Function<_rebuild>', flip: 'Function<flip>', recur: 'Function<recur>', getExpected: 'Function<getExpected>', toString: 'Function<toString>' } ], mode: 'anyOf', encodingChecks: undefined, constructor: 'Function<Union>', getParser: 'Function<getParser>', _rebuild: 'Function<_rebuild>', recur: 'Function<recur>', flip: 'Function<flip>', matchPart: 'Function<matchPart>', getExpected: 'Function<getExpected>', toString: 'Function<toString>' }, constructor: 'Function<PropertySignature>' }, { name: 'evidence', type: { '~effect/Schema': '~effect/Schema', annotations: undefined, checks: undefined, encoding: undefined, context: undefined, _tag: 'Union', types: [ { '~effect/Schema': '~effect/Schema', annotations: undefined, checks: undefined, encoding: undefined, context: undefined, _tag: 'Literal', literal: 'Preparing', constructor: 'Function<Literal>', getParser: 'Function<getParser>', matchPart: 'Function<matchPart>', toCodecJson: 'Function<toCodecJson>', toCodecStringTree: 'Function<toCodecStringTree>', getExpected: 'Function<getExpected>', toString: 'Function<toString>' }, { '~effect/Schema': '~effect/Schema', annotations: undefined, checks: undefined, encoding: undefined, context: undefined, _tag: 'Literal', literal: 'Registered', constructor: 'Function<Literal>', getParser: 'Function<getParser>', matchPart: 'Function<matchPart>', toCodecJson: 'Function<toCodecJson>', toCodecStringTree: 'Function<toCodecStringTree>', getExpected: 'Function<getExpected>', toString: 'Function<toString>' }, { '~effect/Schema': '~effect/Schema', annotations: undefined, checks: undefined, encoding: undefined, context: undefined, _tag: 'Literal', literal: 'AwaitingBoundaryResult', constructor: 'Function<Literal>', getParser: 'Function<getParser>', matchPart: 'Function<matchPart>', toCodecJson: 'Function<toCodecJson>', toCodecStringTree: 'Function<toCodecStringTree>', getExpected: 'Function<getExpected>', toString: 'Function<toString>' }, { '~effect/Schema': '~effect/Schema', annotations: undefined, checks: undefined, encoding: undefined, context: undefined, _tag: 'Literal', literal: 'BoundaryResultProduced', constructor: 'Function<Literal>', getParser: 'Function<getParser>', matchPart: 'Function<matchPart>', toCodecJson: 'Function<toCodecJson>', toCodecStringTree: 'Function<toCodecStringTree>', getExpected: 'Function<getExpected>', toString: 'Function<toString>' }, { '~effect/Schema': '~effect/Schema', annotations: undefined, checks: undefined, encoding: undefined, context: undefined, _tag: 'Literal', literal: 'BoundaryResultRecorded', constructor: 'Function<Literal>', getParser: 'Function<getParser>', matchPart: 'Function<matchPart>', toCodecJson: 'Function<toCodecJson>', toCodecStringTree: 'Function<toCodecStringTree>', getExpected: 'Function<getExpected>', toString: 'Function<toString>' }, { '~effect/Schema': '~effect/Schema', annotations: undefined, checks: undefined, encoding: undefined, context: undefined, _tag: 'Literal', literal: 'RecoverableAmbiguity', constructor: 'Function<Literal>', getParser: 'Function<getParser>', matchPart: 'Function<matchPart>', toCodecJson: 'Function<toCodecJson>', toCodecStringTree: 'Function<toCodecStringTree>', getExpected: 'Function<getExpected>', toString: 'Function<toString>' }, { '~effect/Schema': '~effect/Schema', annotations: undefined, checks: undefined, encoding: undefined, context: undefined, _tag: 'Literal', literal: 'DrainRegistered', constructor: 'Function<Literal>', getParser: 'Function<getParser>', matchPart: 'Function<matchPart>', toCodecJson: 'Function<toCodecJson>', toCodecStringTree: 'Function<toCodecStringTree>', getExpected: 'Function<getExpected>', toString: 'Function<toString>' }, { '~effect/Schema': '~effect/Schema', annotations: undefined, checks: undefined, encoding: undefined, context: undefined, _tag: 'Literal', literal: 'DrainPending', constructor: 'Function<Literal>', getParser: 'Function<getParser>', matchPart: 'Function<matchPart>', toCodecJson: 'Function<toCodecJson>', toCodecStringTree: 'Function<toCodecStringTree>', getExpected: 'Function<getExpected>', toString: 'Function<toString>' }, { '~effect/Schema': '~effect/Schema', annotations: undefined, checks: undefined, encoding: undefined, context: undefined, _tag: 'Literal', literal: 'DrainSucceeded', constructor: 'Function<Literal>', getParser: 'Function<getParser>', matchPart: 'Function<matchPart>', toCodecJson: 'Function<toCodecJson>', toCodecStringTree: 'Function<toCodecStringTree>', getExpected: 'Function<getExpected>', toString: 'Function<toString>' }, { '~effect/Schema': '~effect/Schema', annotations: undefined, checks: undefined, encoding: undefined, context: undefined, _tag: 'Literal', literal: 'DrainFailed', constructor: 'Function<Literal>', getParser: 'Function<getParser>', matchPart: 'Function<matchPart>', toCodecJson: 'Function<toCodecJson>', toCodecStringTree: 'Function<toCodecStringTree>', getExpected: 'Function<getExpected>', toString: 'Function<toString>' } ], mode: 'anyOf', encodingChecks: undefined, constructor: 'Function<Union>', getParser: 'Function<getParser>', _rebuild: 'Function<_rebuild>', recur: 'Function<recur>', flip: 'Function<flip>', matchPart: 'Function<matchPart>', getExpected: 'Function<getExpected>', toString: 'Function<toString>' }, constructor: 'Function<PropertySignature>' }, { name: 'boundary', type: { '~effect/Schema': '~effect/Schema', annotations: undefined, checks: undefined, encoding: undefined, context: undefined, _tag: 'Union', types: [ { '~effect/Schema': '~effect/Schema', annotations: undefined, checks: undefined, encoding: undefined, context: undefined, _tag: 'Objects', propertySignatures: [ { name: 'family', type: { '~effect/Schema': '~effect/Schema', annotations: undefined, checks: undefined, encoding: undefined, context: undefined, _tag: 'Union', types: [ { '~effect/Schema': '~effect/Schema', annotations: undefined, checks: undefined, encoding: undefined, context: undefined, _tag: 'Literal', literal: 'Git', constructor: 'Function<Literal>', getParser: 'Function<getParser>', matchPart: 'Function<matchPart>', toCodecJson: 'Function<toCodecJson>', toCodecStringTree: 'Function<toCodecStringTree>', getExpected: 'Function<getExpected>', toString: 'Function<toString>' }, { '~effect/Schema': '~effect/Schema', annotations: undefined, checks: undefined, encoding: undefined, context: undefined, _tag: 'Literal', literal: 'TaskTracker', constructor: 'Function<Literal>', getParser: 'Function<getParser>', matchPart: 'Function<matchPart>', toCodecJson: 'Function<toCodecJson>', toCodecStringTree: 'Function<toCodecStringTree>', getExpected: 'Function<getExpected>', toString: 'Function<toString>' } ], mode: 'anyOf', encodingChecks: undefined, constructor: 'Function<Union>', getParser: 'Function<getParser>', _rebuild: 'Function<_rebuild>', recur: 'Function<recur>', flip: 'Function<flip>', matchPart: 'Function<matchPart>', getExpected: 'Function<getExpected>', toString: 'Function<toString>' }, constructor: 'Function<PropertySignature>' }, { name: 'operationIds', type: { '~effect/Schema': '~effect/Schema', annotations: undefined, checks: undefined, encoding: undefined, context: undefined, _tag: 'Arrays', isMutable: false, elements: [], rest: [ { '~effect/Schema': '~effect/Schema', annotations: undefined, checks: [ { _tag: 'Filter', run: 'Function<anonymous>', annotations: { expected: 'a value with a length of at least 1', representation: { id: 'effect/schema/isMinLength', payload: { minLength: 1 } }, toJsonSchema: 'Function<toJsonSchema>', toCode: 'Function<toCode>', '~structural': true, arbitrary: { constraint: { minLength: 1 } }, brands: [ 'OperationId' ] }, aborted: false, constructor: 'Function<Filter>', annotate: 'Function<annotate>', abort: 'Function<abort>', and: 'Function<and>', pipe: 'Function<pipe>' } ], encoding: undefined, context: undefined, _tag: 'String', constructor: 'Function<String>', getParser: 'Function<getParser>', matchPart: 'Function<matchPart>', getExpected: 'Function<getExpected>', toString: 'Function<toString>' } ], encodingChecks: undefined, constructor: 'Function<Arrays>', getParser: 'Function<getParser>', _rebuild: 'Function<_rebuild>', recur: 'Function<recur>', flip: 'Function<flip>', getExpected: 'Function<getExpected>', toString: 'Function<toString>' }, constructor: 'Function<PropertySignature>' }, { name: 'baseline', type: { '~effect/Schema': '~effect/Schema', annotations: undefined, checks: undefined, encoding: undefined, context: undefined, _tag: 'Union', types: [ { '~effect/Schema': '~effect/Schema', annotations: undefined, checks: undefined, encoding: undefined, context: undefined, _tag: 'Objects', propertySignatures: [ { name: 'runId', type: { '~effect/Schema': '~effect/Schema', annotations: undefined, checks: [ { _tag: 'Filter', run: 'Function<anonymous>', annotations: { expected: 'a value with a length of at least 1', representation: { id: 'effect/schema/isMinLength', payload: { minLength: 1 } }, toJsonSchema: 'Function<toJsonSchema>', toCode: 'Function<toCode>', '~structural': true, arbitrary: { constraint: { minLength: 1 } }, brands: [ 'RunId' ] }, aborted: false, constructor: 'Function<Filter>', annotate: 'Function<annotate>', abort: 'Function<abort>', and: 'Function<and>', pipe: 'Function<pipe>' } ], encoding: undefined, context: undefined, _tag: 'String', constructor: 'Function<String>', getParser: 'Function<getParser>', matchPart: 'Function<matchPart>', getExpected: 'Function<getExpected>', toString: 'Function<toString>' }, constructor: 'Function<PropertySignature>' }, { name: 'attemptId', type: { '~effect/Schema': '~effect/Schema', annotations: undefined, checks: [ { _tag: 'Filter', run: 'Function<anonymous>', annotations: { expected: 'a value with a length of at least 1', representation: { id: 'effect/schema/isMinLength', payload: { minLength: 1 } }, toJsonSchema: 'Function<toJsonSchema>', toCode: 'Function<toCode>', '~structural': true, arbitrary: { constraint: { minLength: 1 } }, brands: [ 'AttemptId' ] }, aborted: false, constructor: 'Function<Filter>', annotate: 'Function<annotate>', abort: 'Function<abort>', and: 'Function<and>', pipe: 'Function<pipe>' } ], encoding: undefined, context: undefined, _tag: 'String', constructor: 'Function<String>', getParser: 'Function<getParser>', matchPart: 'Function<matchPart>', getExpected: 'Function<getExpected>', toString: 'Function<toString>' }, constructor: 'Function<PropertySignature>' }, { name: 'round', type: { '~effect/Schema': '~effect/Schema', annotations: undefined, checks: undefined, encoding: undefined, context: undefined, _tag: 'Union', types: [ { '~effect/Schema': '~effect/Schema', annotations: undefined, checks: [ { _tag: 'Filter', run: 'Function<anonymous>', annotations: { expected: 'an integer', representation: { id: 'effect/schema/isInt', payload: null }, toJsonSchema: 'Function<toJsonSchema>', toCode: 'Function<toCode>', arbitrary: { constraint: { integer: true } } }, aborted: false, constructor: 'Function<Filter>', annotate: 'Function<annotate>', abort: 'Function<abort>', and: 'Function<and>', pipe: 'Function<pipe>' }, { _tag: 'Filter', run: 'Function<anonymous>', annotations: { expected: 'a value greater than or equal to 1', arbitrary: { constraint: { ordered: { order: 'Function<anonymous>', minimum: 1 } } }, representation: { id: 'effect/schema/isGreaterThanOrEqualTo', payload: { minimum: 1 } }, toJsonSchema: 'Function<toJsonSchema>', toCode: 'Function<toCode>' }, aborted: false, constructor: 'Function<Filter>', annotate: 'Function<annotate>', abort: 'Function<abort>', and: 'Function<and>', pipe: 'Function<pipe>' } ], encoding: undefined, context: undefined, _tag: 'Number', constructor: 'Function<Number>', getParser: 'Function<getParser>', matchKey: 'Function<matchKey>', matchPart: 'Function<matchPart>', _match: 'Function<_match>', toCodecJson: 'Function<toCodecJson>', toCodecStringTree: 'Function<toCodecStringTree>', getExpected: 'Function<getExpected>', toString: 'Function<toString>' }, { '~effect/Schema': '~effect/Schema', annotations: undefined, checks: undefined, encoding: undefined, context: undefined, _tag: 'Null', constructor: 'Function<Null>', getParser: 'Function<getParser>', getExpected: 'Function<getExpected>', toString: 'Function<toString>' } ], mode: 'anyOf', encodingChecks: undefined, constructor: 'Function<Union>', getParser: 'Function<getParser>', _rebuild: 'Function<_rebuild>', recur: 'Function<recur>', flip: 'Function<flip>', matchPart: 'Function<matchPart>', getExpected: 'Function<getExpected>', toString: 'Function<toString>' }, constructor: 'Function<PropertySignature>' } ], indexSignatures: [], encodingChecks: undefined, constructor: 'Function<Objects>', getParser: 'Function<getParser>', _rebuild: 'Function<_rebuild>', flip: 'Function<flip>', recur: 'Function<recur>', getExpected: 'Function<getExpected>', toString: 'Function<toString>' }, { '~effect/Schema': '~effect/Schema', annotations: undefined, checks: undefined, encoding: undefined, context: undefined, _tag: 'Null', constructor: 'Function<Null>', getParser: 'Function<getParser>', getExpected: 'Function<getExpected>', toString: 'Function<toString>' } ], mode: 'anyOf', encodingChecks: undefined, constructor: 'Function<Union>', getParser: 'Function<getParser>', _rebuild: 'Function<_rebuild>', recur: 'Function<recur>', flip: 'Function<flip>', matchPart: 'Function<matchPart>', getExpected: 'Function<getExpected>', toString: 'Function<toString>' }, constructor: 'Function<PropertySignature>' } ], indexSignatures: [], encodingChecks: undefined, constructor: 'Function<Objects>', getParser: 'Function<getParser>', _rebuild: 'Function<_rebuild>', flip: 'Function<flip>', recur: 'Function<recur>', getExpected: 'Function<getExpected>', toString: 'Function<toString>' }, { '~effect/Schema': '~effect/Schema', annotations: undefined, checks: undefined, encoding: undefined, context: undefined, _tag: 'Null', constructor: 'Function<Null>', getParser: 'Function<getParser>', getExpected: 'Function<getExpected>', toString: 'Function<toString>' } ], mode: 'anyOf', encodingChecks: undefined, constructor: 'Function<Union>', getParser: 'Function<getParser>', _rebuild: 'Function<_rebuild>', recur: 'Function<recur>', flip: 'Function<flip>', matchPart: 'Function<matchPart>', getExpected: 'Function<getExpected>', toString: 'Function<toString>' }, constructor: 'Function<PropertySignature>' }, { name: 'missingEvidence', type: { '~effect/Schema': '~effect/Schema', annotations: undefined, checks: undefined, encoding: undefined, context: undefined, _tag: 'Union', types: [ { '~effect/Schema': '~effect/Schema', annotations: undefined, checks: undefined, encoding: undefined, context: undefined, _tag: 'Literal', literal: 'OwnerRelease', constructor: 'Function<Literal>', getParser: 'Function<getParser>', matchPart: 'Function<matchPart>', toCodecJson: 'Function<toCodecJson>', toCodecStringTree: 'Function<toCodecStringTree>', getExpected: 'Function<getExpected>', toString: 'Function<toString>' }, { '~effect/Schema': '~effect/Schema', annotations: undefined, checks: undefined, encoding: undefined, context: undefined, _tag: 'Literal', literal: 'BoundaryObservation', constructor: 'Function<Literal>', getParser: 'Function<getParser>', matchPart: 'Function<matchPart>', toCodecJson: 'Function<toCodecJson>', toCodecStringTree: 'Function<toCodecStringTree>', getExpected: 'Function<getExpected>', toString: 'Function<toString>' }, { '~effect/Schema': '~effect/Schema', annotations: undefined, checks: undefined, encoding: undefined, context: undefined, _tag: 'Literal', literal: 'JournalAcknowledgement', constructor: 'Function<Literal>', getParser: 'Function<getParser>', matchPart: 'Function<matchPart>', toCodecJson: 'Function<toCodecJson>', toCodecStringTree: 'Function<toCodecStringTree>', getExpected: 'Function<getExpected>', toString: 'Function<toString>' }, { '~effect/Schema': '~effect/Schema', annotations: undefined, checks: undefined, encoding: undefined, context: undefined, _tag: 'Literal', literal: 'CorrelatedExecutorSettlement', constructor: 'Function<Literal>', getParser: 'Function<getParser>', matchPart: 'Function<matchPart>', toCodecJson: 'Function<toCodecJson>', toCodecStringTree: 'Function<toCodecStringTree>', getExpected: 'Function<getExpected>', toString: 'Function<toString>' }, { '~effect/Schema': '~effect/Schema', annotations: undefined, checks: undefined, encoding: undefined, context: undefined, _tag: 'Literal', literal: 'LocalCloseAcknowledgement', constructor: 'Function<Literal>', getParser: 'Function<getParser>', matchPart: 'Function<matchPart>', toCodecJson: 'Function<toCodecJson>', toCodecStringTree: 'Function<toCodecStringTree>', getExpected: 'Function<getExpected>', toString: 'Function<toString>' }, { '~effect/Schema': '~effect/Schema', annotations: undefined, checks: undefined, encoding: undefined, context: undefined, _tag: 'Literal', literal: 'None', constructor: 'Function<Literal>', getParser: 'Function<getParser>', matchPart: 'Function<matchPart>', toCodecJson: 'Function<toCodecJson>', toCodecStringTree: 'Function<toCodecStringTree>', getExpected: 'Function<getExpected>', toString: 'Function<toString>' } ], mode: 'anyOf', encodingChecks: undefined, constructor: 'Function<Union>', getParser: 'Function<getParser>', _rebuild: 'Function<_rebuild>', recur: 'Function<recur>', flip: 'Function<flip>', matchPart: 'Function<matchPart>', getExpected: 'Function<getExpected>', toString: 'Function<toString>' }, constructor: 'Function<PropertySignature>' }, { name: 'nextAction', type: { '~effect/Schema': '~effect/Schema', annotations: undefined, checks: undefined, encoding: undefined, context: undefined, _tag: 'Union', types: [ { '~effect/Schema': '~effect/Schema', annotations: undefined, checks: undefined, encoding: undefined, context: undefined, _tag: 'Literal', literal: 'AwaitOwnerRelease', constructor: 'Function<Literal>', getParser: 'Function<getParser>', matchPart: 'Function<matchPart>', toCodecJson: 'Function<toCodecJson>', toCodecStringTree: 'Function<toCodecStringTree>', getExpected: 'Function<getExpected>', toString: 'Function<toString>' }, { '~effect/Schema': '~effect/Schema', annotations: undefined, checks: undefined, encoding: undefined, context: undefined, _tag: 'Literal', literal: 'ReconcileOriginalAuthorityBeforeRetry', constructor: 'Function<Literal>', getParser: 'Function<getParser>', matchPart: 'Function<matchPart>', toCodecJson: 'Function<toCodecJson>', toCodecStringTree: 'Function<toCodecStringTree>', getExpected: 'Function<getExpected>', toString: 'Function<toString>' }, { '~effect/Schema': '~effect/Schema', annotations: undefined, checks: undefined, encoding: undefined, context: undefined, _tag: 'Literal', literal: 'AwaitJournalAcknowledgement', constructor: 'Function<Literal>', getParser: 'Function<getParser>', matchPart: 'Function<matchPart>', toCodecJson: 'Function<toCodecJson>', toCodecStringTree: 'Function<toCodecStringTree>', getExpected: 'Function<getExpected>', toString: 'Function<toString>' }, { '~effect/Schema': '~effect/Schema', annotations: undefined, checks: undefined, encoding: undefined, context: undefined, _tag: 'Literal', literal: 'AwaitCorrelatedExecutorSettlement', constructor: 'Function<Literal>', getParser: 'Function<getParser>', matchPart: 'Function<matchPart>', toCodecJson: 'Function<toCodecJson>', toCodecStringTree: 'Function<toCodecStringTree>', getExpected: 'Function<getExpected>', toString: 'Function<toString>' }, { '~effect/Schema': '~effect/Schema', annotations: undefined, checks: undefined, encoding: undefined, context: undefined, _tag: 'Literal', literal: 'AwaitLocalClose', constructor: 'Function<Literal>', getParser: 'Function<getParser>', matchPart: 'Function<matchPart>', toCodecJson: 'Function<toCodecJson>', toCodecStringTree: 'Function<toCodecStringTree>', getExpected: 'Function<getExpected>', toString: 'Function<toString>' }, { '~effect/Schema': '~effect/Schema', annotations: undefined, checks: undefined, encoding: undefined, context: undefined, _tag: 'Literal', literal: 'InspectDrainFailure', constructor: 'Function<Literal>', getParser: 'Function<getParser>', matchPart: 'Function<matchPart>', toCodecJson: 'Function<toCodecJson>', toCodecStringTree: 'Function<toCodecStringTree>', getExpected: 'Function<getExpected>', toString: 'Function<toString>' }, { '~effect/Schema': '~effect/Schema', annotations: undefined, checks: undefined, encoding: undefined, context: undefined, _tag: 'Literal', literal: 'None', constructor: 'Function<Literal>', getParser: 'Function<getParser>', matchPart: 'Function<matchPart>', toCodecJson: 'Function<toCodecJson>', toCodecStringTree: 'Function<toCodecStringTree>', getExpected: 'Function<getExpected>', toString: 'Function<toString>' } ], mode: 'anyOf', encodingChecks: undefined, constructor: 'Function<Union>', getParser: 'Function<getParser>', _rebuild: 'Function<_rebuild>', recur: 'Function<recur>', flip: 'Function<flip>', matchPart: 'Function<matchPart>', getExpected: 'Function<getExpected>', toString: 'Function<toString>' }, constructor: 'Function<PropertySignature>' } ], indexSignatures: [], encodingChecks: undefined, constructor: 'Function<Objects>', getParser: 'Function<getParser>', _rebuild: 'Function<_rebuild>', flip: 'Function<flip>', recur: 'Function<recur>', getExpected: 'Function<getExpected>', toString: 'Function<toString>' } ], encodingChecks: undefined, constructor: 'Function<Arrays>', getParser: 'Function<getParser>', _rebuild: 'Function<_rebuild>', recur: 'Function<recur>', flip: 'Function<flip>', getExpected: 'Function<getExpected>', toString: 'Function<toString>' }, constructor: 'Function<PropertySignature>' } ], indexSignatures: [], encodingChecks: undefined, constructor: 'Function<Objects>', getParser: 'Function<getParser>', _rebuild: 'Function<_rebuild>', flip: 'Function<flip>', recur: 'Function<recur>', getExpected: 'Function<getExpected>', toString: 'Function<toString>' }, constructor: 'Function<PropertySignature>' }, { name: 'requestedStatus', type: { '~effect/Schema': '~effect/Schema', annotations: undefined, checks: undefined, encoding: undefined, context: undefined, _tag: 'Literal', literal: 1, constructor: 'Function<Literal>', getParser: 'Function<getParser>', matchPart: 'Function<matchPart>', toCodecJson: 'Function<toCodecJson>', toCodecStringTree: 'Function<toCodecStringTree>', getExpected: 'Function<getExpected>', toString: 'Function<toString>' }, constructor: 'Function<PropertySignature>' } ], indexSignatures: [], encodingChecks: undefined, constructor: 'Function<Objects>', getParser: 'Function<getParser>', _rebuild: 'Function<_rebuild>', flip: 'Function<flip>', recur: 'Function<recur>', getExpected: 'Function<getExpected>', toString: 'Function<toString>' }, { '~effect/Schema': '~effect/Schema', annotations: undefined, checks: undefined, encoding: undefined, context: undefined, _tag: 'Objects', propertySignatures: [ { name: '_tag', type: { '~effect/Schema': '~effect/Schema', annotations: undefined, checks: undefined, encoding: undefined, context: { isOptional: false, isMutable: false, constructorDefault: { to: { '~effect/Schema': '~effect/Schema', annotations: undefined, checks: undefined, encoding: undefined, context: undefined, _tag: 'Unknown', constructor: 'Function<Unknown>', getParser: 'Function<getParser>', getExpected: 'Function<getExpected>', toString: 'Function<toString>' }, transformation: { '~effect/SchemaTransformation/Transformation': '~effect/SchemaTransformation/Transformation', _tag: 'Transformation', decode: { run: 'Function<anonymous>', constructor: 'Function<Getter>', map: 'Function<map>', compose: 'Function<compose>', pipe: 'Function<pipe>' }, encode: { run: 'Function<anonymous>', constructor: 'Function<Getter>', map: 'Function<map>', compose: 'Function<compose>', pipe: 'Function<pipe>' }, constructor: 'Function<Transformation>', flip: 'Function<flip>', compose: 'Function<compose>' }, constructor: 'Function<Link>' }, annotations: undefined, constructor: 'Function<Context>' }, _tag: 'Literal', literal: 'Succeeded', constructor: 'Function<Literal>', getParser: 'Function<getParser>', matchPart: 'Function<matchPart>', toCodecJson: 'Function<toCodecJson>', toCodecStringTree: 'Function<toCodecStringTree>', getExpected: 'Function<getExpected>', toString: 'Function<toString>' }, constructor: 'Function<PropertySignature>' }, { name: 'requestedStatus', type: { '~effect/Schema': '~effect/Schema', annotations: undefined, checks: undefined, encoding: undefined, context: undefined, _tag: 'Literal', literal: +0, constructor: 'Function<Literal>', getParser: 'Function<getParser>', matchPart: 'Function<matchPart>', toCodecJson: 'Function<toCodecJson>', toCodecStringTree: 'Function<toCodecStringTree>', getExpected: 'Function<getExpected>', toString: 'Function<toString>' }, constructor: 'Function<PropertySignature>' }, { name: 'owners', type: { '~effect/Schema': '~effect/Schema', annotations: undefined, checks: undefined, encoding: undefined, context: { isOptional: true, isMutable: false, constructorDefault: undefined, annotations: undefined, constructor: 'Function<Context>' }, _tag: 'Objects', propertySignatures: [ { name: 'cutoffClosed', type: { '~effect/Schema': '~effect/Schema', annotations: undefined, checks: undefined, encoding: undefined, context: undefined, _tag: 'Boolean', constructor: 'Function<Boolean>', getParser: 'Function<getParser>', getExpected: 'Function<getExpected>', toString: 'Function<toString>' }, constructor: 'Function<PropertySignature>' }, { name: 'owners', type: { '~effect/Schema': '~effect/Schema', annotations: undefined, checks: undefined, encoding: undefined, context: undefined, _tag: 'Arrays', isMutable: false, elements: [], rest: [ { '~effect/Schema': '~effect/Schema', annotations: undefined, checks: undefined, encoding: undefined, context: undefined, _tag: 'Objects', propertySignatures: [ { name: 'ownerId', type: { '~effect/Schema': '~effect/Schema', annotations: undefined, checks: [ { _tag: 'Filter', run: 'Function<anonymous>', annotations: { expected: 'an integer', representation: { id: 'effect/schema/isInt', payload: null }, toJsonSchema: 'Function<toJsonSchema>', toCode: 'Function<toCode>', arbitrary: { constraint: { integer: true } } }, aborted: false, constructor: 'Function<Filter>', annotate: 'Function<annotate>', abort: 'Function<abort>', and: 'Function<and>', pipe: 'Function<pipe>' }, { _tag: 'Filter', run: 'Function<anonymous>', annotations: { expected: 'a value greater than or equal to 0', arbitrary: { constraint: { ordered: { order: 'Function<anonymous>', minimum: +0 } } }, representation: { id: 'effect/schema/isGreaterThanOrEqualTo', payload: { minimum: +0 } }, toJsonSchema: 'Function<toJsonSchema>', toCode: 'Function<toCode>', brands: [ 'ApplicationExitOwnerId' ] }, aborted: false, constructor: 'Function<Filter>', annotate: 'Function<annotate>', abort: 'Function<abort>', and: 'Function<and>', pipe: 'Function<pipe>' } ], encoding: undefined, context: undefined, _tag: 'Number', constructor: 'Function<Number>', getParser: 'Function<getParser>', matchKey: 'Function<matchKey>', matchPart: 'Function<matchPart>', _match: 'Function<_match>', toCodecJson: 'Function<toCodecJson>', toCodecStringTree: 'Function<toCodecStringTree>', getExpected: 'Function<getExpected>', toString: 'Function<toString>' }, constructor: 'Function<PropertySignature>' }, { name: 'family', type: { '~effect/Schema': '~effect/Schema', annotations: undefined, checks: undefined, encoding: undefined, context: undefined, _tag: 'Union', types: [ { '~effect/Schema': '~effect/Schema', annotations: undefined, checks: undefined, encoding: undefined, context: undefined, _tag: 'Literal', literal: 'ForwardOwner', constructor: 'Function<Literal>', getParser: 'Function<getParser>', matchPart: 'Function<matchPart>', toCodecJson: 'Function<toCodecJson>', toCodecStringTree: 'Function<toCodecStringTree>', getExpected: 'Function<getExpected>', toString: 'Function<toString>' }, { '~effect/Schema': '~effect/Schema', annotations: undefined, checks: undefined, encoding: undefined, context: undefined, _tag: 'Literal', literal: 'ExecutorDrain', constructor: 'Function<Literal>', getParser: 'Function<getParser>', matchPart: 'Function<matchPart>', toCodecJson: 'Function<toCodecJson>', toCodecStringTree: 'Function<toCodecStringTree>', getExpected: 'Function<getExpected>', toString: 'Function<toString>' }, { '~effect/Schema': '~effect/Schema', annotations: undefined, checks: undefined, encoding: undefined, context: undefined, _tag: 'Literal', literal: 'LocalDrain', constructor: 'Function<Literal>', getParser: 'Function<getParser>', matchPart: 'Function<matchPart>', toCodecJson: 'Function<toCodecJson>', toCodecStringTree: 'Function<toCodecStringTree>', getExpected: 'Function<getExpected>', toString: 'Function<toString>' } ], mode: 'anyOf', encodingChecks: undefined, constructor: 'Function<Union>', getParser: 'Function<getParser>', _rebuild: 'Function<_rebuild>', recur: 'Function<recur>', flip: 'Function<flip>', matchPart: 'Function<matchPart>', getExpected: 'Function<getExpected>', toString: 'Function<toString>' }, constructor: 'Function<PropertySignature>' }, { name: 'name', type: { '~effect/Schema': '~effect/Schema', annotations: undefined, checks: undefined, encoding: undefined, context: undefined, _tag: 'Union', types: [ { '~effect/Schema': '~effect/Schema', annotations: undefined, checks: undefined, encoding: undefined, context: undefined, _tag: 'Literal', literal: 'ForwardProgress', constructor: 'Function<Literal>', getParser: 'Function<getParser>', matchPart: 'Function<matchPart>', toCodecJson: 'Function<toCodecJson>', toCodecStringTree: 'Function<toCodecStringTree>', getExpected: 'Function<getExpected>', toString: 'Function<toString>' }, { '~effect/Schema': '~effect/Schema', annotations: undefined, checks: undefined, encoding: undefined, context: undefined, _tag: 'Literal', literal: 'ExecutorWork', constructor: 'Function<Literal>', getParser: 'Function<getParser>', matchPart: 'Function<matchPart>', toCodecJson: 'Function<toCodecJson>', toCodecStringTree: 'Function<toCodecStringTree>', getExpected: 'Function<getExpected>', toString: 'Function<toString>' }, { '~effect/Schema': '~effect/Schema', annotations: undefined, checks: undefined, encoding: undefined, context: undefined, _tag: 'Literal', literal: 'HostAcquisition', constructor: 'Function<Literal>', getParser: 'Function<getParser>', matchPart: 'Function<matchPart>', toCodecJson: 'Function<toCodecJson>', toCodecStringTree: 'Function<toCodecStringTree>', getExpected: 'Function<getExpected>', toString: 'Function<toString>' }, { '~effect/Schema': '~effect/Schema', annotations: undefined, checks: undefined, encoding: undefined, context: undefined, _tag: 'Literal', literal: 'CodexProvider', constructor: 'Function<Literal>', getParser: 'Function<getParser>', matchPart: 'Function<matchPart>', toCodecJson: 'Function<toCodecJson>', toCodecStringTree: 'Function<toCodecStringTree>', getExpected: 'Function<getExpected>', toString: 'Function<toString>' }, { '~effect/Schema': '~effect/Schema', annotations: undefined, checks: undefined, encoding: undefined, context: undefined, _tag: 'Literal', literal: 'RunRuntime', constructor: 'Function<Literal>', getParser: 'Function<getParser>', matchPart: 'Function<matchPart>', toCodecJson: 'Function<toCodecJson>', toCodecStringTree: 'Function<toCodecStringTree>', getExpected: 'Function<getExpected>', toString: 'Function<toString>' }, { '~effect/Schema': '~effect/Schema', annotations: undefined, checks: undefined, encoding: undefined, context: undefined, _tag: 'Literal', literal: 'ArchiveMaintenance', constructor: 'Function<Literal>', getParser: 'Function<getParser>', matchPart: 'Function<matchPart>', toCodecJson: 'Function<toCodecJson>', toCodecStringTree: 'Function<toCodecStringTree>', getExpected: 'Function<getExpected>', toString: 'Function<toString>' }, { '~effect/Schema': '~effect/Schema', annotations: undefined, checks: undefined, encoding: undefined, context: undefined, _tag: 'Literal', literal: 'Inspection', constructor: 'Function<Literal>', getParser: 'Function<getParser>', matchPart: 'Function<matchPart>', toCodecJson: 'Function<toCodecJson>', toCodecStringTree: 'Function<toCodecStringTree>', getExpected: 'Function<getExpected>', toString: 'Function<toString>' }, { '~effect/Schema': '~effect/Schema', annotations: undefined, checks: undefined, encoding: undefined, context: undefined, _tag: 'Literal', literal: 'HostWatch', constructor: 'Function<Literal>', getParser: 'Function<getParser>', matchPart: 'Function<matchPart>', toCodecJson: 'Function<toCodecJson>', toCodecStringTree: 'Function<toCodecStringTree>', getExpected: 'Function<getExpected>', toString: 'Function<toString>' }, { '~effect/Schema': '~effect/Schema', annotations: undefined, checks: undefined, encoding: undefined, context: undefined, _tag: 'Literal', literal: 'LocalResources', constructor: 'Function<Literal>', getParser: 'Function<getParser>', matchPart: 'Function<matchPart>', toCodecJson: 'Function<toCodecJson>', toCodecStringTree: 'Function<toCodecStringTree>', getExpected: 'Function<getExpected>', toString: 'Function<toString>' } ], mode: 'anyOf', encodingChecks: undefined, constructor: 'Function<Union>', getParser: 'Function<getParser>', _rebuild: 'Function<_rebuild>', recur: 'Function<recur>', flip: 'Function<flip>', matchPart: 'Function<matchPart>', getExpected: 'Function<getExpected>', toString: 'Function<toString>' }, constructor: 'Function<PropertySignature>' }, { name: 'kind', type: { '~effect/Schema': '~effect/Schema', annotations: undefined, checks: undefined, encoding: undefined, context: undefined, _tag: 'Union', types: [ { '~effect/Schema': '~effect/Schema', annotations: undefined, checks: undefined, encoding: undefined, context: undefined, _tag: 'Literal', literal: 'AtomicBoundary', constructor: 'Function<Literal>', getParser: 'Function<getParser>', matchPart: 'Function<matchPart>', toCodecJson: 'Function<toCodecJson>', toCodecStringTree: 'Function<toCodecStringTree>', getExpected: 'Function<getExpected>', toString: 'Function<toString>' }, { '~effect/Schema': '~effect/Schema', annotations: undefined, checks: undefined, encoding: undefined, context: undefined, _tag: 'Literal', literal: 'AuthorizedRunTerminationAppend', constructor: 'Function<Literal>', getParser: 'Function<getParser>', matchPart: 'Function<matchPart>', toCodecJson: 'Function<toCodecJson>', toCodecStringTree: 'Function<toCodecStringTree>', getExpected: 'Function<getExpected>', toString: 'Function<toString>' }, { '~effect/Schema': '~effect/Schema', annotations: undefined, checks: undefined, encoding: undefined, context: undefined, _tag: 'Literal', literal: 'InterruptibleBoundary', constructor: 'Function<Literal>', getParser: 'Function<getParser>', matchPart: 'Function<matchPart>', toCodecJson: 'Function<toCodecJson>', toCodecStringTree: 'Function<toCodecStringTree>', getExpected: 'Function<getExpected>', toString: 'Function<toString>' }, { '~effect/Schema': '~effect/Schema', annotations: undefined, checks: undefined, encoding: undefined, context: undefined, _tag: 'Literal', literal: 'RunActivation', constructor: 'Function<Literal>', getParser: 'Function<getParser>', matchPart: 'Function<matchPart>', toCodecJson: 'Function<toCodecJson>', toCodecStringTree: 'Function<toCodecStringTree>', getExpected: 'Function<getExpected>', toString: 'Function<toString>' }, { '~effect/Schema': '~effect/Schema', annotations: undefined, checks: undefined, encoding: undefined, context: undefined, _tag: 'Literal', literal: 'ExecutorDrain', constructor: 'Function<Literal>', getParser: 'Function<getParser>', matchPart: 'Function<matchPart>', toCodecJson: 'Function<toCodecJson>', toCodecStringTree: 'Function<toCodecStringTree>', getExpected: 'Function<getExpected>', toString: 'Function<toString>' }, { '~effect/Schema': '~effect/Schema', annotations: undefined, checks: undefined, encoding: undefined, context: undefined, _tag: 'Literal', literal: 'LocalDrain', constructor: 'Function<Literal>', getParser: 'Function<getParser>', matchPart: 'Function<matchPart>', toCodecJson: 'Function<toCodecJson>', toCodecStringTree: 'Function<toCodecStringTree>', getExpected: 'Function<getExpected>', toString: 'Function<toString>' } ], mode: 'anyOf', encodingChecks: undefined, constructor: 'Function<Union>', getParser: 'Function<getParser>', _rebuild: 'Function<_rebuild>', recur: 'Function<recur>', flip: 'Function<flip>', matchPart: 'Function<matchPart>', getExpected: 'Function<getExpected>', toString: 'Function<toString>' }, constructor: 'Function<PropertySignature>' }, { name: 'subject', type: { '~effect/Schema': '~effect/Schema', annotations: undefined, checks: undefined, encoding: undefined, context: undefined, _tag: 'Union', types: [ { '~effect/Schema': '~effect/Schema', annotations: undefined, checks: undefined, encoding: undefined, context: undefined, _tag: 'Objects', propertySignatures: [ { name: '_tag', type: { '~effect/Schema': '~effect/Schema', annotations: undefined, checks: undefined, encoding: undefined, context: { isOptional: false, isMutable: false, constructorDefault: { to: { '~effect/Schema': '~effect/Schema', annotations: undefined, checks: undefined, encoding: undefined, context: undefined, _tag: 'Unknown', constructor: 'Function<Unknown>', getParser: 'Function<getParser>', getExpected: 'Function<getExpected>', toString: 'Function<toString>' }, transformation: { '~effect/SchemaTransformation/Transformation': '~effect/SchemaTransformation/Transformation', _tag: 'Transformation', decode: { run: 'Function<anonymous>', constructor: 'Function<Getter>', map: 'Function<map>', compose: 'Function<compose>', pipe: 'Function<pipe>' }, encode: { run: 'Function<anonymous>', constructor: 'Function<Getter>', map: 'Function<map>', compose: 'Function<compose>', pipe: 'Function<pipe>' }, constructor: 'Function<Transformation>', flip: 'Function<flip>', compose: 'Function<compose>' }, constructor: 'Function<Link>' }, annotations: undefined, constructor: 'Function<Context>' }, _tag: 'Literal', literal: 'NoRun', constructor: 'Function<Literal>', getParser: 'Function<getParser>', matchPart: 'Function<matchPart>', toCodecJson: 'Function<toCodecJson>', toCodecStringTree: 'Function<toCodecStringTree>', getExpected: 'Function<getExpected>', toString: 'Function<toString>' }, constructor: 'Function<PropertySignature>' } ], indexSignatures: [], encodingChecks: undefined, constructor: 'Function<Objects>', getParser: 'Function<getParser>', _rebuild: 'Function<_rebuild>', flip: 'Function<flip>', recur: 'Function<recur>', getExpected: 'Function<getExpected>', toString: 'Function<toString>' }, { '~effect/Schema': '~effect/Schema', annotations: undefined, checks: undefined, encoding: undefined, context: undefined, _tag: 'Objects', propertySignatures: [ { name: '_tag', type: { '~effect/Schema': '~effect/Schema', annotations: undefined, checks: undefined, encoding: undefined, context: { isOptional: false, isMutable: false, constructorDefault: { to: { '~effect/Schema': '~effect/Schema', annotations: undefined, checks: undefined, encoding: undefined, context: undefined, _tag: 'Unknown', constructor: 'Function<Unknown>', getParser: 'Function<getParser>', getExpected: 'Function<getExpected>', toString: 'Function<toString>' }, transformation: { '~effect/SchemaTransformation/Transformation': '~effect/SchemaTransformation/Transformation', _tag: 'Transformation', decode: { run: 'Function<anonymous>', constructor: 'Function<Getter>', map: 'Function<map>', compose: 'Function<compose>', pipe: 'Function<pipe>' }, encode: { run: 'Function<anonymous>', constructor: 'Function<Getter>', map: 'Function<map>', compose: 'Function<compose>', pipe: 'Function<pipe>' }, constructor: 'Function<Transformation>', flip: 'Function<flip>', compose: 'Function<compose>' }, constructor: 'Function<Link>' }, annotations: undefined, constructor: 'Function<Context>' }, _tag: 'Literal', literal: 'Run', constructor: 'Function<Literal>', getParser: 'Function<getParser>', matchPart: 'Function<matchPart>', toCodecJson: 'Function<toCodecJson>', toCodecStringTree: 'Function<toCodecStringTree>', getExpected: 'Function<getExpected>', toString: 'Function<toString>' }, constructor: 'Function<PropertySignature>' }, { name: 'runId', type: { '~effect/Schema': '~effect/Schema', annotations: undefined, checks: [ { _tag: 'Filter', run: 'Function<anonymous>', annotations: { expected: 'a value with a length of at least 1', representation: { id: 'effect/schema/isMinLength', payload: { minLength: 1 } }, toJsonSchema: 'Function<toJsonSchema>', toCode: 'Function<toCode>', '~structural': true, arbitrary: { constraint: { minLength: 1 } }, brands: [ 'RunId' ] }, aborted: false, constructor: 'Function<Filter>', annotate: 'Function<annotate>', abort: 'Function<abort>', and: 'Function<and>', pipe: 'Function<pipe>' } ], encoding: undefined, context: undefined, _tag: 'String', constructor: 'Function<String>', getParser: 'Function<getParser>', matchPart: 'Function<matchPart>', getExpected: 'Function<getExpected>', toString: 'Function<toString>' }, constructor: 'Function<PropertySignature>' } ], indexSignatures: [], encodingChecks: undefined, constructor: 'Function<Objects>', getParser: 'Function<getParser>', _rebuild: 'Function<_rebuild>', flip: 'Function<flip>', recur: 'Function<recur>', getExpected: 'Function<getExpected>', toString: 'Function<toString>' }, { '~effect/Schema': '~effect/Schema', annotations: undefined, checks: undefined, encoding: undefined, context: undefined, _tag: 'Objects', propertySignatures: [ { name: '_tag', type: { '~effect/Schema': '~effect/Schema', annotations: undefined, checks: undefined, encoding: undefined, context: { isOptional: false, isMutable: false, constructorDefault: { to: { '~effect/Schema': '~effect/Schema', annotations: undefined, checks: undefined, encoding: undefined, context: undefined, _tag: 'Unknown', constructor: 'Function<Unknown>', getParser: 'Function<getParser>', getExpected: 'Function<getExpected>', toString: 'Function<toString>' }, transformation: { '~effect/SchemaTransformation/Transformation': '~effect/SchemaTransformation/Transformation', _tag: 'Transformation', decode: { run: 'Function<anonymous>', constructor: 'Function<Getter>', map: 'Function<map>', compose: 'Function<compose>', pipe: 'Function<pipe>' }, encode: { run: 'Function<anonymous>', constructor: 'Function<Getter>', map: 'Function<map>', compose: 'Function<compose>', pipe: 'Function<pipe>' }, constructor: 'Function<Transformation>', flip: 'Function<flip>', compose: 'Function<compose>' }, constructor: 'Function<Link>' }, annotations: undefined, constructor: 'Function<Context>' }, _tag: 'Literal', literal: 'Task', constructor: 'Function<Literal>', getParser: 'Function<getParser>', matchPart: 'Function<matchPart>', toCodecJson: 'Function<toCodecJson>', toCodecStringTree: 'Function<toCodecStringTree>', getExpected: 'Function<getExpected>', toString: 'Function<toString>' }, constructor: 'Function<PropertySignature>' }, { name: 'runId', type: { '~effect/Schema': '~effect/Schema', annotations: undefined, checks: [ { _tag: 'Filter', run: 'Function<anonymous>', annotations: { expected: 'a value with a length of at least 1', representation: { id: 'effect/schema/isMinLength', payload: { minLength: 1 } }, toJsonSchema: 'Function<toJsonSchema>', toCode: 'Function<toCode>', '~structural': true, arbitrary: { constraint: { minLength: 1 } }, brands: [ 'RunId' ] }, aborted: false, constructor: 'Function<Filter>', annotate: 'Function<annotate>', abort: 'Function<abort>', and: 'Function<and>', pipe: 'Function<pipe>' } ], encoding: undefined, context: undefined, _tag: 'String', constructor: 'Function<String>', getParser: 'Function<getParser>', matchPart: 'Function<matchPart>', getExpected: 'Function<getExpected>', toString: 'Function<toString>' }, constructor: 'Function<PropertySignature>' }, { name: 'taskId', type: { '~effect/Schema': '~effect/Schema', annotations: undefined, checks: [ { _tag: 'Filter', run: 'Function<anonymous>', annotations: { expected: 'a value with a length of at least 1', representation: { id: 'effect/schema/isMinLength', payload: { minLength: 1 } }, toJsonSchema: 'Function<toJsonSchema>', toCode: 'Function<toCode>', '~structural': true, arbitrary: { constraint: { minLength: 1 } }, brands: [ 'TaskId' ] }, aborted: false, constructor: 'Function<Filter>', annotate: 'Function<annotate>', abort: 'Function<abort>', and: 'Function<and>', pipe: 'Function<pipe>' } ], encoding: undefined, context: undefined, _tag: 'String', constructor: 'Function<String>', getParser: 'Function<getParser>', matchPart: 'Function<matchPart>', getExpected: 'Function<getExpected>', toString: 'Function<toString>' }, constructor: 'Function<PropertySignature>' } ], indexSignatures: [], encodingChecks: undefined, constructor: 'Function<Objects>', getParser: 'Function<getParser>', _rebuild: 'Function<_rebuild>', flip: 'Function<flip>', recur: 'Function<recur>', getExpected: 'Function<getExpected>', toString: 'Function<toString>' }, { '~effect/Schema': '~effect/Schema', annotations: undefined, checks: undefined, encoding: undefined, context: undefined, _tag: 'Objects', propertySignatures: [ { name: '_tag', type: { '~effect/Schema': '~effect/Schema', annotations: undefined, checks: undefined, encoding: undefined, context: { isOptional: false, isMutable: false, constructorDefault: { to: { '~effect/Schema': '~effect/Schema', annotations: undefined, checks: undefined, encoding: undefined, context: undefined, _tag: 'Unknown', constructor: 'Function<Unknown>', getParser: 'Function<getParser>', getExpected: 'Function<getExpected>', toString: 'Function<toString>' }, transformation: { '~effect/SchemaTransformation/Transformation': '~effect/SchemaTransformation/Transformation', _tag: 'Transformation', decode: { run: 'Function<anonymous>', constructor: 'Function<Getter>', map: 'Function<map>', compose: 'Function<compose>', pipe: 'Function<pipe>' }, encode: { run: 'Function<anonymous>', constructor: 'Function<Getter>', map: 'Function<map>', compose: 'Function<compose>', pipe: 'Function<pipe>' }, constructor: 'Function<Transformation>', flip: 'Function<flip>', compose: 'Function<compose>' }, constructor: 'Function<Link>' }, annotations: undefined, constructor: 'Function<Context>' }, _tag: 'Literal', literal: 'ExecutorAttempt', constructor: 'Function<Literal>', getParser: 'Function<getParser>', matchPart: 'Function<matchPart>', toCodecJson: 'Function<toCodecJson>', toCodecStringTree: 'Function<toCodecStringTree>', getExpected: 'Function<getExpected>', toString: 'Function<toString>' }, constructor: 'Function<PropertySignature>' }, { name: 'correlation', type: { '~effect/Schema': '~effect/Schema', annotations: undefined, checks: undefined, encoding: undefined, context: undefined, _tag: 'Objects', propertySignatures: [ { name: 'attemptId', type: { '~effect/Schema': '~effect/Schema', annotations: undefined, checks: [ { _tag: 'Filter', run: 'Function<anonymous>', annotations: { expected: 'a value with a length of at least 1', representation: { id: 'effect/schema/isMinLength', payload: { minLength: 1 } }, toJsonSchema: 'Function<toJsonSchema>', toCode: 'Function<toCode>', '~structural': true, arbitrary: { constraint: { minLength: 1 } }, brands: [ 'AttemptId' ] }, aborted: false, constructor: 'Function<Filter>', annotate: 'Function<annotate>', abort: 'Function<abort>', and: 'Function<and>', pipe: 'Function<pipe>' } ], encoding: undefined, context: undefined, _tag: 'String', constructor: 'Function<String>', getParser: 'Function<getParser>', matchPart: 'Function<matchPart>', getExpected: 'Function<getExpected>', toString: 'Function<toString>' }, constructor: 'Function<PropertySignature>' }, { name: 'runId', type: { '~effect/Schema': '~effect/Schema', annotations: undefined, checks: [ { _tag: 'Filter', run: 'Function<anonymous>', annotations: { expected: 'a value with a length of at least 1', representation: { id: 'effect/schema/isMinLength', payload: { minLength: 1 } }, toJsonSchema: 'Function<toJsonSchema>', toCode: 'Function<toCode>', '~structural': true, arbitrary: { constraint: { minLength: 1 } }, brands: [ 'RunId' ] }, aborted: false, constructor: 'Function<Filter>', annotate: 'Function<annotate>', abort: 'Function<abort>', and: 'Function<and>', pipe: 'Function<pipe>' } ], encoding: undefined, context: undefined, _tag: 'String', constructor: 'Function<String>', getParser: 'Function<getParser>', matchPart: 'Function<matchPart>', getExpected: 'Function<getExpected>', toString: 'Function<toString>' }, constructor: 'Function<PropertySignature>' } ], indexSignatures: [], encodingChecks: undefined, constructor: 'Function<Objects>', getParser: 'Function<getParser>', _rebuild: 'Function<_rebuild>', flip: 'Function<flip>', recur: 'Function<recur>', getExpected: 'Function<getExpected>', toString: 'Function<toString>' }, constructor: 'Function<PropertySignature>' } ], indexSignatures: [], encodingChecks: undefined, constructor: 'Function<Objects>', getParser: 'Function<getParser>', _rebuild: 'Function<_rebuild>', flip: 'Function<flip>', recur: 'Function<recur>', getExpected: 'Function<getExpected>', toString: 'Function<toString>' } ], mode: 'anyOf', encodingChecks: undefined, constructor: 'Function<Union>', getParser: 'Function<getParser>', _rebuild: 'Function<_rebuild>', recur: 'Function<recur>', flip: 'Function<flip>', matchPart: 'Function<matchPart>', getExpected: 'Function<getExpected>', toString: 'Function<toString>' }, constructor: 'Function<PropertySignature>' }, { name: 'evidence', type: { '~effect/Schema': '~effect/Schema', annotations: undefined, checks: undefined, encoding: undefined, context: undefined, _tag: 'Union', types: [ { '~effect/Schema': '~effect/Schema', annotations: undefined, checks: undefined, encoding: undefined, context: undefined, _tag: 'Literal', literal: 'Preparing', constructor: 'Function<Literal>', getParser: 'Function<getParser>', matchPart: 'Function<matchPart>', toCodecJson: 'Function<toCodecJson>', toCodecStringTree: 'Function<toCodecStringTree>', getExpected: 'Function<getExpected>', toString: 'Function<toString>' }, { '~effect/Schema': '~effect/Schema', annotations: undefined, checks: undefined, encoding: undefined, context: undefined, _tag: 'Literal', literal: 'Registered', constructor: 'Function<Literal>', getParser: 'Function<getParser>', matchPart: 'Function<matchPart>', toCodecJson: 'Function<toCodecJson>', toCodecStringTree: 'Function<toCodecStringTree>', getExpected: 'Function<getExpected>', toString: 'Function<toString>' }, { '~effect/Schema': '~effect/Schema', annotations: undefined, checks: undefined, encoding: undefined, context: undefined, _tag: 'Literal', literal: 'AwaitingBoundaryResult', constructor: 'Function<Literal>', getParser: 'Function<getParser>', matchPart: 'Function<matchPart>', toCodecJson: 'Function<toCodecJson>', toCodecStringTree: 'Function<toCodecStringTree>', getExpected: 'Function<getExpected>', toString: 'Function<toString>' }, { '~effect/Schema': '~effect/Schema', annotations: undefined, checks: undefined, encoding: undefined, context: undefined, _tag: 'Literal', literal: 'BoundaryResultProduced', constructor: 'Function<Literal>', getParser: 'Function<getParser>', matchPart: 'Function<matchPart>', toCodecJson: 'Function<toCodecJson>', toCodecStringTree: 'Function<toCodecStringTree>', getExpected: 'Function<getExpected>', toString: 'Function<toString>' }, { '~effect/Schema': '~effect/Schema', annotations: undefined, checks: undefined, encoding: undefined, context: undefined, _tag: 'Literal', literal: 'BoundaryResultRecorded', constructor: 'Function<Literal>', getParser: 'Function<getParser>', matchPart: 'Function<matchPart>', toCodecJson: 'Function<toCodecJson>', toCodecStringTree: 'Function<toCodecStringTree>', getExpected: 'Function<getExpected>', toString: 'Function<toString>' }, { '~effect/Schema': '~effect/Schema', annotations: undefined, checks: undefined, encoding: undefined, context: undefined, _tag: 'Literal', literal: 'RecoverableAmbiguity', constructor: 'Function<Literal>', getParser: 'Function<getParser>', matchPart: 'Function<matchPart>', toCodecJson: 'Function<toCodecJson>', toCodecStringTree: 'Function<toCodecStringTree>', getExpected: 'Function<getExpected>', toString: 'Function<toString>' }, { '~effect/Schema': '~effect/Schema', annotations: undefined, checks: undefined, encoding: undefined, context: undefined, _tag: 'Literal', literal: 'DrainRegistered', constructor: 'Function<Literal>', getParser: 'Function<getParser>', matchPart: 'Function<matchPart>', toCodecJson: 'Function<toCodecJson>', toCodecStringTree: 'Function<toCodecStringTree>', getExpected: 'Function<getExpected>', toString: 'Function<toString>' }, { '~effect/Schema': '~effect/Schema', annotations: undefined, checks: undefined, encoding: undefined, context: undefined, _tag: 'Literal', literal: 'DrainPending', constructor: 'Function<Literal>', getParser: 'Function<getParser>', matchPart: 'Function<matchPart>', toCodecJson: 'Function<toCodecJson>', toCodecStringTree: 'Function<toCodecStringTree>', getExpected: 'Function<getExpected>', toString: 'Function<toString>' }, { '~effect/Schema': '~effect/Schema', annotations: undefined, checks: undefined, encoding: undefined, context: undefined, _tag: 'Literal', literal: 'DrainSucceeded', constructor: 'Function<Literal>', getParser: 'Function<getParser>', matchPart: 'Function<matchPart>', toCodecJson: 'Function<toCodecJson>', toCodecStringTree: 'Function<toCodecStringTree>', getExpected: 'Function<getExpected>', toString: 'Function<toString>' }, { '~effect/Schema': '~effect/Schema', annotations: undefined, checks: undefined, encoding: undefined, context: undefined, _tag: 'Literal', literal: 'DrainFailed', constructor: 'Function<Literal>', getParser: 'Function<getParser>', matchPart: 'Function<matchPart>', toCodecJson: 'Function<toCodecJson>', toCodecStringTree: 'Function<toCodecStringTree>', getExpected: 'Function<getExpected>', toString: 'Function<toString>' } ], mode: 'anyOf', encodingChecks: undefined, constructor: 'Function<Union>', getParser: 'Function<getParser>', _rebuild: 'Function<_rebuild>', recur: 'Function<recur>', flip: 'Function<flip>', matchPart: 'Function<matchPart>', getExpected: 'Function<getExpected>', toString: 'Function<toString>' }, constructor: 'Function<PropertySignature>' }, { name: 'boundary', type: { '~effect/Schema': '~effect/Schema', annotations: undefined, checks: undefined, encoding: undefined, context: undefined, _tag: 'Union', types: [ { '~effect/Schema': '~effect/Schema', annotations: undefined, checks: undefined, encoding: undefined, context: undefined, _tag: 'Objects', propertySignatures: [ { name: 'family', type: { '~effect/Schema': '~effect/Schema', annotations: undefined, checks: undefined, encoding: undefined, context: undefined, _tag: 'Union', types: [ { '~effect/Schema': '~effect/Schema', annotations: undefined, checks: undefined, encoding: undefined, context: undefined, _tag: 'Literal', literal: 'Git', constructor: 'Function<Literal>', getParser: 'Function<getParser>', matchPart: 'Function<matchPart>', toCodecJson: 'Function<toCodecJson>', toCodecStringTree: 'Function<toCodecStringTree>', getExpected: 'Function<getExpected>', toString: 'Function<toString>' }, { '~effect/Schema': '~effect/Schema', annotations: undefined, checks: undefined, encoding: undefined, context: undefined, _tag: 'Literal', literal: 'TaskTracker', constructor: 'Function<Literal>', getParser: 'Function<getParser>', matchPart: 'Function<matchPart>', toCodecJson: 'Function<toCodecJson>', toCodecStringTree: 'Function<toCodecStringTree>', getExpected: 'Function<getExpected>', toString: 'Function<toString>' } ], mode: 'anyOf', encodingChecks: undefined, constructor: 'Function<Union>', getParser: 'Function<getParser>', _rebuild: 'Function<_rebuild>', recur: 'Function<recur>', flip: 'Function<flip>', matchPart: 'Function<matchPart>', getExpected: 'Function<getExpected>', toString: 'Function<toString>' }, constructor: 'Function<PropertySignature>' }, { name: 'operationIds', type: { '~effect/Schema': '~effect/Schema', annotations: undefined, checks: undefined, encoding: undefined, context: undefined, _tag: 'Arrays', isMutable: false, elements: [], rest: [ { '~effect/Schema': '~effect/Schema', annotations: undefined, checks: [ { _tag: 'Filter', run: 'Function<anonymous>', annotations: { expected: 'a value with a length of at least 1', representation: { id: 'effect/schema/isMinLength', payload: { minLength: 1 } }, toJsonSchema: 'Function<toJsonSchema>', toCode: 'Function<toCode>', '~structural': true, arbitrary: { constraint: { minLength: 1 } }, brands: [ 'OperationId' ] }, aborted: false, constructor: 'Function<Filter>', annotate: 'Function<annotate>', abort: 'Function<abort>', and: 'Function<and>', pipe: 'Function<pipe>' } ], encoding: undefined, context: undefined, _tag: 'String', constructor: 'Function<String>', getParser: 'Function<getParser>', matchPart: 'Function<matchPart>', getExpected: 'Function<getExpected>', toString: 'Function<toString>' } ], encodingChecks: undefined, constructor: 'Function<Arrays>', getParser: 'Function<getParser>', _rebuild: 'Function<_rebuild>', recur: 'Function<recur>', flip: 'Function<flip>', getExpected: 'Function<getExpected>', toString: 'Function<toString>' }, constructor: 'Function<PropertySignature>' }, { name: 'baseline', type: { '~effect/Schema': '~effect/Schema', annotations: undefined, checks: undefined, encoding: undefined, context: undefined, _tag: 'Union', types: [ { '~effect/Schema': '~effect/Schema', annotations: undefined, checks: undefined, encoding: undefined, context: undefined, _tag: 'Objects', propertySignatures: [ { name: 'runId', type: { '~effect/Schema': '~effect/Schema', annotations: undefined, checks: [ { _tag: 'Filter', run: 'Function<anonymous>', annotations: { expected: 'a value with a length of at least 1', representation: { id: 'effect/schema/isMinLength', payload: { minLength: 1 } }, toJsonSchema: 'Function<toJsonSchema>', toCode: 'Function<toCode>', '~structural': true, arbitrary: { constraint: { minLength: 1 } }, brands: [ 'RunId' ] }, aborted: false, constructor: 'Function<Filter>', annotate: 'Function<annotate>', abort: 'Function<abort>', and: 'Function<and>', pipe: 'Function<pipe>' } ], encoding: undefined, context: undefined, _tag: 'String', constructor: 'Function<String>', getParser: 'Function<getParser>', matchPart: 'Function<matchPart>', getExpected: 'Function<getExpected>', toString: 'Function<toString>' }, constructor: 'Function<PropertySignature>' }, { name: 'attemptId', type: { '~effect/Schema': '~effect/Schema', annotations: undefined, checks: [ { _tag: 'Filter', run: 'Function<anonymous>', annotations: { expected: 'a value with a length of at least 1', representation: { id: 'effect/schema/isMinLength', payload: { minLength: 1 } }, toJsonSchema: 'Function<toJsonSchema>', toCode: 'Function<toCode>', '~structural': true, arbitrary: { constraint: { minLength: 1 } }, brands: [ 'AttemptId' ] }, aborted: false, constructor: 'Function<Filter>', annotate: 'Function<annotate>', abort: 'Function<abort>', and: 'Function<and>', pipe: 'Function<pipe>' } ], encoding: undefined, context: undefined, _tag: 'String', constructor: 'Function<String>', getParser: 'Function<getParser>', matchPart: 'Function<matchPart>', getExpected: 'Function<getExpected>', toString: 'Function<toString>' }, constructor: 'Function<PropertySignature>' }, { name: 'round', type: { '~effect/Schema': '~effect/Schema', annotations: undefined, checks: undefined, encoding: undefined, context: undefined, _tag: 'Union', types: [ { '~effect/Schema': '~effect/Schema', annotations: undefined, checks: [ { _tag: 'Filter', run: 'Function<anonymous>', annotations: { expected: 'an integer', representation: { id: 'effect/schema/isInt', payload: null }, toJsonSchema: 'Function<toJsonSchema>', toCode: 'Function<toCode>', arbitrary: { constraint: { integer: true } } }, aborted: false, constructor: 'Function<Filter>', annotate: 'Function<annotate>', abort: 'Function<abort>', and: 'Function<and>', pipe: 'Function<pipe>' }, { _tag: 'Filter', run: 'Function<anonymous>', annotations: { expected: 'a value greater than or equal to 1', arbitrary: { constraint: { ordered: { order: 'Function<anonymous>', minimum: 1 } } }, representation: { id: 'effect/schema/isGreaterThanOrEqualTo', payload: { minimum: 1 } }, toJsonSchema: 'Function<toJsonSchema>', toCode: 'Function<toCode>' }, aborted: false, constructor: 'Function<Filter>', annotate: 'Function<annotate>', abort: 'Function<abort>', and: 'Function<and>', pipe: 'Function<pipe>' } ], encoding: undefined, context: undefined, _tag: 'Number', constructor: 'Function<Number>', getParser: 'Function<getParser>', matchKey: 'Function<matchKey>', matchPart: 'Function<matchPart>', _match: 'Function<_match>', toCodecJson: 'Function<toCodecJson>', toCodecStringTree: 'Function<toCodecStringTree>', getExpected: 'Function<getExpected>', toString: 'Function<toString>' }, { '~effect/Schema': '~effect/Schema', annotations: undefined, checks: undefined, encoding: undefined, context: undefined, _tag: 'Null', constructor: 'Function<Null>', getParser: 'Function<getParser>', getExpected: 'Function<getExpected>', toString: 'Function<toString>' } ], mode: 'anyOf', encodingChecks: undefined, constructor: 'Function<Union>', getParser: 'Function<getParser>', _rebuild: 'Function<_rebuild>', recur: 'Function<recur>', flip: 'Function<flip>', matchPart: 'Function<matchPart>', getExpected: 'Function<getExpected>', toString: 'Function<toString>' }, constructor: 'Function<PropertySignature>' } ], indexSignatures: [], encodingChecks: undefined, constructor: 'Function<Objects>', getParser: 'Function<getParser>', _rebuild: 'Function<_rebuild>', flip: 'Function<flip>', recur: 'Function<recur>', getExpected: 'Function<getExpected>', toString: 'Function<toString>' }, { '~effect/Schema': '~effect/Schema', annotations: undefined, checks: undefined, encoding: undefined, context: undefined, _tag: 'Null', constructor: 'Function<Null>', getParser: 'Function<getParser>', getExpected: 'Function<getExpected>', toString: 'Function<toString>' } ], mode: 'anyOf', encodingChecks: undefined, constructor: 'Function<Union>', getParser: 'Function<getParser>', _rebuild: 'Function<_rebuild>', recur: 'Function<recur>', flip: 'Function<flip>', matchPart: 'Function<matchPart>', getExpected: 'Function<getExpected>', toString: 'Function<toString>' }, constructor: 'Function<PropertySignature>' } ], indexSignatures: [], encodingChecks: undefined, constructor: 'Function<Objects>', getParser: 'Function<getParser>', _rebuild: 'Function<_rebuild>', flip: 'Function<flip>', recur: 'Function<recur>', getExpected: 'Function<getExpected>', toString: 'Function<toString>' }, { '~effect/Schema': '~effect/Schema', annotations: undefined, checks: undefined, encoding: undefined, context: undefined, _tag: 'Null', constructor: 'Function<Null>', getParser: 'Function<getParser>', getExpected: 'Function<getExpected>', toString: 'Function<toString>' } ], mode: 'anyOf', encodingChecks: undefined, constructor: 'Function<Union>', getParser: 'Function<getParser>', _rebuild: 'Function<_rebuild>', recur: 'Function<recur>', flip: 'Function<flip>', matchPart: 'Function<matchPart>', getExpected: 'Function<getExpected>', toString: 'Function<toString>' }, constructor: 'Function<PropertySignature>' }, { name: 'missingEvidence', type: { '~effect/Schema': '~effect/Schema', annotations: undefined, checks: undefined, encoding: undefined, context: undefined, _tag: 'Union', types: [ { '~effect/Schema': '~effect/Schema', annotations: undefined, checks: undefined, encoding: undefined, context: undefined, _tag: 'Literal', literal: 'OwnerRelease', constructor: 'Function<Literal>', getParser: 'Function<getParser>', matchPart: 'Function<matchPart>', toCodecJson: 'Function<toCodecJson>', toCodecStringTree: 'Function<toCodecStringTree>', getExpected: 'Function<getExpected>', toString: 'Function<toString>' }, { '~effect/Schema': '~effect/Schema', annotations: undefined, checks: undefined, encoding: undefined, context: undefined, _tag: 'Literal', literal: 'BoundaryObservation', constructor: 'Function<Literal>', getParser: 'Function<getParser>', matchPart: 'Function<matchPart>', toCodecJson: 'Function<toCodecJson>', toCodecStringTree: 'Function<toCodecStringTree>', getExpected: 'Function<getExpected>', toString: 'Function<toString>' }, { '~effect/Schema': '~effect/Schema', annotations: undefined, checks: undefined, encoding: undefined, context: undefined, _tag: 'Literal', literal: 'JournalAcknowledgement', constructor: 'Function<Literal>', getParser: 'Function<getParser>', matchPart: 'Function<matchPart>', toCodecJson: 'Function<toCodecJson>', toCodecStringTree: 'Function<toCodecStringTree>', getExpected: 'Function<getExpected>', toString: 'Function<toString>' }, { '~effect/Schema': '~effect/Schema', annotations: undefined, checks: undefined, encoding: undefined, context: undefined, _tag: 'Literal', literal: 'CorrelatedExecutorSettlement', constructor: 'Function<Literal>', getParser: 'Function<getParser>', matchPart: 'Function<matchPart>', toCodecJson: 'Function<toCodecJson>', toCodecStringTree: 'Function<toCodecStringTree>', getExpected: 'Function<getExpected>', toString: 'Function<toString>' }, { '~effect/Schema': '~effect/Schema', annotations: undefined, checks: undefined, encoding: undefined, context: undefined, _tag: 'Literal', literal: 'LocalCloseAcknowledgement', constructor: 'Function<Literal>', getParser: 'Function<getParser>', matchPart: 'Function<matchPart>', toCodecJson: 'Function<toCodecJson>', toCodecStringTree: 'Function<toCodecStringTree>', getExpected: 'Function<getExpected>', toString: 'Function<toString>' }, { '~effect/Schema': '~effect/Schema', annotations: undefined, checks: undefined, encoding: undefined, context: undefined, _tag: 'Literal', literal: 'None', constructor: 'Function<Literal>', getParser: 'Function<getParser>', matchPart: 'Function<matchPart>', toCodecJson: 'Function<toCodecJson>', toCodecStringTree: 'Function<toCodecStringTree>', getExpected: 'Function<getExpected>', toString: 'Function<toString>' } ], mode: 'anyOf', encodingChecks: undefined, constructor: 'Function<Union>', getParser: 'Function<getParser>', _rebuild: 'Function<_rebuild>', recur: 'Function<recur>', flip: 'Function<flip>', matchPart: 'Function<matchPart>', getExpected: 'Function<getExpected>', toString: 'Function<toString>' }, constructor: 'Function<PropertySignature>' }, { name: 'nextAction', type: { '~effect/Schema': '~effect/Schema', annotations: undefined, checks: undefined, encoding: undefined, context: undefined, _tag: 'Union', types: [ { '~effect/Schema': '~effect/Schema', annotations: undefined, checks: undefined, encoding: undefined, context: undefined, _tag: 'Literal', literal: 'AwaitOwnerRelease', constructor: 'Function<Literal>', getParser: 'Function<getParser>', matchPart: 'Function<matchPart>', toCodecJson: 'Function<toCodecJson>', toCodecStringTree: 'Function<toCodecStringTree>', getExpected: 'Function<getExpected>', toString: 'Function<toString>' }, { '~effect/Schema': '~effect/Schema', annotations: undefined, checks: undefined, encoding: undefined, context: undefined, _tag: 'Literal', literal: 'ReconcileOriginalAuthorityBeforeRetry', constructor: 'Function<Literal>', getParser: 'Function<getParser>', matchPart: 'Function<matchPart>', toCodecJson: 'Function<toCodecJson>', toCodecStringTree: 'Function<toCodecStringTree>', getExpected: 'Function<getExpected>', toString: 'Function<toString>' }, { '~effect/Schema': '~effect/Schema', annotations: undefined, checks: undefined, encoding: undefined, context: undefined, _tag: 'Literal', literal: 'AwaitJournalAcknowledgement', constructor: 'Function<Literal>', getParser: 'Function<getParser>', matchPart: 'Function<matchPart>', toCodecJson: 'Function<toCodecJson>', toCodecStringTree: 'Function<toCodecStringTree>', getExpected: 'Function<getExpected>', toString: 'Function<toString>' }, { '~effect/Schema': '~effect/Schema', annotations: undefined, checks: undefined, encoding: undefined, context: undefined, _tag: 'Literal', literal: 'AwaitCorrelatedExecutorSettlement', constructor: 'Function<Literal>', getParser: 'Function<getParser>', matchPart: 'Function<matchPart>', toCodecJson: 'Function<toCodecJson>', toCodecStringTree: 'Function<toCodecStringTree>', getExpected: 'Function<getExpected>', toString: 'Function<toString>' }, { '~effect/Schema': '~effect/Schema', annotations: undefined, checks: undefined, encoding: undefined, context: undefined, _tag: 'Literal', literal: 'AwaitLocalClose', constructor: 'Function<Literal>', getParser: 'Function<getParser>', matchPart: 'Function<matchPart>', toCodecJson: 'Function<toCodecJson>', toCodecStringTree: 'Function<toCodecStringTree>', getExpected: 'Function<getExpected>', toString: 'Function<toString>' }, { '~effect/Schema': '~effect/Schema', annotations: undefined, checks: undefined, encoding: undefined, context: undefined, _tag: 'Literal', literal: 'InspectDrainFailure', constructor: 'Function<Literal>', getParser: 'Function<getParser>', matchPart: 'Function<matchPart>', toCodecJson: 'Function<toCodecJson>', toCodecStringTree: 'Function<toCodecStringTree>', getExpected: 'Function<getExpected>', toString: 'Function<toString>' }, { '~effect/Schema': '~effect/Schema', annotations: undefined, checks: undefined, encoding: undefined, context: undefined, _tag: 'Literal', literal: 'None', constructor: 'Function<Literal>', getParser: 'Function<getParser>', matchPart: 'Function<matchPart>', toCodecJson: 'Function<toCodecJson>', toCodecStringTree: 'Function<toCodecStringTree>', getExpected: 'Function<getExpected>', toString: 'Function<toString>' } ], mode: 'anyOf', encodingChecks: undefined, constructor: 'Function<Union>', getParser: 'Function<getParser>', _rebuild: 'Function<_rebuild>', recur: 'Function<recur>', flip: 'Function<flip>', matchPart: 'Function<matchPart>', getExpected: 'Function<getExpected>', toString: 'Function<toString>' }, constructor: 'Function<PropertySignature>' } ], indexSignatures: [], encodingChecks: undefined, constructor: 'Function<Objects>', getParser: 'Function<getParser>', _rebuild: 'Function<_rebuild>', flip: 'Function<flip>', recur: 'Function<recur>', getExpected: 'Function<getExpected>', toString: 'Function<toString>' } ], encodingChecks: undefined, constructor: 'Function<Arrays>', getParser: 'Function<getParser>', _rebuild: 'Function<_rebuild>', recur: 'Function<recur>', flip: 'Function<flip>', getExpected: 'Function<getExpected>', toString: 'Function<toString>' }, constructor: 'Function<PropertySignature>' } ], indexSignatures: [], encodingChecks: undefined, constructor: 'Function<Objects>', getParser: 'Function<getParser>', _rebuild: 'Function<_rebuild>', flip: 'Function<flip>', recur: 'Function<recur>', getExpected: 'Function<getExpected>', toString: 'Function<toString>' }, constructor: 'Function<PropertySignature>' } ], indexSignatures: [], encodingChecks: undefined, constructor: 'Function<Objects>', getParser: 'Function<getParser>', _rebuild: 'Function<_rebuild>', flip: 'Function<flip>', recur: 'Function<recur>', getExpected: 'Function<getExpected>', toString: 'Function<toString>' }, { '~effect/Schema': '~effect/Schema', annotations: undefined, checks: undefined, encoding: undefined, context: undefined, _tag: 'Objects', propertySignatures: [ { name: '_tag', type: { '~effect/Schema': '~effect/Schema', annotations: undefined, checks: undefined, encoding: undefined, context: { isOptional: false, isMutable: false, constructorDefault: { to: { '~effect/Schema': '~effect/Schema', annotations: undefined, checks: undefined, encoding: undefined, context: undefined, _tag: 'Unknown', constructor: 'Function<Unknown>', getParser: 'Function<getParser>', getExpected: 'Function<getExpected>', toString: 'Function<toString>' }, transformation: { '~effect/SchemaTransformation/Transformation': '~effect/SchemaTransformation/Transformation', _tag: 'Transformation', decode: { run: 'Function<anonymous>', constructor: 'Function<Getter>', map: 'Function<map>', compose: 'Function<compose>', pipe: 'Function<pipe>' }, encode: { run: 'Function<anonymous>', constructor: 'Function<Getter>', map: 'Function<map>', compose: 'Function<compose>', pipe: 'Function<pipe>' }, constructor: 'Function<Transformation>', flip: 'Function<flip>', compose: 'Function<compose>' }, constructor: 'Function<Link>' }, annotations: undefined, constructor: 'Function<Context>' }, _tag: 'Literal', literal: 'TimedOut', constructor: 'Function<Literal>', getParser: 'Function<getParser>', matchPart: 'Function<matchPart>', toCodecJson: 'Function<toCodecJson>', toCodecStringTree: 'Function<toCodecStringTree>', getExpected: 'Function<getExpected>', toString: 'Function<toString>' }, constructor: 'Function<PropertySignature>' }, { name: 'diagnostics', type: { '~effect/Schema': '~effect/Schema', annotations: undefined, checks: undefined, encoding: undefined, context: undefined, _tag: 'Arrays', isMutable: false, elements: [], rest: [ { '~effect/Schema': '~effect/Schema', annotations: undefined, checks: [ { _tag: 'Filter', run: 'Function<anonymous>', annotations: { expected: 'a value with a length of at least 1', representation: { id: 'effect/schema/isMinLength', payload: { minLength: 1 } }, toJsonSchema: 'Function<toJsonSchema>', toCode: 'Function<toCode>', '~structural': true, arbitrary: { constraint: { minLength: 1 } }, brands: [ 'ApplicationExitDiagnostic' ] }, aborted: false, constructor: 'Function<Filter>', annotate: 'Function<annotate>', abort: 'Function<abort>', and: 'Function<and>', pipe: 'Function<pipe>' } ], encoding: undefined, context: undefined, _tag: 'String', constructor: 'Function<String>', getParser: 'Function<getParser>', matchPart: 'Function<matchPart>', getExpected: 'Function<getExpected>', toString: 'Function<toString>' } ], encodingChecks: undefined, constructor: 'Function<Arrays>', getParser: 'Function<getParser>', _rebuild: 'Function<_rebuild>', recur: 'Function<recur>', flip: 'Function<flip>', getExpected: 'Function<getExpected>', toString: 'Function<toString>' }, constructor: 'Function<PropertySignature>' }, { name: 'owners', type: { '~effect/Schema': '~effect/Schema', annotations: undefined, checks: undefined, encoding: undefined, context: { isOptional: true, isMutable: false, constructorDefault: undefined, annotations: undefined, constructor: 'Function<Context>' }, _tag: 'Objects', propertySignatures: [ { name: 'cutoffClosed', type: { '~effect/Schema': '~effect/Schema', annotations: undefined, checks: undefined, encoding: undefined, context: undefined, _tag: 'Boolean', constructor: 'Function<Boolean>', getParser: 'Function<getParser>', getExpected: 'Function<getExpected>', toString: 'Function<toString>' }, constructor: 'Function<PropertySignature>' }, { name: 'owners', type: { '~effect/Schema': '~effect/Schema', annotations: undefined, checks: undefined, encoding: undefined, context: undefined, _tag: 'Arrays', isMutable: false, elements: [], rest: [ { '~effect/Schema': '~effect/Schema', annotations: undefined, checks: undefined, encoding: undefined, context: undefined, _tag: 'Objects', propertySignatures: [ { name: 'ownerId', type: { '~effect/Schema': '~effect/Schema', annotations: undefined, checks: [ { _tag: 'Filter', run: 'Function<anonymous>', annotations: { expected: 'an integer', representation: { id: 'effect/schema/isInt', payload: null }, toJsonSchema: 'Function<toJsonSchema>', toCode: 'Function<toCode>', arbitrary: { constraint: { integer: true } } }, aborted: false, constructor: 'Function<Filter>', annotate: 'Function<annotate>', abort: 'Function<abort>', and: 'Function<and>', pipe: 'Function<pipe>' }, { _tag: 'Filter', run: 'Function<anonymous>', annotations: { expected: 'a value greater than or equal to 0', arbitrary: { constraint: { ordered: { order: 'Function<anonymous>', minimum: +0 } } }, representation: { id: 'effect/schema/isGreaterThanOrEqualTo', payload: { minimum: +0 } }, toJsonSchema: 'Function<toJsonSchema>', toCode: 'Function<toCode>', brands: [ 'ApplicationExitOwnerId' ] }, aborted: false, constructor: 'Function<Filter>', annotate: 'Function<annotate>', abort: 'Function<abort>', and: 'Function<and>', pipe: 'Function<pipe>' } ], encoding: undefined, context: undefined, _tag: 'Number', constructor: 'Function<Number>', getParser: 'Function<getParser>', matchKey: 'Function<matchKey>', matchPart: 'Function<matchPart>', _match: 'Function<_match>', toCodecJson: 'Function<toCodecJson>', toCodecStringTree: 'Function<toCodecStringTree>', getExpected: 'Function<getExpected>', toString: 'Function<toString>' }, constructor: 'Function<PropertySignature>' }, { name: 'family', type: { '~effect/Schema': '~effect/Schema', annotations: undefined, checks: undefined, encoding: undefined, context: undefined, _tag: 'Union', types: [ { '~effect/Schema': '~effect/Schema', annotations: undefined, checks: undefined, encoding: undefined, context: undefined, _tag: 'Literal', literal: 'ForwardOwner', constructor: 'Function<Literal>', getParser: 'Function<getParser>', matchPart: 'Function<matchPart>', toCodecJson: 'Function<toCodecJson>', toCodecStringTree: 'Function<toCodecStringTree>', getExpected: 'Function<getExpected>', toString: 'Function<toString>' }, { '~effect/Schema': '~effect/Schema', annotations: undefined, checks: undefined, encoding: undefined, context: undefined, _tag: 'Literal', literal: 'ExecutorDrain', constructor: 'Function<Literal>', getParser: 'Function<getParser>', matchPart: 'Function<matchPart>', toCodecJson: 'Function<toCodecJson>', toCodecStringTree: 'Function<toCodecStringTree>', getExpected: 'Function<getExpected>', toString: 'Function<toString>' }, { '~effect/Schema': '~effect/Schema', annotations: undefined, checks: undefined, encoding: undefined, context: undefined, _tag: 'Literal', literal: 'LocalDrain', constructor: 'Function<Literal>', getParser: 'Function<getParser>', matchPart: 'Function<matchPart>', toCodecJson: 'Function<toCodecJson>', toCodecStringTree: 'Function<toCodecStringTree>', getExpected: 'Function<getExpected>', toString: 'Function<toString>' } ], mode: 'anyOf', encodingChecks: undefined, constructor: 'Function<Union>', getParser: 'Function<getParser>', _rebuild: 'Function<_rebuild>', recur: 'Function<recur>', flip: 'Function<flip>', matchPart: 'Function<matchPart>', getExpected: 'Function<getExpected>', toString: 'Function<toString>' }, constructor: 'Function<PropertySignature>' }, { name: 'name', type: { '~effect/Schema': '~effect/Schema', annotations: undefined, checks: undefined, encoding: undefined, context: undefined, _tag: 'Union', types: [ { '~effect/Schema': '~effect/Schema', annotations: undefined, checks: undefined, encoding: undefined, context: undefined, _tag: 'Literal', literal: 'ForwardProgress', constructor: 'Function<Literal>', getParser: 'Function<getParser>', matchPart: 'Function<matchPart>', toCodecJson: 'Function<toCodecJson>', toCodecStringTree: 'Function<toCodecStringTree>', getExpected: 'Function<getExpected>', toString: 'Function<toString>' }, { '~effect/Schema': '~effect/Schema', annotations: undefined, checks: undefined, encoding: undefined, context: undefined, _tag: 'Literal', literal: 'ExecutorWork', constructor: 'Function<Literal>', getParser: 'Function<getParser>', matchPart: 'Function<matchPart>', toCodecJson: 'Function<toCodecJson>', toCodecStringTree: 'Function<toCodecStringTree>', getExpected: 'Function<getExpected>', toString: 'Function<toString>' }, { '~effect/Schema': '~effect/Schema', annotations: undefined, checks: undefined, encoding: undefined, context: undefined, _tag: 'Literal', literal: 'HostAcquisition', constructor: 'Function<Literal>', getParser: 'Function<getParser>', matchPart: 'Function<matchPart>', toCodecJson: 'Function<toCodecJson>', toCodecStringTree: 'Function<toCodecStringTree>', getExpected: 'Function<getExpected>', toString: 'Function<toString>' }, { '~effect/Schema': '~effect/Schema', annotations: undefined, checks: undefined, encoding: undefined, context: undefined, _tag: 'Literal', literal: 'CodexProvider', constructor: 'Function<Literal>', getParser: 'Function<getParser>', matchPart: 'Function<matchPart>', toCodecJson: 'Function<toCodecJson>', toCodecStringTree: 'Function<toCodecStringTree>', getExpected: 'Function<getExpected>', toString: 'Function<toString>' }, { '~effect/Schema': '~effect/Schema', annotations: undefined, checks: undefined, encoding: undefined, context: undefined, _tag: 'Literal', literal: 'RunRuntime', constructor: 'Function<Literal>', getParser: 'Function<getParser>', matchPart: 'Function<matchPart>', toCodecJson: 'Function<toCodecJson>', toCodecStringTree: 'Function<toCodecStringTree>', getExpected: 'Function<getExpected>', toString: 'Function<toString>' }, { '~effect/Schema': '~effect/Schema', annotations: undefined, checks: undefined, encoding: undefined, context: undefined, _tag: 'Literal', literal: 'ArchiveMaintenance', constructor: 'Function<Literal>', getParser: 'Function<getParser>', matchPart: 'Function<matchPart>', toCodecJson: 'Function<toCodecJson>', toCodecStringTree: 'Function<toCodecStringTree>', getExpected: 'Function<getExpected>', toString: 'Function<toString>' }, { '~effect/Schema': '~effect/Schema', annotations: undefined, checks: undefined, encoding: undefined, context: undefined, _tag: 'Literal', literal: 'Inspection', constructor: 'Function<Literal>', getParser: 'Function<getParser>', matchPart: 'Function<matchPart>', toCodecJson: 'Function<toCodecJson>', toCodecStringTree: 'Function<toCodecStringTree>', getExpected: 'Function<getExpected>', toString: 'Function<toString>' }, { '~effect/Schema': '~effect/Schema', annotations: undefined, checks: undefined, encoding: undefined, context: undefined, _tag: 'Literal', literal: 'HostWatch', constructor: 'Function<Literal>', getParser: 'Function<getParser>', matchPart: 'Function<matchPart>', toCodecJson: 'Function<toCodecJson>', toCodecStringTree: 'Function<toCodecStringTree>', getExpected: 'Function<getExpected>', toString: 'Function<toString>' }, { '~effect/Schema': '~effect/Schema', annotations: undefined, checks: undefined, encoding: undefined, context: undefined, _tag: 'Literal', literal: 'LocalResources', constructor: 'Function<Literal>', getParser: 'Function<getParser>', matchPart: 'Function<matchPart>', toCodecJson: 'Function<toCodecJson>', toCodecStringTree: 'Function<toCodecStringTree>', getExpected: 'Function<getExpected>', toString: 'Function<toString>' } ], mode: 'anyOf', encodingChecks: undefined, constructor: 'Function<Union>', getParser: 'Function<getParser>', _rebuild: 'Function<_rebuild>', recur: 'Function<recur>', flip: 'Function<flip>', matchPart: 'Function<matchPart>', getExpected: 'Function<getExpected>', toString: 'Function<toString>' }, constructor: 'Function<PropertySignature>' }, { name: 'kind', type: { '~effect/Schema': '~effect/Schema', annotations: undefined, checks: undefined, encoding: undefined, context: undefined, _tag: 'Union', types: [ { '~effect/Schema': '~effect/Schema', annotations: undefined, checks: undefined, encoding: undefined, context: undefined, _tag: 'Literal', literal: 'AtomicBoundary', constructor: 'Function<Literal>', getParser: 'Function<getParser>', matchPart: 'Function<matchPart>', toCodecJson: 'Function<toCodecJson>', toCodecStringTree: 'Function<toCodecStringTree>', getExpected: 'Function<getExpected>', toString: 'Function<toString>' }, { '~effect/Schema': '~effect/Schema', annotations: undefined, checks: undefined, encoding: undefined, context: undefined, _tag: 'Literal', literal: 'AuthorizedRunTerminationAppend', constructor: 'Function<Literal>', getParser: 'Function<getParser>', matchPart: 'Function<matchPart>', toCodecJson: 'Function<toCodecJson>', toCodecStringTree: 'Function<toCodecStringTree>', getExpected: 'Function<getExpected>', toString: 'Function<toString>' }, { '~effect/Schema': '~effect/Schema', annotations: undefined, checks: undefined, encoding: undefined, context: undefined, _tag: 'Literal', literal: 'InterruptibleBoundary', constructor: 'Function<Literal>', getParser: 'Function<getParser>', matchPart: 'Function<matchPart>', toCodecJson: 'Function<toCodecJson>', toCodecStringTree: 'Function<toCodecStringTree>', getExpected: 'Function<getExpected>', toString: 'Function<toString>' }, { '~effect/Schema': '~effect/Schema', annotations: undefined, checks: undefined, encoding: undefined, context: undefined, _tag: 'Literal', literal: 'RunActivation', constructor: 'Function<Literal>', getParser: 'Function<getParser>', matchPart: 'Function<matchPart>', toCodecJson: 'Function<toCodecJson>', toCodecStringTree: 'Function<toCodecStringTree>', getExpected: 'Function<getExpected>', toString: 'Function<toString>' }, { '~effect/Schema': '~effect/Schema', annotations: undefined, checks: undefined, encoding: undefined, context: undefined, _tag: 'Literal', literal: 'ExecutorDrain', constructor: 'Function<Literal>', getParser: 'Function<getParser>', matchPart: 'Function<matchPart>', toCodecJson: 'Function<toCodecJson>', toCodecStringTree: 'Function<toCodecStringTree>', getExpected: 'Function<getExpected>', toString: 'Function<toString>' }, { '~effect/Schema': '~effect/Schema', annotations: undefined, checks: undefined, encoding: undefined, context: undefined, _tag: 'Literal', literal: 'LocalDrain', constructor: 'Function<Literal>', getParser: 'Function<getParser>', matchPart: 'Function<matchPart>', toCodecJson: 'Function<toCodecJson>', toCodecStringTree: 'Function<toCodecStringTree>', getExpected: 'Function<getExpected>', toString: 'Function<toString>' } ], mode: 'anyOf', encodingChecks: undefined, constructor: 'Function<Union>', getParser: 'Function<getParser>', _rebuild: 'Function<_rebuild>', recur: 'Function<recur>', flip: 'Function<flip>', matchPart: 'Function<matchPart>', getExpected: 'Function<getExpected>', toString: 'Function<toString>' }, constructor: 'Function<PropertySignature>' }, { name: 'subject', type: { '~effect/Schema': '~effect/Schema', annotations: undefined, checks: undefined, encoding: undefined, context: undefined, _tag: 'Union', types: [ { '~effect/Schema': '~effect/Schema', annotations: undefined, checks: undefined, encoding: undefined, context: undefined, _tag: 'Objects', propertySignatures: [ { name: '_tag', type: { '~effect/Schema': '~effect/Schema', annotations: undefined, checks: undefined, encoding: undefined, context: { isOptional: false, isMutable: false, constructorDefault: { to: { '~effect/Schema': '~effect/Schema', annotations: undefined, checks: undefined, encoding: undefined, context: undefined, _tag: 'Unknown', constructor: 'Function<Unknown>', getParser: 'Function<getParser>', getExpected: 'Function<getExpected>', toString: 'Function<toString>' }, transformation: { '~effect/SchemaTransformation/Transformation': '~effect/SchemaTransformation/Transformation', _tag: 'Transformation', decode: { run: 'Function<anonymous>', constructor: 'Function<Getter>', map: 'Function<map>', compose: 'Function<compose>', pipe: 'Function<pipe>' }, encode: { run: 'Function<anonymous>', constructor: 'Function<Getter>', map: 'Function<map>', compose: 'Function<compose>', pipe: 'Function<pipe>' }, constructor: 'Function<Transformation>', flip: 'Function<flip>', compose: 'Function<compose>' }, constructor: 'Function<Link>' }, annotations: undefined, constructor: 'Function<Context>' }, _tag: 'Literal', literal: 'NoRun', constructor: 'Function<Literal>', getParser: 'Function<getParser>', matchPart: 'Function<matchPart>', toCodecJson: 'Function<toCodecJson>', toCodecStringTree: 'Function<toCodecStringTree>', getExpected: 'Function<getExpected>', toString: 'Function<toString>' }, constructor: 'Function<PropertySignature>' } ], indexSignatures: [], encodingChecks: undefined, constructor: 'Function<Objects>', getParser: 'Function<getParser>', _rebuild: 'Function<_rebuild>', flip: 'Function<flip>', recur: 'Function<recur>', getExpected: 'Function<getExpected>', toString: 'Function<toString>' }, { '~effect/Schema': '~effect/Schema', annotations: undefined, checks: undefined, encoding: undefined, context: undefined, _tag: 'Objects', propertySignatures: [ { name: '_tag', type: { '~effect/Schema': '~effect/Schema', annotations: undefined, checks: undefined, encoding: undefined, context: { isOptional: false, isMutable: false, constructorDefault: { to: { '~effect/Schema': '~effect/Schema', annotations: undefined, checks: undefined, encoding: undefined, context: undefined, _tag: 'Unknown', constructor: 'Function<Unknown>', getParser: 'Function<getParser>', getExpected: 'Function<getExpected>', toString: 'Function<toString>' }, transformation: { '~effect/SchemaTransformation/Transformation': '~effect/SchemaTransformation/Transformation', _tag: 'Transformation', decode: { run: 'Function<anonymous>', constructor: 'Function<Getter>', map: 'Function<map>', compose: 'Function<compose>', pipe: 'Function<pipe>' }, encode: { run: 'Function<anonymous>', constructor: 'Function<Getter>', map: 'Function<map>', compose: 'Function<compose>', pipe: 'Function<pipe>' }, constructor: 'Function<Transformation>', flip: 'Function<flip>', compose: 'Function<compose>' }, constructor: 'Function<Link>' }, annotations: undefined, constructor: 'Function<Context>' }, _tag: 'Literal', literal: 'Run', constructor: 'Function<Literal>', getParser: 'Function<getParser>', matchPart: 'Function<matchPart>', toCodecJson: 'Function<toCodecJson>', toCodecStringTree: 'Function<toCodecStringTree>', getExpected: 'Function<getExpected>', toString: 'Function<toString>' }, constructor: 'Function<PropertySignature>' }, { name: 'runId', type: { '~effect/Schema': '~effect/Schema', annotations: undefined, checks: [ { _tag: 'Filter', run: 'Function<anonymous>', annotations: { expected: 'a value with a length of at least 1', representation: { id: 'effect/schema/isMinLength', payload: { minLength: 1 } }, toJsonSchema: 'Function<toJsonSchema>', toCode: 'Function<toCode>', '~structural': true, arbitrary: { constraint: { minLength: 1 } }, brands: [ 'RunId' ] }, aborted: false, constructor: 'Function<Filter>', annotate: 'Function<annotate>', abort: 'Function<abort>', and: 'Function<and>', pipe: 'Function<pipe>' } ], encoding: undefined, context: undefined, _tag: 'String', constructor: 'Function<String>', getParser: 'Function<getParser>', matchPart: 'Function<matchPart>', getExpected: 'Function<getExpected>', toString: 'Function<toString>' }, constructor: 'Function<PropertySignature>' } ], indexSignatures: [], encodingChecks: undefined, constructor: 'Function<Objects>', getParser: 'Function<getParser>', _rebuild: 'Function<_rebuild>', flip: 'Function<flip>', recur: 'Function<recur>', getExpected: 'Function<getExpected>', toString: 'Function<toString>' }, { '~effect/Schema': '~effect/Schema', annotations: undefined, checks: undefined, encoding: undefined, context: undefined, _tag: 'Objects', propertySignatures: [ { name: '_tag', type: { '~effect/Schema': '~effect/Schema', annotations: undefined, checks: undefined, encoding: undefined, context: { isOptional: false, isMutable: false, constructorDefault: { to: { '~effect/Schema': '~effect/Schema', annotations: undefined, checks: undefined, encoding: undefined, context: undefined, _tag: 'Unknown', constructor: 'Function<Unknown>', getParser: 'Function<getParser>', getExpected: 'Function<getExpected>', toString: 'Function<toString>' }, transformation: { '~effect/SchemaTransformation/Transformation': '~effect/SchemaTransformation/Transformation', _tag: 'Transformation', decode: { run: 'Function<anonymous>', constructor: 'Function<Getter>', map: 'Function<map>', compose: 'Function<compose>', pipe: 'Function<pipe>' }, encode: { run: 'Function<anonymous>', constructor: 'Function<Getter>', map: 'Function<map>', compose: 'Function<compose>', pipe: 'Function<pipe>' }, constructor: 'Function<Transformation>', flip: 'Function<flip>', compose: 'Function<compose>' }, constructor: 'Function<Link>' }, annotations: undefined, constructor: 'Function<Context>' }, _tag: 'Literal', literal: 'Task', constructor: 'Function<Literal>', getParser: 'Function<getParser>', matchPart: 'Function<matchPart>', toCodecJson: 'Function<toCodecJson>', toCodecStringTree: 'Function<toCodecStringTree>', getExpected: 'Function<getExpected>', toString: 'Function<toString>' }, constructor: 'Function<PropertySignature>' }, { name: 'runId', type: { '~effect/Schema': '~effect/Schema', annotations: undefined, checks: [ { _tag: 'Filter', run: 'Function<anonymous>', annotations: { expected: 'a value with a length of at least 1', representation: { id: 'effect/schema/isMinLength', payload: { minLength: 1 } }, toJsonSchema: 'Function<toJsonSchema>', toCode: 'Function<toCode>', '~structural': true, arbitrary: { constraint: { minLength: 1 } }, brands: [ 'RunId' ] }, aborted: false, constructor: 'Function<Filter>', annotate: 'Function<annotate>', abort: 'Function<abort>', and: 'Function<and>', pipe: 'Function<pipe>' } ], encoding: undefined, context: undefined, _tag: 'String', constructor: 'Function<String>', getParser: 'Function<getParser>', matchPart: 'Function<matchPart>', getExpected: 'Function<getExpected>', toString: 'Function<toString>' }, constructor: 'Function<PropertySignature>' }, { name: 'taskId', type: { '~effect/Schema': '~effect/Schema', annotations: undefined, checks: [ { _tag: 'Filter', run: 'Function<anonymous>', annotations: { expected: 'a value with a length of at least 1', representation: { id: 'effect/schema/isMinLength', payload: { minLength: 1 } }, toJsonSchema: 'Function<toJsonSchema>', toCode: 'Function<toCode>', '~structural': true, arbitrary: { constraint: { minLength: 1 } }, brands: [ 'TaskId' ] }, aborted: false, constructor: 'Function<Filter>', annotate: 'Function<annotate>', abort: 'Function<abort>', and: 'Function<and>', pipe: 'Function<pipe>' } ], encoding: undefined, context: undefined, _tag: 'String', constructor: 'Function<String>', getParser: 'Function<getParser>', matchPart: 'Function<matchPart>', getExpected: 'Function<getExpected>', toString: 'Function<toString>' }, constructor: 'Function<PropertySignature>' } ], indexSignatures: [], encodingChecks: undefined, constructor: 'Function<Objects>', getParser: 'Function<getParser>', _rebuild: 'Function<_rebuild>', flip: 'Function<flip>', recur: 'Function<recur>', getExpected: 'Function<getExpected>', toString: 'Function<toString>' }, { '~effect/Schema': '~effect/Schema', annotations: undefined, checks: undefined, encoding: undefined, context: undefined, _tag: 'Objects', propertySignatures: [ { name: '_tag', type: { '~effect/Schema': '~effect/Schema', annotations: undefined, checks: undefined, encoding: undefined, context: { isOptional: false, isMutable: false, constructorDefault: { to: { '~effect/Schema': '~effect/Schema', annotations: undefined, checks: undefined, encoding: undefined, context: undefined, _tag: 'Unknown', constructor: 'Function<Unknown>', getParser: 'Function<getParser>', getExpected: 'Function<getExpected>', toString: 'Function<toString>' }, transformation: { '~effect/SchemaTransformation/Transformation': '~effect/SchemaTransformation/Transformation', _tag: 'Transformation', decode: { run: 'Function<anonymous>', constructor: 'Function<Getter>', map: 'Function<map>', compose: 'Function<compose>', pipe: 'Function<pipe>' }, encode: { run: 'Function<anonymous>', constructor: 'Function<Getter>', map: 'Function<map>', compose: 'Function<compose>', pipe: 'Function<pipe>' }, constructor: 'Function<Transformation>', flip: 'Function<flip>', compose: 'Function<compose>' }, constructor: 'Function<Link>' }, annotations: undefined, constructor: 'Function<Context>' }, _tag: 'Literal', literal: 'ExecutorAttempt', constructor: 'Function<Literal>', getParser: 'Function<getParser>', matchPart: 'Function<matchPart>', toCodecJson: 'Function<toCodecJson>', toCodecStringTree: 'Function<toCodecStringTree>', getExpected: 'Function<getExpected>', toString: 'Function<toString>' }, constructor: 'Function<PropertySignature>' }, { name: 'correlation', type: { '~effect/Schema': '~effect/Schema', annotations: undefined, checks: undefined, encoding: undefined, context: undefined, _tag: 'Objects', propertySignatures: [ { name: 'attemptId', type: { '~effect/Schema': '~effect/Schema', annotations: undefined, checks: [ { _tag: 'Filter', run: 'Function<anonymous>', annotations: { expected: 'a value with a length of at least 1', representation: { id: 'effect/schema/isMinLength', payload: { minLength: 1 } }, toJsonSchema: 'Function<toJsonSchema>', toCode: 'Function<toCode>', '~structural': true, arbitrary: { constraint: { minLength: 1 } }, brands: [ 'AttemptId' ] }, aborted: false, constructor: 'Function<Filter>', annotate: 'Function<annotate>', abort: 'Function<abort>', and: 'Function<and>', pipe: 'Function<pipe>' } ], encoding: undefined, context: undefined, _tag: 'String', constructor: 'Function<String>', getParser: 'Function<getParser>', matchPart: 'Function<matchPart>', getExpected: 'Function<getExpected>', toString: 'Function<toString>' }, constructor: 'Function<PropertySignature>' }, { name: 'runId', type: { '~effect/Schema': '~effect/Schema', annotations: undefined, checks: [ { _tag: 'Filter', run: 'Function<anonymous>', annotations: { expected: 'a value with a length of at least 1', representation: { id: 'effect/schema/isMinLength', payload: { minLength: 1 } }, toJsonSchema: 'Function<toJsonSchema>', toCode: 'Function<toCode>', '~structural': true, arbitrary: { constraint: { minLength: 1 } }, brands: [ 'RunId' ] }, aborted: false, constructor: 'Function<Filter>', annotate: 'Function<annotate>', abort: 'Function<abort>', and: 'Function<and>', pipe: 'Function<pipe>' } ], encoding: undefined, context: undefined, _tag: 'String', constructor: 'Function<String>', getParser: 'Function<getParser>', matchPart: 'Function<matchPart>', getExpected: 'Function<getExpected>', toString: 'Function<toString>' }, constructor: 'Function<PropertySignature>' } ], indexSignatures: [], encodingChecks: undefined, constructor: 'Function<Objects>', getParser: 'Function<getParser>', _rebuild: 'Function<_rebuild>', flip: 'Function<flip>', recur: 'Function<recur>', getExpected: 'Function<getExpected>', toString: 'Function<toString>' }, constructor: 'Function<PropertySignature>' } ], indexSignatures: [], encodingChecks: undefined, constructor: 'Function<Objects>', getParser: 'Function<getParser>', _rebuild: 'Function<_rebuild>', flip: 'Function<flip>', recur: 'Function<recur>', getExpected: 'Function<getExpected>', toString: 'Function<toString>' } ], mode: 'anyOf', encodingChecks: undefined, constructor: 'Function<Union>', getParser: 'Function<getParser>', _rebuild: 'Function<_rebuild>', recur: 'Function<recur>', flip: 'Function<flip>', matchPart: 'Function<matchPart>', getExpected: 'Function<getExpected>', toString: 'Function<toString>' }, constructor: 'Function<PropertySignature>' }, { name: 'evidence', type: { '~effect/Schema': '~effect/Schema', annotations: undefined, checks: undefined, encoding: undefined, context: undefined, _tag: 'Union', types: [ { '~effect/Schema': '~effect/Schema', annotations: undefined, checks: undefined, encoding: undefined, context: undefined, _tag: 'Literal', literal: 'Preparing', constructor: 'Function<Literal>', getParser: 'Function<getParser>', matchPart: 'Function<matchPart>', toCodecJson: 'Function<toCodecJson>', toCodecStringTree: 'Function<toCodecStringTree>', getExpected: 'Function<getExpected>', toString: 'Function<toString>' }, { '~effect/Schema': '~effect/Schema', annotations: undefined, checks: undefined, encoding: undefined, context: undefined, _tag: 'Literal', literal: 'Registered', constructor: 'Function<Literal>', getParser: 'Function<getParser>', matchPart: 'Function<matchPart>', toCodecJson: 'Function<toCodecJson>', toCodecStringTree: 'Function<toCodecStringTree>', getExpected: 'Function<getExpected>', toString: 'Function<toString>' }, { '~effect/Schema': '~effect/Schema', annotations: undefined, checks: undefined, encoding: undefined, context: undefined, _tag: 'Literal', literal: 'AwaitingBoundaryResult', constructor: 'Function<Literal>', getParser: 'Function<getParser>', matchPart: 'Function<matchPart>', toCodecJson: 'Function<toCodecJson>', toCodecStringTree: 'Function<toCodecStringTree>', getExpected: 'Function<getExpected>', toString: 'Function<toString>' }, { '~effect/Schema': '~effect/Schema', annotations: undefined, checks: undefined, encoding: undefined, context: undefined, _tag: 'Literal', literal: 'BoundaryResultProduced', constructor: 'Function<Literal>', getParser: 'Function<getParser>', matchPart: 'Function<matchPart>', toCodecJson: 'Function<toCodecJson>', toCodecStringTree: 'Function<toCodecStringTree>', getExpected: 'Function<getExpected>', toString: 'Function<toString>' }, { '~effect/Schema': '~effect/Schema', annotations: undefined, checks: undefined, encoding: undefined, context: undefined, _tag: 'Literal', literal: 'BoundaryResultRecorded', constructor: 'Function<Literal>', getParser: 'Function<getParser>', matchPart: 'Function<matchPart>', toCodecJson: 'Function<toCodecJson>', toCodecStringTree: 'Function<toCodecStringTree>', getExpected: 'Function<getExpected>', toString: 'Function<toString>' }, { '~effect/Schema': '~effect/Schema', annotations: undefined, checks: undefined, encoding: undefined, context: undefined, _tag: 'Literal', literal: 'RecoverableAmbiguity', constructor: 'Function<Literal>', getParser: 'Function<getParser>', matchPart: 'Function<matchPart>', toCodecJson: 'Function<toCodecJson>', toCodecStringTree: 'Function<toCodecStringTree>', getExpected: 'Function<getExpected>', toString: 'Function<toString>' }, { '~effect/Schema': '~effect/Schema', annotations: undefined, checks: undefined, encoding: undefined, context: undefined, _tag: 'Literal', literal: 'DrainRegistered', constructor: 'Function<Literal>', getParser: 'Function<getParser>', matchPart: 'Function<matchPart>', toCodecJson: 'Function<toCodecJson>', toCodecStringTree: 'Function<toCodecStringTree>', getExpected: 'Function<getExpected>', toString: 'Function<toString>' }, { '~effect/Schema': '~effect/Schema', annotations: undefined, checks: undefined, encoding: undefined, context: undefined, _tag: 'Literal', literal: 'DrainPending', constructor: 'Function<Literal>', getParser: 'Function<getParser>', matchPart: 'Function<matchPart>', toCodecJson: 'Function<toCodecJson>', toCodecStringTree: 'Function<toCodecStringTree>', getExpected: 'Function<getExpected>', toString: 'Function<toString>' }, { '~effect/Schema': '~effect/Schema', annotations: undefined, checks: undefined, encoding: undefined, context: undefined, _tag: 'Literal', literal: 'DrainSucceeded', constructor: 'Function<Literal>', getParser: 'Function<getParser>', matchPart: 'Function<matchPart>', toCodecJson: 'Function<toCodecJson>', toCodecStringTree: 'Function<toCodecStringTree>', getExpected: 'Function<getExpected>', toString: 'Function<toString>' }, { '~effect/Schema': '~effect/Schema', annotations: undefined, checks: undefined, encoding: undefined, context: undefined, _tag: 'Literal', literal: 'DrainFailed', constructor: 'Function<Literal>', getParser: 'Function<getParser>', matchPart: 'Function<matchPart>', toCodecJson: 'Function<toCodecJson>', toCodecStringTree: 'Function<toCodecStringTree>', getExpected: 'Function<getExpected>', toString: 'Function<toString>' } ], mode: 'anyOf', encodingChecks: undefined, constructor: 'Function<Union>', getParser: 'Function<getParser>', _rebuild: 'Function<_rebuild>', recur: 'Function<recur>', flip: 'Function<flip>', matchPart: 'Function<matchPart>', getExpected: 'Function<getExpected>', toString: 'Function<toString>' }, constructor: 'Function<PropertySignature>' }, { name: 'boundary', type: { '~effect/Schema': '~effect/Schema', annotations: undefined, checks: undefined, encoding: undefined, context: undefined, _tag: 'Union', types: [ { '~effect/Schema': '~effect/Schema', annotations: undefined, checks: undefined, encoding: undefined, context: undefined, _tag: 'Objects', propertySignatures: [ { name: 'family', type: { '~effect/Schema': '~effect/Schema', annotations: undefined, checks: undefined, encoding: undefined, context: undefined, _tag: 'Union', types: [ { '~effect/Schema': '~effect/Schema', annotations: undefined, checks: undefined, encoding: undefined, context: undefined, _tag: 'Literal', literal: 'Git', constructor: 'Function<Literal>', getParser: 'Function<getParser>', matchPart: 'Function<matchPart>', toCodecJson: 'Function<toCodecJson>', toCodecStringTree: 'Function<toCodecStringTree>', getExpected: 'Function<getExpected>', toString: 'Function<toString>' }, { '~effect/Schema': '~effect/Schema', annotations: undefined, checks: undefined, encoding: undefined, context: undefined, _tag: 'Literal', literal: 'TaskTracker', constructor: 'Function<Literal>', getParser: 'Function<getParser>', matchPart: 'Function<matchPart>', toCodecJson: 'Function<toCodecJson>', toCodecStringTree: 'Function<toCodecStringTree>', getExpected: 'Function<getExpected>', toString: 'Function<toString>' } ], mode: 'anyOf', encodingChecks: undefined, constructor: 'Function<Union>', getParser: 'Function<getParser>', _rebuild: 'Function<_rebuild>', recur: 'Function<recur>', flip: 'Function<flip>', matchPart: 'Function<matchPart>', getExpected: 'Function<getExpected>', toString: 'Function<toString>' }, constructor: 'Function<PropertySignature>' }, { name: 'operationIds', type: { '~effect/Schema': '~effect/Schema', annotations: undefined, checks: undefined, encoding: undefined, context: undefined, _tag: 'Arrays', isMutable: false, elements: [], rest: [ { '~effect/Schema': '~effect/Schema', annotations: undefined, checks: [ { _tag: 'Filter', run: 'Function<anonymous>', annotations: { expected: 'a value with a length of at least 1', representation: { id: 'effect/schema/isMinLength', payload: { minLength: 1 } }, toJsonSchema: 'Function<toJsonSchema>', toCode: 'Function<toCode>', '~structural': true, arbitrary: { constraint: { minLength: 1 } }, brands: [ 'OperationId' ] }, aborted: false, constructor: 'Function<Filter>', annotate: 'Function<annotate>', abort: 'Function<abort>', and: 'Function<and>', pipe: 'Function<pipe>' } ], encoding: undefined, context: undefined, _tag: 'String', constructor: 'Function<String>', getParser: 'Function<getParser>', matchPart: 'Function<matchPart>', getExpected: 'Function<getExpected>', toString: 'Function<toString>' } ], encodingChecks: undefined, constructor: 'Function<Arrays>', getParser: 'Function<getParser>', _rebuild: 'Function<_rebuild>', recur: 'Function<recur>', flip: 'Function<flip>', getExpected: 'Function<getExpected>', toString: 'Function<toString>' }, constructor: 'Function<PropertySignature>' }, { name: 'baseline', type: { '~effect/Schema': '~effect/Schema', annotations: undefined, checks: undefined, encoding: undefined, context: undefined, _tag: 'Union', types: [ { '~effect/Schema': '~effect/Schema', annotations: undefined, checks: undefined, encoding: undefined, context: undefined, _tag: 'Objects', propertySignatures: [ { name: 'runId', type: { '~effect/Schema': '~effect/Schema', annotations: undefined, checks: [ { _tag: 'Filter', run: 'Function<anonymous>', annotations: { expected: 'a value with a length of at least 1', representation: { id: 'effect/schema/isMinLength', payload: { minLength: 1 } }, toJsonSchema: 'Function<toJsonSchema>', toCode: 'Function<toCode>', '~structural': true, arbitrary: { constraint: { minLength: 1 } }, brands: [ 'RunId' ] }, aborted: false, constructor: 'Function<Filter>', annotate: 'Function<annotate>', abort: 'Function<abort>', and: 'Function<and>', pipe: 'Function<pipe>' } ], encoding: undefined, context: undefined, _tag: 'String', constructor: 'Function<String>', getParser: 'Function<getParser>', matchPart: 'Function<matchPart>', getExpected: 'Function<getExpected>', toString: 'Function<toString>' }, constructor: 'Function<PropertySignature>' }, { name: 'attemptId', type: { '~effect/Schema': '~effect/Schema', annotations: undefined, checks: [ { _tag: 'Filter', run: 'Function<anonymous>', annotations: { expected: 'a value with a length of at least 1', representation: { id: 'effect/schema/isMinLength', payload: { minLength: 1 } }, toJsonSchema: 'Function<toJsonSchema>', toCode: 'Function<toCode>', '~structural': true, arbitrary: { constraint: { minLength: 1 } }, brands: [ 'AttemptId' ] }, aborted: false, constructor: 'Function<Filter>', annotate: 'Function<annotate>', abort: 'Function<abort>', and: 'Function<and>', pipe: 'Function<pipe>' } ], encoding: undefined, context: undefined, _tag: 'String', constructor: 'Function<String>', getParser: 'Function<getParser>', matchPart: 'Function<matchPart>', getExpected: 'Function<getExpected>', toString: 'Function<toString>' }, constructor: 'Function<PropertySignature>' }, { name: 'round', type: { '~effect/Schema': '~effect/Schema', annotations: undefined, checks: undefined, encoding: undefined, context: undefined, _tag: 'Union', types: [ { '~effect/Schema': '~effect/Schema', annotations: undefined, checks: [ { _tag: 'Filter', run: 'Function<anonymous>', annotations: { expected: 'an integer', representation: { id: 'effect/schema/isInt', payload: null }, toJsonSchema: 'Function<toJsonSchema>', toCode: 'Function<toCode>', arbitrary: { constraint: { integer: true } } }, aborted: false, constructor: 'Function<Filter>', annotate: 'Function<annotate>', abort: 'Function<abort>', and: 'Function<and>', pipe: 'Function<pipe>' }, { _tag: 'Filter', run: 'Function<anonymous>', annotations: { expected: 'a value greater than or equal to 1', arbitrary: { constraint: { ordered: { order: 'Function<anonymous>', minimum: 1 } } }, representation: { id: 'effect/schema/isGreaterThanOrEqualTo', payload: { minimum: 1 } }, toJsonSchema: 'Function<toJsonSchema>', toCode: 'Function<toCode>' }, aborted: false, constructor: 'Function<Filter>', annotate: 'Function<annotate>', abort: 'Function<abort>', and: 'Function<and>', pipe: 'Function<pipe>' } ], encoding: undefined, context: undefined, _tag: 'Number', constructor: 'Function<Number>', getParser: 'Function<getParser>', matchKey: 'Function<matchKey>', matchPart: 'Function<matchPart>', _match: 'Function<_match>', toCodecJson: 'Function<toCodecJson>', toCodecStringTree: 'Function<toCodecStringTree>', getExpected: 'Function<getExpected>', toString: 'Function<toString>' }, { '~effect/Schema': '~effect/Schema', annotations: undefined, checks: undefined, encoding: undefined, context: undefined, _tag: 'Null', constructor: 'Function<Null>', getParser: 'Function<getParser>', getExpected: 'Function<getExpected>', toString: 'Function<toString>' } ], mode: 'anyOf', encodingChecks: undefined, constructor: 'Function<Union>', getParser: 'Function<getParser>', _rebuild: 'Function<_rebuild>', recur: 'Function<recur>', flip: 'Function<flip>', matchPart: 'Function<matchPart>', getExpected: 'Function<getExpected>', toString: 'Function<toString>' }, constructor: 'Function<PropertySignature>' } ], indexSignatures: [], encodingChecks: undefined, constructor: 'Function<Objects>', getParser: 'Function<getParser>', _rebuild: 'Function<_rebuild>', flip: 'Function<flip>', recur: 'Function<recur>', getExpected: 'Function<getExpected>', toString: 'Function<toString>' }, { '~effect/Schema': '~effect/Schema', annotations: undefined, checks: undefined, encoding: undefined, context: undefined, _tag: 'Null', constructor: 'Function<Null>', getParser: 'Function<getParser>', getExpected: 'Function<getExpected>', toString: 'Function<toString>' } ], mode: 'anyOf', encodingChecks: undefined, constructor: 'Function<Union>', getParser: 'Function<getParser>', _rebuild: 'Function<_rebuild>', recur: 'Function<recur>', flip: 'Function<flip>', matchPart: 'Function<matchPart>', getExpected: 'Function<getExpected>', toString: 'Function<toString>' }, constructor: 'Function<PropertySignature>' } ], indexSignatures: [], encodingChecks: undefined, constructor: 'Function<Objects>', getParser: 'Function<getParser>', _rebuild: 'Function<_rebuild>', flip: 'Function<flip>', recur: 'Function<recur>', getExpected: 'Function<getExpected>', toString: 'Function<toString>' }, { '~effect/Schema': '~effect/Schema', annotations: undefined, checks: undefined, encoding: undefined, context: undefined, _tag: 'Null', constructor: 'Function<Null>', getParser: 'Function<getParser>', getExpected: 'Function<getExpected>', toString: 'Function<toString>' } ], mode: 'anyOf', encodingChecks: undefined, constructor: 'Function<Union>', getParser: 'Function<getParser>', _rebuild: 'Function<_rebuild>', recur: 'Function<recur>', flip: 'Function<flip>', matchPart: 'Function<matchPart>', getExpected: 'Function<getExpected>', toString: 'Function<toString>' }, constructor: 'Function<PropertySignature>' }, { name: 'missingEvidence', type: { '~effect/Schema': '~effect/Schema', annotations: undefined, checks: undefined, encoding: undefined, context: undefined, _tag: 'Union', types: [ { '~effect/Schema': '~effect/Schema', annotations: undefined, checks: undefined, encoding: undefined, context: undefined, _tag: 'Literal', literal: 'OwnerRelease', constructor: 'Function<Literal>', getParser: 'Function<getParser>', matchPart: 'Function<matchPart>', toCodecJson: 'Function<toCodecJson>', toCodecStringTree: 'Function<toCodecStringTree>', getExpected: 'Function<getExpected>', toString: 'Function<toString>' }, { '~effect/Schema': '~effect/Schema', annotations: undefined, checks: undefined, encoding: undefined, context: undefined, _tag: 'Literal', literal: 'BoundaryObservation', constructor: 'Function<Literal>', getParser: 'Function<getParser>', matchPart: 'Function<matchPart>', toCodecJson: 'Function<toCodecJson>', toCodecStringTree: 'Function<toCodecStringTree>', getExpected: 'Function<getExpected>', toString: 'Function<toString>' }, { '~effect/Schema': '~effect/Schema', annotations: undefined, checks: undefined, encoding: undefined, context: undefined, _tag: 'Literal', literal: 'JournalAcknowledgement', constructor: 'Function<Literal>', getParser: 'Function<getParser>', matchPart: 'Function<matchPart>', toCodecJson: 'Function<toCodecJson>', toCodecStringTree: 'Function<toCodecStringTree>', getExpected: 'Function<getExpected>', toString: 'Function<toString>' }, { '~effect/Schema': '~effect/Schema', annotations: undefined, checks: undefined, encoding: undefined, context: undefined, _tag: 'Literal', literal: 'CorrelatedExecutorSettlement', constructor: 'Function<Literal>', getParser: 'Function<getParser>', matchPart: 'Function<matchPart>', toCodecJson: 'Function<toCodecJson>', toCodecStringTree: 'Function<toCodecStringTree>', getExpected: 'Function<getExpected>', toString: 'Function<toString>' }, { '~effect/Schema': '~effect/Schema', annotations: undefined, checks: undefined, encoding: undefined, context: undefined, _tag: 'Literal', literal: 'LocalCloseAcknowledgement', constructor: 'Function<Literal>', getParser: 'Function<getParser>', matchPart: 'Function<matchPart>', toCodecJson: 'Function<toCodecJson>', toCodecStringTree: 'Function<toCodecStringTree>', getExpected: 'Function<getExpected>', toString: 'Function<toString>' }, { '~effect/Schema': '~effect/Schema', annotations: undefined, checks: undefined, encoding: undefined, context: undefined, _tag: 'Literal', literal: 'None', constructor: 'Function<Literal>', getParser: 'Function<getParser>', matchPart: 'Function<matchPart>', toCodecJson: 'Function<toCodecJson>', toCodecStringTree: 'Function<toCodecStringTree>', getExpected: 'Function<getExpected>', toString: 'Function<toString>' } ], mode: 'anyOf', encodingChecks: undefined, constructor: 'Function<Union>', getParser: 'Function<getParser>', _rebuild: 'Function<_rebuild>', recur: 'Function<recur>', flip: 'Function<flip>', matchPart: 'Function<matchPart>', getExpected: 'Function<getExpected>', toString: 'Function<toString>' }, constructor: 'Function<PropertySignature>' }, { name: 'nextAction', type: { '~effect/Schema': '~effect/Schema', annotations: undefined, checks: undefined, encoding: undefined, context: undefined, _tag: 'Union', types: [ { '~effect/Schema': '~effect/Schema', annotations: undefined, checks: undefined, encoding: undefined, context: undefined, _tag: 'Literal', literal: 'AwaitOwnerRelease', constructor: 'Function<Literal>', getParser: 'Function<getParser>', matchPart: 'Function<matchPart>', toCodecJson: 'Function<toCodecJson>', toCodecStringTree: 'Function<toCodecStringTree>', getExpected: 'Function<getExpected>', toString: 'Function<toString>' }, { '~effect/Schema': '~effect/Schema', annotations: undefined, checks: undefined, encoding: undefined, context: undefined, _tag: 'Literal', literal: 'ReconcileOriginalAuthorityBeforeRetry', constructor: 'Function<Literal>', getParser: 'Function<getParser>', matchPart: 'Function<matchPart>', toCodecJson: 'Function<toCodecJson>', toCodecStringTree: 'Function<toCodecStringTree>', getExpected: 'Function<getExpected>', toString: 'Function<toString>' }, { '~effect/Schema': '~effect/Schema', annotations: undefined, checks: undefined, encoding: undefined, context: undefined, _tag: 'Literal', literal: 'AwaitJournalAcknowledgement', constructor: 'Function<Literal>', getParser: 'Function<getParser>', matchPart: 'Function<matchPart>', toCodecJson: 'Function<toCodecJson>', toCodecStringTree: 'Function<toCodecStringTree>', getExpected: 'Function<getExpected>', toString: 'Function<toString>' }, { '~effect/Schema': '~effect/Schema', annotations: undefined, checks: undefined, encoding: undefined, context: undefined, _tag: 'Literal', literal: 'AwaitCorrelatedExecutorSettlement', constructor: 'Function<Literal>', getParser: 'Function<getParser>', matchPart: 'Function<matchPart>', toCodecJson: 'Function<toCodecJson>', toCodecStringTree: 'Function<toCodecStringTree>', getExpected: 'Function<getExpected>', toString: 'Function<toString>' }, { '~effect/Schema': '~effect/Schema', annotations: undefined, checks: undefined, encoding: undefined, context: undefined, _tag: 'Literal', literal: 'AwaitLocalClose', constructor: 'Function<Literal>', getParser: 'Function<getParser>', matchPart: 'Function<matchPart>', toCodecJson: 'Function<toCodecJson>', toCodecStringTree: 'Function<toCodecStringTree>', getExpected: 'Function<getExpected>', toString: 'Function<toString>' }, { '~effect/Schema': '~effect/Schema', annotations: undefined, checks: undefined, encoding: undefined, context: undefined, _tag: 'Literal', literal: 'InspectDrainFailure', constructor: 'Function<Literal>', getParser: 'Function<getParser>', matchPart: 'Function<matchPart>', toCodecJson: 'Function<toCodecJson>', toCodecStringTree: 'Function<toCodecStringTree>', getExpected: 'Function<getExpected>', toString: 'Function<toString>' }, { '~effect/Schema': '~effect/Schema', annotations: undefined, checks: undefined, encoding: undefined, context: undefined, _tag: 'Literal', literal: 'None', constructor: 'Function<Literal>', getParser: 'Function<getParser>', matchPart: 'Function<matchPart>', toCodecJson: 'Function<toCodecJson>', toCodecStringTree: 'Function<toCodecStringTree>', getExpected: 'Function<getExpected>', toString: 'Function<toString>' } ], mode: 'anyOf', encodingChecks: undefined, constructor: 'Function<Union>', getParser: 'Function<getParser>', _rebuild: 'Function<_rebuild>', recur: 'Function<recur>', flip: 'Function<flip>', matchPart: 'Function<matchPart>', getExpected: 'Function<getExpected>', toString: 'Function<toString>' }, constructor: 'Function<PropertySignature>' } ], indexSignatures: [], encodingChecks: undefined, constructor: 'Function<Objects>', getParser: 'Function<getParser>', _rebuild: 'Function<_rebuild>', flip: 'Function<flip>', recur: 'Function<recur>', getExpected: 'Function<getExpected>', toString: 'Function<toString>' } ], encodingChecks: undefined, constructor: 'Function<Arrays>', getParser: 'Function<getParser>', _rebuild: 'Function<_rebuild>', recur: 'Function<recur>', flip: 'Function<flip>', getExpected: 'Function<getExpected>', toString: 'Function<toString>' }, constructor: 'Function<PropertySignature>' } ], indexSignatures: [], encodingChecks: undefined, constructor: 'Function<Objects>', getParser: 'Function<getParser>', _rebuild: 'Function<_rebuild>', flip: 'Function<flip>', recur: 'Function<recur>', getExpected: 'Function<getExpected>', toString: 'Function<toString>' }, constructor: 'Function<PropertySignature>' }, { name: 'requestedStatus', type: { '~effect/Schema': '~effect/Schema', annotations: undefined, checks: undefined, encoding: undefined, context: undefined, _tag: 'Literal', literal: 1, constructor: 'Function<Literal>', getParser: 'Function<getParser>', matchPart: 'Function<matchPart>', toCodecJson: 'Function<toCodecJson>', toCodecStringTree: 'Function<toCodecStringTree>', getExpected: 'Function<getExpected>', toString: 'Function<toString>' }, constructor: 'Function<PropertySignature>' } ], indexSignatures: [], encodingChecks: undefined, constructor: 'Function<Objects>', getParser: 'Function<getParser>', _rebuild: 'Function<_rebuild>', flip: 'Function<flip>', recur: 'Function<recur>', getExpected: 'Function<getExpected>', toString: 'Function<toString>' } ], mode: 'anyOf', encodingChecks: undefined, constructor: 'Function<Union>', getParser: 'Function<getParser>', _rebuild: 'Function<_rebuild>', recur: 'Function<recur>', flip: 'Function<flip>', matchPart: 'Function<matchPart>', getExpected: 'Function<getExpected>', toString: 'Function<toString>' }, constructor: 'Function<PropertySignature>' } ], indexSignatures: [], encodingChecks: undefined, constructor: 'Function<Objects>', getParser: 'Function<getParser>', _rebuild: 'Function<_rebuild>', flip: 'Function<flip>', recur: 'Function<recur>', getExpected: 'Function<getExpected>', toString: 'Function<toString>' }, issues: [ { '~effect/SchemaIssue/Issue': '~effect/SchemaIssue/Issue', _tag: 'Pointer', path: [ 'result' ], issue: { '~effect/SchemaIssue/Issue': '~effect/SchemaIssue/Issue', _tag: 'AnyOf', ast: { '~effect/Schema': '~effect/Schema', annotations: undefined, checks: undefined, encoding: undefined, context: undefined, _tag: 'Union', types: [ { '~effect/Schema': '~effect/Schema', annotations: undefined, checks: undefined, encoding: undefined, context: undefined, _tag: 'Objects', propertySignatures: [ { name: '_tag', type: { '~effect/Schema': '~effect/Schema', annotations: undefined, checks: undefined, encoding: undefined, context: { isOptional: false, isMutable: false, constructorDefault: { to: { '~effect/Schema': '~effect/Schema', annotations: undefined, checks: undefined, encoding: undefined, context: undefined, _tag: 'Unknown', constructor: 'Function<Unknown>', getParser: 'Function<getParser>', getExpected: 'Function<getExpected>', toString: 'Function<toString>' }, transformation: { '~effect/SchemaTransformation/Transformation': '~effect/SchemaTransformation/Transformation', _tag: 'Transformation', decode: { run: 'Function<anonymous>', constructor: 'Function<Getter>', map: 'Function<map>', compose: 'Function<compose>', pipe: 'Function<pipe>' }, encode: { run: 'Function<anonymous>', constructor: 'Function<Getter>', map: 'Function<map>', compose: 'Function<compose>', pipe: 'Function<pipe>' }, constructor: 'Function<Transformation>', flip: 'Function<flip>', compose: 'Function<compose>' }, constructor: 'Function<Link>' }, annotations: undefined, constructor: 'Function<Context>' }, _tag: 'Literal', literal: 'Failed', constructor: 'Function<Literal>', getParser: 'Function<getParser>', matchPart: 'Function<matchPart>', toCodecJson: 'Function<toCodecJson>', toCodecStringTree: 'Function<toCodecStringTree>', getExpected: 'Function<getExpected>', toString: 'Function<toString>' }, constructor: 'Function<PropertySignature>' }, { name: 'diagnostics', type: { '~effect/Schema': '~effect/Schema', annotations: undefined, checks: undefined, encoding: undefined, context: undefined, _tag: 'Arrays', isMutable: false, elements: [ { '~effect/Schema': '~effect/Schema', annotations: undefined, checks: [ { _tag: 'Filter', run: 'Function<anonymous>', annotations: { expected: 'a value with a length of at least 1', representation: { id: 'effect/schema/isMinLength', payload: { minLength: 1 } }, toJsonSchema: 'Function<toJsonSchema>', toCode: 'Function<toCode>', '~structural': true, arbitrary: { constraint: { minLength: 1 } }, brands: [ 'ApplicationExitDiagnostic' ] }, aborted: false, constructor: 'Function<Filter>', annotate: 'Function<annotate>', abort: 'Function<abort>', and: 'Function<and>', pipe: 'Function<pipe>' } ], encoding: undefined, context: undefined, _tag: 'String', constructor: 'Function<String>', getParser: 'Function<getParser>', matchPart: 'Function<matchPart>', getExpected: 'Function<getExpected>', toString: 'Function<toString>' } ], rest: [ { '~effect/Schema': '~effect/Schema', annotations: undefined, checks: [ { _tag: 'Filter', run: 'Function<anonymous>', annotations: { expected: 'a value with a length of at least 1', representation: { id: 'effect/schema/isMinLength', payload: { minLength: 1 } }, toJsonSchema: 'Function<toJsonSchema>', toCode: 'Function<toCode>', '~structural': true, arbitrary: { constraint: { minLength: 1 } }, brands: [ 'ApplicationExitDiagnostic' ] }, aborted: false, constructor: 'Function<Filter>', annotate: 'Function<annotate>', abort: 'Function<abort>', and: 'Function<and>', pipe: 'Function<pipe>' } ], encoding: undefined, context: undefined, _tag: 'String', constructor: 'Function<String>', getParser: 'Function<getParser>', matchPart: 'Function<matchPart>', getExpected: 'Function<getExpected>', toString: 'Function<toString>' } ], encodingChecks: undefined, constructor: 'Function<Arrays>', getParser: 'Function<getParser>', _rebuild: 'Function<_rebuild>', recur: 'Function<recur>', flip: 'Function<flip>', getExpected: 'Function<getExpected>', toString: 'Function<toString>' }, constructor: 'Function<PropertySignature>' }, { name: 'owners', type: { '~effect/Schema': '~effect/Schema', annotations: undefined, checks: undefined, encoding: undefined, context: { isOptional: true, isMutable: false, constructorDefault: undefined, annotations: undefined, constructor: 'Function<Context>' }, _tag: 'Objects', propertySignatures: [ { name: 'cutoffClosed', type: { '~effect/Schema': '~effect/Schema', annotations: undefined, checks: undefined, encoding: undefined, context: undefined, _tag: 'Boolean', constructor: 'Function<Boolean>', getParser: 'Function<getParser>', getExpected: 'Function<getExpected>', toString: 'Function<toString>' }, constructor: 'Function<PropertySignature>' }, { name: 'owners', type: { '~effect/Schema': '~effect/Schema', annotations: undefined, checks: undefined, encoding: undefined, context: undefined, _tag: 'Arrays', isMutable: false, elements: [], rest: [ { '~effect/Schema': '~effect/Schema', annotations: undefined, checks: undefined, encoding: undefined, context: undefined, _tag: 'Objects', propertySignatures: [ { name: 'ownerId', type: { '~effect/Schema': '~effect/Schema', annotations: undefined, checks: [ { _tag: 'Filter', run: 'Function<anonymous>', annotations: { expected: 'an integer', representation: { id: 'effect/schema/isInt', payload: null }, toJsonSchema: 'Function<toJsonSchema>', toCode: 'Function<toCode>', arbitrary: { constraint: { integer: true } } }, aborted: false, constructor: 'Function<Filter>', annotate: 'Function<annotate>', abort: 'Function<abort>', and: 'Function<and>', pipe: 'Function<pipe>' }, { _tag: 'Filter', run: 'Function<anonymous>', annotations: { expected: 'a value greater than or equal to 0', arbitrary: { constraint: { ordered: { order: 'Function<anonymous>', minimum: +0 } } }, representation: { id: 'effect/schema/isGreaterThanOrEqualTo', payload: { minimum: +0 } }, toJsonSchema: 'Function<toJsonSchema>', toCode: 'Function<toCode>', brands: [ 'ApplicationExitOwnerId' ] }, aborted: false, constructor: 'Function<Filter>', annotate: 'Function<annotate>', abort: 'Function<abort>', and: 'Function<and>', pipe: 'Function<pipe>' } ], encoding: undefined, context: undefined, _tag: 'Number', constructor: 'Function<Number>', getParser: 'Function<getParser>', matchKey: 'Function<matchKey>', matchPart: 'Function<matchPart>', _match: 'Function<_match>', toCodecJson: 'Function<toCodecJson>', toCodecStringTree: 'Function<toCodecStringTree>', getExpected: 'Function<getExpected>', toString: 'Function<toString>' }, constructor: 'Function<PropertySignature>' }, { name: 'family', type: { '~effect/Schema': '~effect/Schema', annotations: undefined, checks: undefined, encoding: undefined, context: undefined, _tag: 'Union', types: [ { '~effect/Schema': '~effect/Schema', annotations: undefined, checks: undefined, encoding: undefined, context: undefined, _tag: 'Literal', literal: 'ForwardOwner', constructor: 'Function<Literal>', getParser: 'Function<getParser>', matchPart: 'Function<matchPart>', toCodecJson: 'Function<toCodecJson>', toCodecStringTree: 'Function<toCodecStringTree>', getExpected: 'Function<getExpected>', toString: 'Function<toString>' }, { '~effect/Schema': '~effect/Schema', annotations: undefined, checks: undefined, encoding: undefined, context: undefined, _tag: 'Literal', literal: 'ExecutorDrain', constructor: 'Function<Literal>', getParser: 'Function<getParser>', matchPart: 'Function<matchPart>', toCodecJson: 'Function<toCodecJson>', toCodecStringTree: 'Function<toCodecStringTree>', getExpected: 'Function<getExpected>', toString: 'Function<toString>' }, { '~effect/Schema': '~effect/Schema', annotations: undefined, checks: undefined, encoding: undefined, context: undefined, _tag: 'Literal', literal: 'LocalDrain', constructor: 'Function<Literal>', getParser: 'Function<getParser>', matchPart: 'Function<matchPart>', toCodecJson: 'Function<toCodecJson>', toCodecStringTree: 'Function<toCodecStringTree>', getExpected: 'Function<getExpected>', toString: 'Function<toString>' } ], mode: 'anyOf', encodingChecks: undefined, constructor: 'Function<Union>', getParser: 'Function<getParser>', _rebuild: 'Function<_rebuild>', recur: 'Function<recur>', flip: 'Function<flip>', matchPart: 'Function<matchPart>', getExpected: 'Function<getExpected>', toString: 'Function<toString>' }, constructor: 'Function<PropertySignature>' }, { name: 'name', type: { '~effect/Schema': '~effect/Schema', annotations: undefined, checks: undefined, encoding: undefined, context: undefined, _tag: 'Union', types: [ { '~effect/Schema': '~effect/Schema', annotations: undefined, checks: undefined, encoding: undefined, context: undefined, _tag: 'Literal', literal: 'ForwardProgress', constructor: 'Function<Literal>', getParser: 'Function<getParser>', matchPart: 'Function<matchPart>', toCodecJson: 'Function<toCodecJson>', toCodecStringTree: 'Function<toCodecStringTree>', getExpected: 'Function<getExpected>', toString: 'Function<toString>' }, { '~effect/Schema': '~effect/Schema', annotations: undefined, checks: undefined, encoding: undefined, context: undefined, _tag: 'Literal', literal: 'ExecutorWork', constructor: 'Function<Literal>', getParser: 'Function<getParser>', matchPart: 'Function<matchPart>', toCodecJson: 'Function<toCodecJson>', toCodecStringTree: 'Function<toCodecStringTree>', getExpected: 'Function<getExpected>', toString: 'Function<toString>' }, { '~effect/Schema': '~effect/Schema', annotations: undefined, checks: undefined, encoding: undefined, context: undefined, _tag: 'Literal', literal: 'HostAcquisition', constructor: 'Function<Literal>', getParser: 'Function<getParser>', matchPart: 'Function<matchPart>', toCodecJson: 'Function<toCodecJson>', toCodecStringTree: 'Function<toCodecStringTree>', getExpected: 'Function<getExpected>', toString: 'Function<toString>' }, { '~effect/Schema': '~effect/Schema', annotations: undefined, checks: undefined, encoding: undefined, context: undefined, _tag: 'Literal', literal: 'CodexProvider', constructor: 'Function<Literal>', getParser: 'Function<getParser>', matchPart: 'Function<matchPart>', toCodecJson: 'Function<toCodecJson>', toCodecStringTree: 'Function<toCodecStringTree>', getExpected: 'Function<getExpected>', toString: 'Function<toString>' }, { '~effect/Schema': '~effect/Schema', annotations: undefined, checks: undefined, encoding: undefined, context: undefined, _tag: 'Literal', literal: 'RunRuntime', constructor: 'Function<Literal>', getParser: 'Function<getParser>', matchPart: 'Function<matchPart>', toCodecJson: 'Function<toCodecJson>', toCodecStringTree: 'Function<toCodecStringTree>', getExpected: 'Function<getExpected>', toString: 'Function<toString>' }, { '~effect/Schema': '~effect/Schema', annotations: undefined, checks: undefined, encoding: undefined, context: undefined, _tag: 'Literal', literal: 'ArchiveMaintenance', constructor: 'Function<Literal>', getParser: 'Function<getParser>', matchPart: 'Function<matchPart>', toCodecJson: 'Function<toCodecJson>', toCodecStringTree: 'Function<toCodecStringTree>', getExpected: 'Function<getExpected>', toString: 'Function<toString>' }, { '~effect/Schema': '~effect/Schema', annotations: undefined, checks: undefined, encoding: undefined, context: undefined, _tag: 'Literal', literal: 'Inspection', constructor: 'Function<Literal>', getParser: 'Function<getParser>', matchPart: 'Function<matchPart>', toCodecJson: 'Function<toCodecJson>', toCodecStringTree: 'Function<toCodecStringTree>', getExpected: 'Function<getExpected>', toString: 'Function<toString>' }, { '~effect/Schema': '~effect/Schema', annotations: undefined, checks: undefined, encoding: undefined, context: undefined, _tag: 'Literal', literal: 'HostWatch', constructor: 'Function<Literal>', getParser: 'Function<getParser>', matchPart: 'Function<matchPart>', toCodecJson: 'Function<toCodecJson>', toCodecStringTree: 'Function<toCodecStringTree>', getExpected: 'Function<getExpected>', toString: 'Function<toString>' }, { '~effect/Schema': '~effect/Schema', annotations: undefined, checks: undefined, encoding: undefined, context: undefined, _tag: 'Literal', literal: 'LocalResources', constructor: 'Function<Literal>', getParser: 'Function<getParser>', matchPart: 'Function<matchPart>', toCodecJson: 'Function<toCodecJson>', toCodecStringTree: 'Function<toCodecStringTree>', getExpected: 'Function<getExpected>', toString: 'Function<toString>' } ], mode: 'anyOf', encodingChecks: undefined, constructor: 'Function<Union>', getParser: 'Function<getParser>', _rebuild: 'Function<_rebuild>', recur: 'Function<recur>', flip: 'Function<flip>', matchPart: 'Function<matchPart>', getExpected: 'Function<getExpected>', toString: 'Function<toString>' }, constructor: 'Function<PropertySignature>' }, { name: 'kind', type: { '~effect/Schema': '~effect/Schema', annotations: undefined, checks: undefined, encoding: undefined, context: undefined, _tag: 'Union', types: [ { '~effect/Schema': '~effect/Schema', annotations: undefined, checks: undefined, encoding: undefined, context: undefined, _tag: 'Literal', literal: 'AtomicBoundary', constructor: 'Function<Literal>', getParser: 'Function<getParser>', matchPart: 'Function<matchPart>', toCodecJson: 'Function<toCodecJson>', toCodecStringTree: 'Function<toCodecStringTree>', getExpected: 'Function<getExpected>', toString: 'Function<toString>' }, { '~effect/Schema': '~effect/Schema', annotations: undefined, checks: undefined, encoding: undefined, context: undefined, _tag: 'Literal', literal: 'AuthorizedRunTerminationAppend', constructor: 'Function<Literal>', getParser: 'Function<getParser>', matchPart: 'Function<matchPart>', toCodecJson: 'Function<toCodecJson>', toCodecStringTree: 'Function<toCodecStringTree>', getExpected: 'Function<getExpected>', toString: 'Function<toString>' }, { '~effect/Schema': '~effect/Schema', annotations: undefined, checks: undefined, encoding: undefined, context: undefined, _tag: 'Literal', literal: 'InterruptibleBoundary', constructor: 'Function<Literal>', getParser: 'Function<getParser>', matchPart: 'Function<matchPart>', toCodecJson: 'Function<toCodecJson>', toCodecStringTree: 'Function<toCodecStringTree>', getExpected: 'Function<getExpected>', toString: 'Function<toString>' }, { '~effect/Schema': '~effect/Schema', annotations: undefined, checks: undefined, encoding: undefined, context: undefined, _tag: 'Literal', literal: 'RunActivation', constructor: 'Function<Literal>', getParser: 'Function<getParser>', matchPart: 'Function<matchPart>', toCodecJson: 'Function<toCodecJson>', toCodecStringTree: 'Function<toCodecStringTree>', getExpected: 'Function<getExpected>', toString: 'Function<toString>' }, { '~effect/Schema': '~effect/Schema', annotations: undefined, checks: undefined, encoding: undefined, context: undefined, _tag: 'Literal', literal: 'ExecutorDrain', constructor: 'Function<Literal>', getParser: 'Function<getParser>', matchPart: 'Function<matchPart>', toCodecJson: 'Function<toCodecJson>', toCodecStringTree: 'Function<toCodecStringTree>', getExpected: 'Function<getExpected>', toString: 'Function<toString>' }, { '~effect/Schema': '~effect/Schema', annotations: undefined, checks: undefined, encoding: undefined, context: undefined, _tag: 'Literal', literal: 'LocalDrain', constructor: 'Function<Literal>', getParser: 'Function<getParser>', matchPart: 'Function<matchPart>', toCodecJson: 'Function<toCodecJson>', toCodecStringTree: 'Function<toCodecStringTree>', getExpected: 'Function<getExpected>', toString: 'Function<toString>' } ], mode: 'anyOf', encodingChecks: undefined, constructor: 'Function<Union>', getParser: 'Function<getParser>', _rebuild: 'Function<_rebuild>', recur: 'Function<recur>', flip: 'Function<flip>', matchPart: 'Function<matchPart>', getExpected: 'Function<getExpected>', toString: 'Function<toString>' }, constructor: 'Function<PropertySignature>' }, { name: 'subject', type: { '~effect/Schema': '~effect/Schema', annotations: undefined, checks: undefined, encoding: undefined, context: undefined, _tag: 'Union', types: [ { '~effect/Schema': '~effect/Schema', annotations: undefined, checks: undefined, encoding: undefined, context: undefined, _tag: 'Objects', propertySignatures: [ { name: '_tag', type: { '~effect/Schema': '~effect/Schema', annotations: undefined, checks: undefined, encoding: undefined, context: { isOptional: false, isMutable: false, constructorDefault: { to: { '~effect/Schema': '~effect/Schema', annotations: undefined, checks: undefined, encoding: undefined, context: undefined, _tag: 'Unknown', constructor: 'Function<Unknown>', getParser: 'Function<getParser>', getExpected: 'Function<getExpected>', toString: 'Function<toString>' }, transformation: { '~effect/SchemaTransformation/Transformation': '~effect/SchemaTransformation/Transformation', _tag: 'Transformation', decode: { run: 'Function<anonymous>', constructor: 'Function<Getter>', map: 'Function<map>', compose: 'Function<compose>', pipe: 'Function<pipe>' }, encode: { run: 'Function<anonymous>', constructor: 'Function<Getter>', map: 'Function<map>', compose: 'Function<compose>', pipe: 'Function<pipe>' }, constructor: 'Function<Transformation>', flip: 'Function<flip>', compose: 'Function<compose>' }, constructor: 'Function<Link>' }, annotations: undefined, constructor: 'Function<Context>' }, _tag: 'Literal', literal: 'NoRun', constructor: 'Function<Literal>', getParser: 'Function<getParser>', matchPart: 'Function<matchPart>', toCodecJson: 'Function<toCodecJson>', toCodecStringTree: 'Function<toCodecStringTree>', getExpected: 'Function<getExpected>', toString: 'Function<toString>' }, constructor: 'Function<PropertySignature>' } ], indexSignatures: [], encodingChecks: undefined, constructor: 'Function<Objects>', getParser: 'Function<getParser>', _rebuild: 'Function<_rebuild>', flip: 'Function<flip>', recur: 'Function<recur>', getExpected: 'Function<getExpected>', toString: 'Function<toString>' }, { '~effect/Schema': '~effect/Schema', annotations: undefined, checks: undefined, encoding: undefined, context: undefined, _tag: 'Objects', propertySignatures: [ { name: '_tag', type: { '~effect/Schema': '~effect/Schema', annotations: undefined, checks: undefined, encoding: undefined, context: { isOptional: false, isMutable: false, constructorDefault: { to: { '~effect/Schema': '~effect/Schema', annotations: undefined, checks: undefined, encoding: undefined, context: undefined, _tag: 'Unknown', constructor: 'Function<Unknown>', getParser: 'Function<getParser>', getExpected: 'Function<getExpected>', toString: 'Function<toString>' }, transformation: { '~effect/SchemaTransformation/Transformation': '~effect/SchemaTransformation/Transformation', _tag: 'Transformation', decode: { run: 'Function<anonymous>', constructor: 'Function<Getter>', map: 'Function<map>', compose: 'Function<compose>', pipe: 'Function<pipe>' }, encode: { run: 'Function<anonymous>', constructor: 'Function<Getter>', map: 'Function<map>', compose: 'Function<compose>', pipe: 'Function<pipe>' }, constructor: 'Function<Transformation>', flip: 'Function<flip>', compose: 'Function<compose>' }, constructor: 'Function<Link>' }, annotations: undefined, constructor: 'Function<Context>' }, _tag: 'Literal', literal: 'Run', constructor: 'Function<Literal>', getParser: 'Function<getParser>', matchPart: 'Function<matchPart>', toCodecJson: 'Function<toCodecJson>', toCodecStringTree: 'Function<toCodecStringTree>', getExpected: 'Function<getExpected>', toString: 'Function<toString>' }, constructor: 'Function<PropertySignature>' }, { name: 'runId', type: { '~effect/Schema': '~effect/Schema', annotations: undefined, checks: [ { _tag: 'Filter', run: 'Function<anonymous>', annotations: { expected: 'a value with a length of at least 1', representation: { id: 'effect/schema/isMinLength', payload: { minLength: 1 } }, toJsonSchema: 'Function<toJsonSchema>', toCode: 'Function<toCode>', '~structural': true, arbitrary: { constraint: { minLength: 1 } }, brands: [ 'RunId' ] }, aborted: false, constructor: 'Function<Filter>', annotate: 'Function<annotate>', abort: 'Function<abort>', and: 'Function<and>', pipe: 'Function<pipe>' } ], encoding: undefined, context: undefined, _tag: 'String', constructor: 'Function<String>', getParser: 'Function<getParser>', matchPart: 'Function<matchPart>', getExpected: 'Function<getExpected>', toString: 'Function<toString>' }, constructor: 'Function<PropertySignature>' } ], indexSignatures: [], encodingChecks: undefined, constructor: 'Function<Objects>', getParser: 'Function<getParser>', _rebuild: 'Function<_rebuild>', flip: 'Function<flip>', recur: 'Function<recur>', getExpected: 'Function<getExpected>', toString: 'Function<toString>' }, { '~effect/Schema': '~effect/Schema', annotations: undefined, checks: undefined, encoding: undefined, context: undefined, _tag: 'Objects', propertySignatures: [ { name: '_tag', type: { '~effect/Schema': '~effect/Schema', annotations: undefined, checks: undefined, encoding: undefined, context: { isOptional: false, isMutable: false, constructorDefault: { to: { '~effect/Schema': '~effect/Schema', annotations: undefined, checks: undefined, encoding: undefined, context: undefined, _tag: 'Unknown', constructor: 'Function<Unknown>', getParser: 'Function<getParser>', getExpected: 'Function<getExpected>', toString: 'Function<toString>' }, transformation: { '~effect/SchemaTransformation/Transformation': '~effect/SchemaTransformation/Transformation', _tag: 'Transformation', decode: { run: 'Function<anonymous>', constructor: 'Function<Getter>', map: 'Function<map>', compose: 'Function<compose>', pipe: 'Function<pipe>' }, encode: { run: 'Function<anonymous>', constructor: 'Function<Getter>', map: 'Function<map>', compose: 'Function<compose>', pipe: 'Function<pipe>' }, constructor: 'Function<Transformation>', flip: 'Function<flip>', compose: 'Function<compose>' }, constructor: 'Function<Link>' }, annotations: undefined, constructor: 'Function<Context>' }, _tag: 'Literal', literal: 'Task', constructor: 'Function<Literal>', getParser: 'Function<getParser>', matchPart: 'Function<matchPart>', toCodecJson: 'Function<toCodecJson>', toCodecStringTree: 'Function<toCodecStringTree>', getExpected: 'Function<getExpected>', toString: 'Function<toString>' }, constructor: 'Function<PropertySignature>' }, { name: 'runId', type: { '~effect/Schema': '~effect/Schema', annotations: undefined, checks: [ { _tag: 'Filter', run: 'Function<anonymous>', annotations: { expected: 'a value with a length of at least 1', representation: { id: 'effect/schema/isMinLength', payload: { minLength: 1 } }, toJsonSchema: 'Function<toJsonSchema>', toCode: 'Function<toCode>', '~structural': true, arbitrary: { constraint: { minLength: 1 } }, brands: [ 'RunId' ] }, aborted: false, constructor: 'Function<Filter>', annotate: 'Function<annotate>', abort: 'Function<abort>', and: 'Function<and>', pipe: 'Function<pipe>' } ], encoding: undefined, context: undefined, _tag: 'String', constructor: 'Function<String>', getParser: 'Function<getParser>', matchPart: 'Function<matchPart>', getExpected: 'Function<getExpected>', toString: 'Function<toString>' }, constructor: 'Function<PropertySignature>' }, { name: 'taskId', type: { '~effect/Schema': '~effect/Schema', annotations: undefined, checks: [ { _tag: 'Filter', run: 'Function<anonymous>', annotations: { expected: 'a value with a length of at least 1', representation: { id: 'effect/schema/isMinLength', payload: { minLength: 1 } }, toJsonSchema: 'Function<toJsonSchema>', toCode: 'Function<toCode>', '~structural': true, arbitrary: { constraint: { minLength: 1 } }, brands: [ 'TaskId' ] }, aborted: false, constructor: 'Function<Filter>', annotate: 'Function<annotate>', abort: 'Function<abort>', and: 'Function<and>', pipe: 'Function<pipe>' } ], encoding: undefined, context: undefined, _tag: 'String', constructor: 'Function<String>', getParser: 'Function<getParser>', matchPart: 'Function<matchPart>', getExpected: 'Function<getExpected>', toString: 'Function<toString>' }, constructor: 'Function<PropertySignature>' } ], indexSignatures: [], encodingChecks: undefined, constructor: 'Function<Objects>', getParser: 'Function<getParser>', _rebuild: 'Function<_rebuild>', flip: 'Function<flip>', recur: 'Function<recur>', getExpected: 'Function<getExpected>', toString: 'Function<toString>' }, { '~effect/Schema': '~effect/Schema', annotations: undefined, checks: undefined, encoding: undefined, context: undefined, _tag: 'Objects', propertySignatures: [ { name: '_tag', type: { '~effect/Schema': '~effect/Schema', annotations: undefined, checks: undefined, encoding: undefined, context: { isOptional: false, isMutable: false, constructorDefault: { to: { '~effect/Schema': '~effect/Schema', annotations: undefined, checks: undefined, encoding: undefined, context: undefined, _tag: 'Unknown', constructor: 'Function<Unknown>', getParser: 'Function<getParser>', getExpected: 'Function<getExpected>', toString: 'Function<toString>' }, transformation: { '~effect/SchemaTransformation/Transformation': '~effect/SchemaTransformation/Transformation', _tag: 'Transformation', decode: { run: 'Function<anonymous>', constructor: 'Function<Getter>', map: 'Function<map>', compose: 'Function<compose>', pipe: 'Function<pipe>' }, encode: { run: 'Function<anonymous>', constructor: 'Function<Getter>', map: 'Function<map>', compose: 'Function<compose>', pipe: 'Function<pipe>' }, constructor: 'Function<Transformation>', flip: 'Function<flip>', compose: 'Function<compose>' }, constructor: 'Function<Link>' }, annotations: undefined, constructor: 'Function<Context>' }, _tag: 'Literal', literal: 'ExecutorAttempt', constructor: 'Function<Literal>', getParser: 'Function<getParser>', matchPart: 'Function<matchPart>', toCodecJson: 'Function<toCodecJson>', toCodecStringTree: 'Function<toCodecStringTree>', getExpected: 'Function<getExpected>', toString: 'Function<toString>' }, constructor: 'Function<PropertySignature>' }, { name: 'correlation', type: { '~effect/Schema': '~effect/Schema', annotations: undefined, checks: undefined, encoding: undefined, context: undefined, _tag: 'Objects', propertySignatures: [ { name: 'attemptId', type: { '~effect/Schema': '~effect/Schema', annotations: undefined, checks: [ { _tag: 'Filter', run: 'Function<anonymous>', annotations: { expected: 'a value with a length of at least 1', representation: { id: 'effect/schema/isMinLength', payload: { minLength: 1 } }, toJsonSchema: 'Function<toJsonSchema>', toCode: 'Function<toCode>', '~structural': true, arbitrary: { constraint: { minLength: 1 } }, brands: [ 'AttemptId' ] }, aborted: false, constructor: 'Function<Filter>', annotate: 'Function<annotate>', abort: 'Function<abort>', and: 'Function<and>', pipe: 'Function<pipe>' } ], encoding: undefined, context: undefined, _tag: 'String', constructor: 'Function<String>', getParser: 'Function<getParser>', matchPart: 'Function<matchPart>', getExpected: 'Function<getExpected>', toString: 'Function<toString>' }, constructor: 'Function<PropertySignature>' }, { name: 'runId', type: { '~effect/Schema': '~effect/Schema', annotations: undefined, checks: [ { _tag: 'Filter', run: 'Function<anonymous>', annotations: { expected: 'a value with a length of at least 1', representation: { id: 'effect/schema/isMinLength', payload: { minLength: 1 } }, toJsonSchema: 'Function<toJsonSchema>', toCode: 'Function<toCode>', '~structural': true, arbitrary: { constraint: { minLength: 1 } }, brands: [ 'RunId' ] }, aborted: false, constructor: 'Function<Filter>', annotate: 'Function<annotate>', abort: 'Function<abort>', and: 'Function<and>', pipe: 'Function<pipe>' } ], encoding: undefined, context: undefined, _tag: 'String', constructor: 'Function<String>', getParser: 'Function<getParser>', matchPart: 'Function<matchPart>', getExpected: 'Function<getExpected>', toString: 'Function<toString>' }, constructor: 'Function<PropertySignature>' } ], indexSignatures: [], encodingChecks: undefined, constructor: 'Function<Objects>', getParser: 'Function<getParser>', _rebuild: 'Function<_rebuild>', flip: 'Function<flip>', recur: 'Function<recur>', getExpected: 'Function<getExpected>', toString: 'Function<toString>' }, constructor: 'Function<PropertySignature>' } ], indexSignatures: [], encodingChecks: undefined, constructor: 'Function<Objects>', getParser: 'Function<getParser>', _rebuild: 'Function<_rebuild>', flip: 'Function<flip>', recur: 'Function<recur>', getExpected: 'Function<getExpected>', toString: 'Function<toString>' } ], mode: 'anyOf', encodingChecks: undefined, constructor: 'Function<Union>', getParser: 'Function<getParser>', _rebuild: 'Function<_rebuild>', recur: 'Function<recur>', flip: 'Function<flip>', matchPart: 'Function<matchPart>', getExpected: 'Function<getExpected>', toString: 'Function<toString>' }, constructor: 'Function<PropertySignature>' }, { name: 'evidence', type: { '~effect/Schema': '~effect/Schema', annotations: undefined, checks: undefined, encoding: undefined, context: undefined, _tag: 'Union', types: [ { '~effect/Schema': '~effect/Schema', annotations: undefined, checks: undefined, encoding: undefined, context: undefined, _tag: 'Literal', literal: 'Preparing', constructor: 'Function<Literal>', getParser: 'Function<getParser>', matchPart: 'Function<matchPart>', toCodecJson: 'Function<toCodecJson>', toCodecStringTree: 'Function<toCodecStringTree>', getExpected: 'Function<getExpected>', toString: 'Function<toString>' }, { '~effect/Schema': '~effect/Schema', annotations: undefined, checks: undefined, encoding: undefined, context: undefined, _tag: 'Literal', literal: 'Registered', constructor: 'Function<Literal>', getParser: 'Function<getParser>', matchPart: 'Function<matchPart>', toCodecJson: 'Function<toCodecJson>', toCodecStringTree: 'Function<toCodecStringTree>', getExpected: 'Function<getExpected>', toString: 'Function<toString>' }, { '~effect/Schema': '~effect/Schema', annotations: undefined, checks: undefined, encoding: undefined, context: undefined, _tag: 'Literal', literal: 'AwaitingBoundaryResult', constructor: 'Function<Literal>', getParser: 'Function<getParser>', matchPart: 'Function<matchPart>', toCodecJson: 'Function<toCodecJson>', toCodecStringTree: 'Function<toCodecStringTree>', getExpected: 'Function<getExpected>', toString: 'Function<toString>' }, { '~effect/Schema': '~effect/Schema', annotations: undefined, checks: undefined, encoding: undefined, context: undefined, _tag: 'Literal', literal: 'BoundaryResultProduced', constructor: 'Function<Literal>', getParser: 'Function<getParser>', matchPart: 'Function<matchPart>', toCodecJson: 'Function<toCodecJson>', toCodecStringTree: 'Function<toCodecStringTree>', getExpected: 'Function<getExpected>', toString: 'Function<toString>' }, { '~effect/Schema': '~effect/Schema', annotations: undefined, checks: undefined, encoding: undefined, context: undefined, _tag: 'Literal', literal: 'BoundaryResultRecorded', constructor: 'Function<Literal>', getParser: 'Function<getParser>', matchPart: 'Function<matchPart>', toCodecJson: 'Function<toCodecJson>', toCodecStringTree: 'Function<toCodecStringTree>', getExpected: 'Function<getExpected>', toString: 'Function<toString>' }, { '~effect/Schema': '~effect/Schema', annotations: undefined, checks: undefined, encoding: undefined, context: undefined, _tag: 'Literal', literal: 'RecoverableAmbiguity', constructor: 'Function<Literal>', getParser: 'Function<getParser>', matchPart: 'Function<matchPart>', toCodecJson: 'Function<toCodecJson>', toCodecStringTree: 'Function<toCodecStringTree>', getExpected: 'Function<getExpected>', toString: 'Function<toString>' }, { '~effect/Schema': '~effect/Schema', annotations: undefined, checks: undefined, encoding: undefined, context: undefined, _tag: 'Literal', literal: 'DrainRegistered', constructor: 'Function<Literal>', getParser: 'Function<getParser>', matchPart: 'Function<matchPart>', toCodecJson: 'Function<toCodecJson>', toCodecStringTree: 'Function<toCodecStringTree>', getExpected: 'Function<getExpected>', toString: 'Function<toString>' }, { '~effect/Schema': '~effect/Schema', annotations: undefined, checks: undefined, encoding: undefined, context: undefined, _tag: 'Literal', literal: 'DrainPending', constructor: 'Function<Literal>', getParser: 'Function<getParser>', matchPart: 'Function<matchPart>', toCodecJson: 'Function<toCodecJson>', toCodecStringTree: 'Function<toCodecStringTree>', getExpected: 'Function<getExpected>', toString: 'Function<toString>' }, { '~effect/Schema': '~effect/Schema', annotations: undefined, checks: undefined, encoding: undefined, context: undefined, _tag: 'Literal', literal: 'DrainSucceeded', constructor: 'Function<Literal>', getParser: 'Function<getParser>', matchPart: 'Function<matchPart>', toCodecJson: 'Function<toCodecJson>', toCodecStringTree: 'Function<toCodecStringTree>', getExpected: 'Function<getExpected>', toString: 'Function<toString>' }, { '~effect/Schema': '~effect/Schema', annotations: undefined, checks: undefined, encoding: undefined, context: undefined, _tag: 'Literal', literal: 'DrainFailed', constructor: 'Function<Literal>', getParser: 'Function<getParser>', matchPart: 'Function<matchPart>', toCodecJson: 'Function<toCodecJson>', toCodecStringTree: 'Function<toCodecStringTree>', getExpected: 'Function<getExpected>', toString: 'Function<toString>' } ], mode: 'anyOf', encodingChecks: undefined, constructor: 'Function<Union>', getParser: 'Function<getParser>', _rebuild: 'Function<_rebuild>', recur: 'Function<recur>', flip: 'Function<flip>', matchPart: 'Function<matchPart>', getExpected: 'Function<getExpected>', toString: 'Function<toString>' }, constructor: 'Function<PropertySignature>' }, { name: 'boundary', type: { '~effect/Schema': '~effect/Schema', annotations: undefined, checks: undefined, encoding: undefined, context: undefined, _tag: 'Union', types: [ { '~effect/Schema': '~effect/Schema', annotations: undefined, checks: undefined, encoding: undefined, context: undefined, _tag: 'Objects', propertySignatures: [ { name: 'family', type: { '~effect/Schema': '~effect/Schema', annotations: undefined, checks: undefined, encoding: undefined, context: undefined, _tag: 'Union', types: [ { '~effect/Schema': '~effect/Schema', annotations: undefined, checks: undefined, encoding: undefined, context: undefined, _tag: 'Literal', literal: 'Git', constructor: 'Function<Literal>', getParser: 'Function<getParser>', matchPart: 'Function<matchPart>', toCodecJson: 'Function<toCodecJson>', toCodecStringTree: 'Function<toCodecStringTree>', getExpected: 'Function<getExpected>', toString: 'Function<toString>' }, { '~effect/Schema': '~effect/Schema', annotations: undefined, checks: undefined, encoding: undefined, context: undefined, _tag: 'Literal', literal: 'TaskTracker', constructor: 'Function<Literal>', getParser: 'Function<getParser>', matchPart: 'Function<matchPart>', toCodecJson: 'Function<toCodecJson>', toCodecStringTree: 'Function<toCodecStringTree>', getExpected: 'Function<getExpected>', toString: 'Function<toString>' } ], mode: 'anyOf', encodingChecks: undefined, constructor: 'Function<Union>', getParser: 'Function<getParser>', _rebuild: 'Function<_rebuild>', recur: 'Function<recur>', flip: 'Function<flip>', matchPart: 'Function<matchPart>', getExpected: 'Function<getExpected>', toString: 'Function<toString>' }, constructor: 'Function<PropertySignature>' }, { name: 'operationIds', type: { '~effect/Schema': '~effect/Schema', annotations: undefined, checks: undefined, encoding: undefined, context: undefined, _tag: 'Arrays', isMutable: false, elements: [], rest: [ { '~effect/Schema': '~effect/Schema', annotations: undefined, checks: [ { _tag: 'Filter', run: 'Function<anonymous>', annotations: { expected: 'a value with a length of at least 1', representation: { id: 'effect/schema/isMinLength', payload: { minLength: 1 } }, toJsonSchema: 'Function<toJsonSchema>', toCode: 'Function<toCode>', '~structural': true, arbitrary: { constraint: { minLength: 1 } }, brands: [ 'OperationId' ] }, aborted: false, constructor: 'Function<Filter>', annotate: 'Function<annotate>', abort: 'Function<abort>', and: 'Function<and>', pipe: 'Function<pipe>' } ], encoding: undefined, context: undefined, _tag: 'String', constructor: 'Function<String>', getParser: 'Function<getParser>', matchPart: 'Function<matchPart>', getExpected: 'Function<getExpected>', toString: 'Function<toString>' } ], encodingChecks: undefined, constructor: 'Function<Arrays>', getParser: 'Function<getParser>', _rebuild: 'Function<_rebuild>', recur: 'Function<recur>', flip: 'Function<flip>', getExpected: 'Function<getExpected>', toString: 'Function<toString>' }, constructor: 'Function<PropertySignature>' }, { name: 'baseline', type: { '~effect/Schema': '~effect/Schema', annotations: undefined, checks: undefined, encoding: undefined, context: undefined, _tag: 'Union', types: [ { '~effect/Schema': '~effect/Schema', annotations: undefined, checks: undefined, encoding: undefined, context: undefined, _tag: 'Objects', propertySignatures: [ { name: 'runId', type: { '~effect/Schema': '~effect/Schema', annotations: undefined, checks: [ { _tag: 'Filter', run: 'Function<anonymous>', annotations: { expected: 'a value with a length of at least 1', representation: { id: 'effect/schema/isMinLength', payload: { minLength: 1 } }, toJsonSchema: 'Function<toJsonSchema>', toCode: 'Function<toCode>', '~structural': true, arbitrary: { constraint: { minLength: 1 } }, brands: [ 'RunId' ] }, aborted: false, constructor: 'Function<Filter>', annotate: 'Function<annotate>', abort: 'Function<abort>', and: 'Function<and>', pipe: 'Function<pipe>' } ], encoding: undefined, context: undefined, _tag: 'String', constructor: 'Function<String>', getParser: 'Function<getParser>', matchPart: 'Function<matchPart>', getExpected: 'Function<getExpected>', toString: 'Function<toString>' }, constructor: 'Function<PropertySignature>' }, { name: 'attemptId', type: { '~effect/Schema': '~effect/Schema', annotations: undefined, checks: [ { _tag: 'Filter', run: 'Function<anonymous>', annotations: { expected: 'a value with a length of at least 1', representation: { id: 'effect/schema/isMinLength', payload: { minLength: 1 } }, toJsonSchema: 'Function<toJsonSchema>', toCode: 'Function<toCode>', '~structural': true, arbitrary: { constraint: { minLength: 1 } }, brands: [ 'AttemptId' ] }, aborted: false, constructor: 'Function<Filter>', annotate: 'Function<annotate>', abort: 'Function<abort>', and: 'Function<and>', pipe: 'Function<pipe>' } ], encoding: undefined, context: undefined, _tag: 'String', constructor: 'Function<String>', getParser: 'Function<getParser>', matchPart: 'Function<matchPart>', getExpected: 'Function<getExpected>', toString: 'Function<toString>' }, constructor: 'Function<PropertySignature>' }, { name: 'round', type: { '~effect/Schema': '~effect/Schema', annotations: undefined, checks: undefined, encoding: undefined, context: undefined, _tag: 'Union', types: [ { '~effect/Schema': '~effect/Schema', annotations: undefined, checks: [ { _tag: 'Filter', run: 'Function<anonymous>', annotations: { expected: 'an integer', representation: { id: 'effect/schema/isInt', payload: null }, toJsonSchema: 'Function<toJsonSchema>', toCode: 'Function<toCode>', arbitrary: { constraint: { integer: true } } }, aborted: false, constructor: 'Function<Filter>', annotate: 'Function<annotate>', abort: 'Function<abort>', and: 'Function<and>', pipe: 'Function<pipe>' }, { _tag: 'Filter', run: 'Function<anonymous>', annotations: { expected: 'a value greater than or equal to 1', arbitrary: { constraint: { ordered: { order: 'Function<anonymous>', minimum: 1 } } }, representation: { id: 'effect/schema/isGreaterThanOrEqualTo', payload: { minimum: 1 } }, toJsonSchema: 'Function<toJsonSchema>', toCode: 'Function<toCode>' }, aborted: false, constructor: 'Function<Filter>', annotate: 'Function<annotate>', abort: 'Function<abort>', and: 'Function<and>', pipe: 'Function<pipe>' } ], encoding: undefined, context: undefined, _tag: 'Number', constructor: 'Function<Number>', getParser: 'Function<getParser>', matchKey: 'Function<matchKey>', matchPart: 'Function<matchPart>', _match: 'Function<_match>', toCodecJson: 'Function<toCodecJson>', toCodecStringTree: 'Function<toCodecStringTree>', getExpected: 'Function<getExpected>', toString: 'Function<toString>' }, { '~effect/Schema': '~effect/Schema', annotations: undefined, checks: undefined, encoding: undefined, context: undefined, _tag: 'Null', constructor: 'Function<Null>', getParser: 'Function<getParser>', getExpected: 'Function<getExpected>', toString: 'Function<toString>' } ], mode: 'anyOf', encodingChecks: undefined, constructor: 'Function<Union>', getParser: 'Function<getParser>', _rebuild: 'Function<_rebuild>', recur: 'Function<recur>', flip: 'Function<flip>', matchPart: 'Function<matchPart>', getExpected: 'Function<getExpected>', toString: 'Function<toString>' }, constructor: 'Function<PropertySignature>' } ], indexSignatures: [], encodingChecks: undefined, constructor: 'Function<Objects>', getParser: 'Function<getParser>', _rebuild: 'Function<_rebuild>', flip: 'Function<flip>', recur: 'Function<recur>', getExpected: 'Function<getExpected>', toString: 'Function<toString>' }, { '~effect/Schema': '~effect/Schema', annotations: undefined, checks: undefined, encoding: undefined, context: undefined, _tag: 'Null', constructor: 'Function<Null>', getParser: 'Function<getParser>', getExpected: 'Function<getExpected>', toString: 'Function<toString>' } ], mode: 'anyOf', encodingChecks: undefined, constructor: 'Function<Union>', getParser: 'Function<getParser>', _rebuild: 'Function<_rebuild>', recur: 'Function<recur>', flip: 'Function<flip>', matchPart: 'Function<matchPart>', getExpected: 'Function<getExpected>', toString: 'Function<toString>' }, constructor: 'Function<PropertySignature>' } ], indexSignatures: [], encodingChecks: undefined, constructor: 'Function<Objects>', getParser: 'Function<getParser>', _rebuild: 'Function<_rebuild>', flip: 'Function<flip>', recur: 'Function<recur>', getExpected: 'Function<getExpected>', toString: 'Function<toString>' }, { '~effect/Schema': '~effect/Schema', annotations: undefined, checks: undefined, encoding: undefined, context: undefined, _tag: 'Null', constructor: 'Function<Null>', getParser: 'Function<getParser>', getExpected: 'Function<getExpected>', toString: 'Function<toString>' } ], mode: 'anyOf', encodingChecks: undefined, constructor: 'Function<Union>', getParser: 'Function<getParser>', _rebuild: 'Function<_rebuild>', recur: 'Function<recur>', flip: 'Function<flip>', matchPart: 'Function<matchPart>', getExpected: 'Function<getExpected>', toString: 'Function<toString>' }, constructor: 'Function<PropertySignature>' }, { name: 'missingEvidence', type: { '~effect/Schema': '~effect/Schema', annotations: undefined, checks: undefined, encoding: undefined, context: undefined, _tag: 'Union', types: [ { '~effect/Schema': '~effect/Schema', annotations: undefined, checks: undefined, encoding: undefined, context: undefined, _tag: 'Literal', literal: 'OwnerRelease', constructor: 'Function<Literal>', getParser: 'Function<getParser>', matchPart: 'Function<matchPart>', toCodecJson: 'Function<toCodecJson>', toCodecStringTree: 'Function<toCodecStringTree>', getExpected: 'Function<getExpected>', toString: 'Function<toString>' }, { '~effect/Schema': '~effect/Schema', annotations: undefined, checks: undefined, encoding: undefined, context: undefined, _tag: 'Literal', literal: 'BoundaryObservation', constructor: 'Function<Literal>', getParser: 'Function<getParser>', matchPart: 'Function<matchPart>', toCodecJson: 'Function<toCodecJson>', toCodecStringTree: 'Function<toCodecStringTree>', getExpected: 'Function<getExpected>', toString: 'Function<toString>' }, { '~effect/Schema': '~effect/Schema', annotations: undefined, checks: undefined, encoding: undefined, context: undefined, _tag: 'Literal', literal: 'JournalAcknowledgement', constructor: 'Function<Literal>', getParser: 'Function<getParser>', matchPart: 'Function<matchPart>', toCodecJson: 'Function<toCodecJson>', toCodecStringTree: 'Function<toCodecStringTree>', getExpected: 'Function<getExpected>', toString: 'Function<toString>' }, { '~effect/Schema': '~effect/Schema', annotations: undefined, checks: undefined, encoding: undefined, context: undefined, _tag: 'Literal', literal: 'CorrelatedExecutorSettlement', constructor: 'Function<Literal>', getParser: 'Function<getParser>', matchPart: 'Function<matchPart>', toCodecJson: 'Function<toCodecJson>', toCodecStringTree: 'Function<toCodecStringTree>', getExpected: 'Function<getExpected>', toString: 'Function<toString>' }, { '~effect/Schema': '~effect/Schema', annotations: undefined, checks: undefined, encoding: undefined, context: undefined, _tag: 'Literal', literal: 'LocalCloseAcknowledgement', constructor: 'Function<Literal>', getParser: 'Function<getParser>', matchPart: 'Function<matchPart>', toCodecJson: 'Function<toCodecJson>', toCodecStringTree: 'Function<toCodecStringTree>', getExpected: 'Function<getExpected>', toString: 'Function<toString>' }, { '~effect/Schema': '~effect/Schema', annotations: undefined, checks: undefined, encoding: undefined, context: undefined, _tag: 'Literal', literal: 'None', constructor: 'Function<Literal>', getParser: 'Function<getParser>', matchPart: 'Function<matchPart>', toCodecJson: 'Function<toCodecJson>', toCodecStringTree: 'Function<toCodecStringTree>', getExpected: 'Function<getExpected>', toString: 'Function<toString>' } ], mode: 'anyOf', encodingChecks: undefined, constructor: 'Function<Union>', getParser: 'Function<getParser>', _rebuild: 'Function<_rebuild>', recur: 'Function<recur>', flip: 'Function<flip>', matchPart: 'Function<matchPart>', getExpected: 'Function<getExpected>', toString: 'Function<toString>' }, constructor: 'Function<PropertySignature>' }, { name: 'nextAction', type: { '~effect/Schema': '~effect/Schema', annotations: undefined, checks: undefined, encoding: undefined, context: undefined, _tag: 'Union', types: [ { '~effect/Schema': '~effect/Schema', annotations: undefined, checks: undefined, encoding: undefined, context: undefined, _tag: 'Literal', literal: 'AwaitOwnerRelease', constructor: 'Function<Literal>', getParser: 'Function<getParser>', matchPart: 'Function<matchPart>', toCodecJson: 'Function<toCodecJson>', toCodecStringTree: 'Function<toCodecStringTree>', getExpected: 'Function<getExpected>', toString: 'Function<toString>' }, { '~effect/Schema': '~effect/Schema', annotations: undefined, checks: undefined, encoding: undefined, context: undefined, _tag: 'Literal', literal: 'ReconcileOriginalAuthorityBeforeRetry', constructor: 'Function<Literal>', getParser: 'Function<getParser>', matchPart: 'Function<matchPart>', toCodecJson: 'Function<toCodecJson>', toCodecStringTree: 'Function<toCodecStringTree>', getExpected: 'Function<getExpected>', toString: 'Function<toString>' }, { '~effect/Schema': '~effect/Schema', annotations: undefined, checks: undefined, encoding: undefined, context: undefined, _tag: 'Literal', literal: 'AwaitJournalAcknowledgement', constructor: 'Function<Literal>', getParser: 'Function<getParser>', matchPart: 'Function<matchPart>', toCodecJson: 'Function<toCodecJson>', toCodecStringTree: 'Function<toCodecStringTree>', getExpected: 'Function<getExpected>', toString: 'Function<toString>' }, { '~effect/Schema': '~effect/Schema', annotations: undefined, checks: undefined, encoding: undefined, context: undefined, _tag: 'Literal', literal: 'AwaitCorrelatedExecutorSettlement', constructor: 'Function<Literal>', getParser: 'Function<getParser>', matchPart: 'Function<matchPart>', toCodecJson: 'Function<toCodecJson>', toCodecStringTree: 'Function<toCodecStringTree>', getExpected: 'Function<getExpected>', toString: 'Function<toString>' }, { '~effect/Schema': '~effect/Schema', annotations: undefined, checks: undefined, encoding: undefined, context: undefined, _tag: 'Literal', literal: 'AwaitLocalClose', constructor: 'Function<Literal>', getParser: 'Function<getParser>', matchPart: 'Function<matchPart>', toCodecJson: 'Function<toCodecJson>', toCodecStringTree: 'Function<toCodecStringTree>', getExpected: 'Function<getExpected>', toString: 'Function<toString>' }, { '~effect/Schema': '~effect/Schema', annotations: undefined, checks: undefined, encoding: undefined, context: undefined, _tag: 'Literal', literal: 'InspectDrainFailure', constructor: 'Function<Literal>', getParser: 'Function<getParser>', matchPart: 'Function<matchPart>', toCodecJson: 'Function<toCodecJson>', toCodecStringTree: 'Function<toCodecStringTree>', getExpected: 'Function<getExpected>', toString: 'Function<toString>' }, { '~effect/Schema': '~effect/Schema', annotations: undefined, checks: undefined, encoding: undefined, context: undefined, _tag: 'Literal', literal: 'None', constructor: 'Function<Literal>', getParser: 'Function<getParser>', matchPart: 'Function<matchPart>', toCodecJson: 'Function<toCodecJson>', toCodecStringTree: 'Function<toCodecStringTree>', getExpected: 'Function<getExpected>', toString: 'Function<toString>' } ], mode: 'anyOf', encodingChecks: undefined, constructor: 'Function<Union>', getParser: 'Function<getParser>', _rebuild: 'Function<_rebuild>', recur: 'Function<recur>', flip: 'Function<flip>', matchPart: 'Function<matchPart>', getExpected: 'Function<getExpected>', toString: 'Function<toString>' }, constructor: 'Function<PropertySignature>' } ], indexSignatures: [], encodingChecks: undefined, constructor: 'Function<Objects>', getParser: 'Function<getParser>', _rebuild: 'Function<_rebuild>', flip: 'Function<flip>', recur: 'Function<recur>', getExpected: 'Function<getExpected>', toString: 'Function<toString>' } ], encodingChecks: undefined, constructor: 'Function<Arrays>', getParser: 'Function<getParser>', _rebuild: 'Function<_rebuild>', recur: 'Function<recur>', flip: 'Function<flip>', getExpected: 'Function<getExpected>', toString: 'Function<toString>' }, constructor: 'Function<PropertySignature>' } ], indexSignatures: [], encodingChecks: undefined, constructor: 'Function<Objects>', getParser: 'Function<getParser>', _rebuild: 'Function<_rebuild>', flip: 'Function<flip>', recur: 'Function<recur>', getExpected: 'Function<getExpected>', toString: 'Function<toString>' }, constructor: 'Function<PropertySignature>' }, { name: 'requestedStatus', type: { '~effect/Schema': '~effect/Schema', annotations: undefined, checks: undefined, encoding: undefined, context: undefined, _tag: 'Literal', literal: 1, constructor: 'Function<Literal>', getParser: 'Function<getParser>', matchPart: 'Function<matchPart>', toCodecJson: 'Function<toCodecJson>', toCodecStringTree: 'Function<toCodecStringTree>', getExpected: 'Function<getExpected>', toString: 'Function<toString>' }, constructor: 'Function<PropertySignature>' } ], indexSignatures: [], encodingChecks: undefined, constructor: 'Function<Objects>', getParser: 'Function<getParser>', _rebuild: 'Function<_rebuild>', flip: 'Function<flip>', recur: 'Function<recur>', getExpected: 'Function<getExpected>', toString: 'Function<toString>' }, { '~effect/Schema': '~effect/Schema', annotations: undefined, checks: undefined, encoding: undefined, context: undefined, _tag: 'Objects', propertySignatures: [ { name: '_tag', type: { '~effect/Schema': '~effect/Schema', annotations: undefined, checks: undefined, encoding: undefined, context: { isOptional: false, isMutable: false, constructorDefault: { to: { '~effect/Schema': '~effect/Schema', annotations: undefined, checks: undefined, encoding: undefined, context: undefined, _tag: 'Unknown', constructor: 'Function<Unknown>', getParser: 'Function<getParser>', getExpected: 'Function<getExpected>', toString: 'Function<toString>' }, transformation: { '~effect/SchemaTransformation/Transformation': '~effect/SchemaTransformation/Transformation', _tag: 'Transformation', decode: { run: 'Function<anonymous>', constructor: 'Function<Getter>', map: 'Function<map>', compose: 'Function<compose>', pipe: 'Function<pipe>' }, encode: { run: 'Function<anonymous>', constructor: 'Function<Getter>', map: 'Function<map>', compose: 'Function<compose>', pipe: 'Function<pipe>' }, constructor: 'Function<Transformation>', flip: 'Function<flip>', compose: 'Function<compose>' }, constructor: 'Function<Link>' }, annotations: undefined, constructor: 'Function<Context>' }, _tag: 'Literal', literal: 'Succeeded', constructor: 'Function<Literal>', getParser: 'Function<getParser>', matchPart: 'Function<matchPart>', toCodecJson: 'Function<toCodecJson>', toCodecStringTree: 'Function<toCodecStringTree>', getExpected: 'Function<getExpected>', toString: 'Function<toString>' }, constructor: 'Function<PropertySignature>' }, { name: 'requestedStatus', type: { '~effect/Schema': '~effect/Schema', annotations: undefined, checks: undefined, encoding: undefined, context: undefined, _tag: 'Literal', literal: +0, constructor: 'Function<Literal>', getParser: 'Function<getParser>', matchPart: 'Function<matchPart>', toCodecJson: 'Function<toCodecJson>', toCodecStringTree: 'Function<toCodecStringTree>', getExpected: 'Function<getExpected>', toString: 'Function<toString>' }, constructor: 'Function<PropertySignature>' }, { name: 'owners', type: { '~effect/Schema': '~effect/Schema', annotations: undefined, checks: undefined, encoding: undefined, context: { isOptional: true, isMutable: false, constructorDefault: undefined, annotations: undefined, constructor: 'Function<Context>' }, _tag: 'Objects', propertySignatures: [ { name: 'cutoffClosed', type: { '~effect/Schema': '~effect/Schema', annotations: undefined, checks: undefined, encoding: undefined, context: undefined, _tag: 'Boolean', constructor: 'Function<Boolean>', getParser: 'Function<getParser>', getExpected: 'Function<getExpected>', toString: 'Function<toString>' }, constructor: 'Function<PropertySignature>' }, { name: 'owners', type: { '~effect/Schema': '~effect/Schema', annotations: undefined, checks: undefined, encoding: undefined, context: undefined, _tag: 'Arrays', isMutable: false, elements: [], rest: [ { '~effect/Schema': '~effect/Schema', annotations: undefined, checks: undefined, encoding: undefined, context: undefined, _tag: 'Objects', propertySignatures: [ { name: 'ownerId', type: { '~effect/Schema': '~effect/Schema', annotations: undefined, checks: [ { _tag: 'Filter', run: 'Function<anonymous>', annotations: { expected: 'an integer', representation: { id: 'effect/schema/isInt', payload: null }, toJsonSchema: 'Function<toJsonSchema>', toCode: 'Function<toCode>', arbitrary: { constraint: { integer: true } } }, aborted: false, constructor: 'Function<Filter>', annotate: 'Function<annotate>', abort: 'Function<abort>', and: 'Function<and>', pipe: 'Function<pipe>' }, { _tag: 'Filter', run: 'Function<anonymous>', annotations: { expected: 'a value greater than or equal to 0', arbitrary: { constraint: { ordered: { order: 'Function<anonymous>', minimum: +0 } } }, representation: { id: 'effect/schema/isGreaterThanOrEqualTo', payload: { minimum: +0 } }, toJsonSchema: 'Function<toJsonSchema>', toCode: 'Function<toCode>', brands: [ 'ApplicationExitOwnerId' ] }, aborted: false, constructor: 'Function<Filter>', annotate: 'Function<annotate>', abort: 'Function<abort>', and: 'Function<and>', pipe: 'Function<pipe>' } ], encoding: undefined, context: undefined, _tag: 'Number', constructor: 'Function<Number>', getParser: 'Function<getParser>', matchKey: 'Function<matchKey>', matchPart: 'Function<matchPart>', _match: 'Function<_match>', toCodecJson: 'Function<toCodecJson>', toCodecStringTree: 'Function<toCodecStringTree>', getExpected: 'Function<getExpected>', toString: 'Function<toString>' }, constructor: 'Function<PropertySignature>' }, { name: 'family', type: { '~effect/Schema': '~effect/Schema', annotations: undefined, checks: undefined, encoding: undefined, context: undefined, _tag: 'Union', types: [ { '~effect/Schema': '~effect/Schema', annotations: undefined, checks: undefined, encoding: undefined, context: undefined, _tag: 'Literal', literal: 'ForwardOwner', constructor: 'Function<Literal>', getParser: 'Function<getParser>', matchPart: 'Function<matchPart>', toCodecJson: 'Function<toCodecJson>', toCodecStringTree: 'Function<toCodecStringTree>', getExpected: 'Function<getExpected>', toString: 'Function<toString>' }, { '~effect/Schema': '~effect/Schema', annotations: undefined, checks: undefined, encoding: undefined, context: undefined, _tag: 'Literal', literal: 'ExecutorDrain', constructor: 'Function<Literal>', getParser: 'Function<getParser>', matchPart: 'Function<matchPart>', toCodecJson: 'Function<toCodecJson>', toCodecStringTree: 'Function<toCodecStringTree>', getExpected: 'Function<getExpected>', toString: 'Function<toString>' }, { '~effect/Schema': '~effect/Schema', annotations: undefined, checks: undefined, encoding: undefined, context: undefined, _tag: 'Literal', literal: 'LocalDrain', constructor: 'Function<Literal>', getParser: 'Function<getParser>', matchPart: 'Function<matchPart>', toCodecJson: 'Function<toCodecJson>', toCodecStringTree: 'Function<toCodecStringTree>', getExpected: 'Function<getExpected>', toString: 'Function<toString>' } ], mode: 'anyOf', encodingChecks: undefined, constructor: 'Function<Union>', getParser: 'Function<getParser>', _rebuild: 'Function<_rebuild>', recur: 'Function<recur>', flip: 'Function<flip>', matchPart: 'Function<matchPart>', getExpected: 'Function<getExpected>', toString: 'Function<toString>' }, constructor: 'Function<PropertySignature>' }, { name: 'name', type: { '~effect/Schema': '~effect/Schema', annotations: undefined, checks: undefined, encoding: undefined, context: undefined, _tag: 'Union', types: [ { '~effect/Schema': '~effect/Schema', annotations: undefined, checks: undefined, encoding: undefined, context: undefined, _tag: 'Literal', literal: 'ForwardProgress', constructor: 'Function<Literal>', getParser: 'Function<getParser>', matchPart: 'Function<matchPart>', toCodecJson: 'Function<toCodecJson>', toCodecStringTree: 'Function<toCodecStringTree>', getExpected: 'Function<getExpected>', toString: 'Function<toString>' }, { '~effect/Schema': '~effect/Schema', annotations: undefined, checks: undefined, encoding: undefined, context: undefined, _tag: 'Literal', literal: 'ExecutorWork', constructor: 'Function<Literal>', getParser: 'Function<getParser>', matchPart: 'Function<matchPart>', toCodecJson: 'Function<toCodecJson>', toCodecStringTree: 'Function<toCodecStringTree>', getExpected: 'Function<getExpected>', toString: 'Function<toString>' }, { '~effect/Schema': '~effect/Schema', annotations: undefined, checks: undefined, encoding: undefined, context: undefined, _tag: 'Literal', literal: 'HostAcquisition', constructor: 'Function<Literal>', getParser: 'Function<getParser>', matchPart: 'Function<matchPart>', toCodecJson: 'Function<toCodecJson>', toCodecStringTree: 'Function<toCodecStringTree>', getExpected: 'Function<getExpected>', toString: 'Function<toString>' }, { '~effect/Schema': '~effect/Schema', annotations: undefined, checks: undefined, encoding: undefined, context: undefined, _tag: 'Literal', literal: 'CodexProvider', constructor: 'Function<Literal>', getParser: 'Function<getParser>', matchPart: 'Function<matchPart>', toCodecJson: 'Function<toCodecJson>', toCodecStringTree: 'Function<toCodecStringTree>', getExpected: 'Function<getExpected>', toString: 'Function<toString>' }, { '~effect/Schema': '~effect/Schema', annotations: undefined, checks: undefined, encoding: undefined, context: undefined, _tag: 'Literal', literal: 'RunRuntime', constructor: 'Function<Literal>', getParser: 'Function<getParser>', matchPart: 'Function<matchPart>', toCodecJson: 'Function<toCodecJson>', toCodecStringTree: 'Function<toCodecStringTree>', getExpected: 'Function<getExpected>', toString: 'Function<toString>' }, { '~effect/Schema': '~effect/Schema', annotations: undefined, checks: undefined, encoding: undefined, context: undefined, _tag: 'Literal', literal: 'ArchiveMaintenance', constructor: 'Function<Literal>', getParser: 'Function<getParser>', matchPart: 'Function<matchPart>', toCodecJson: 'Function<toCodecJson>', toCodecStringTree: 'Function<toCodecStringTree>', getExpected: 'Function<getExpected>', toString: 'Function<toString>' }, { '~effect/Schema': '~effect/Schema', annotations: undefined, checks: undefined, encoding: undefined, context: undefined, _tag: 'Literal', literal: 'Inspection', constructor: 'Function<Literal>', getParser: 'Function<getParser>', matchPart: 'Function<matchPart>', toCodecJson: 'Function<toCodecJson>', toCodecStringTree: 'Function<toCodecStringTree>', getExpected: 'Function<getExpected>', toString: 'Function<toString>' }, { '~effect/Schema': '~effect/Schema', annotations: undefined, checks: undefined, encoding: undefined, context: undefined, _tag: 'Literal', literal: 'HostWatch', constructor: 'Function<Literal>', getParser: 'Function<getParser>', matchPart: 'Function<matchPart>', toCodecJson: 'Function<toCodecJson>', toCodecStringTree: 'Function<toCodecStringTree>', getExpected: 'Function<getExpected>', toString: 'Function<toString>' }, { '~effect/Schema': '~effect/Schema', annotations: undefined, checks: undefined, encoding: undefined, context: undefined, _tag: 'Literal', literal: 'LocalResources', constructor: 'Function<Literal>', getParser: 'Function<getParser>', matchPart: 'Function<matchPart>', toCodecJson: 'Function<toCodecJson>', toCodecStringTree: 'Function<toCodecStringTree>', getExpected: 'Function<getExpected>', toString: 'Function<toString>' } ], mode: 'anyOf', encodingChecks: undefined, constructor: 'Function<Union>', getParser: 'Function<getParser>', _rebuild: 'Function<_rebuild>', recur: 'Function<recur>', flip: 'Function<flip>', matchPart: 'Function<matchPart>', getExpected: 'Function<getExpected>', toString: 'Function<toString>' }, constructor: 'Function<PropertySignature>' }, { name: 'kind', type: { '~effect/Schema': '~effect/Schema', annotations: undefined, checks: undefined, encoding: undefined, context: undefined, _tag: 'Union', types: [ { '~effect/Schema': '~effect/Schema', annotations: undefined, checks: undefined, encoding: undefined, context: undefined, _tag: 'Literal', literal: 'AtomicBoundary', constructor: 'Function<Literal>', getParser: 'Function<getParser>', matchPart: 'Function<matchPart>', toCodecJson: 'Function<toCodecJson>', toCodecStringTree: 'Function<toCodecStringTree>', getExpected: 'Function<getExpected>', toString: 'Function<toString>' }, { '~effect/Schema': '~effect/Schema', annotations: undefined, checks: undefined, encoding: undefined, context: undefined, _tag: 'Literal', literal: 'AuthorizedRunTerminationAppend', constructor: 'Function<Literal>', getParser: 'Function<getParser>', matchPart: 'Function<matchPart>', toCodecJson: 'Function<toCodecJson>', toCodecStringTree: 'Function<toCodecStringTree>', getExpected: 'Function<getExpected>', toString: 'Function<toString>' }, { '~effect/Schema': '~effect/Schema', annotations: undefined, checks: undefined, encoding: undefined, context: undefined, _tag: 'Literal', literal: 'InterruptibleBoundary', constructor: 'Function<Literal>', getParser: 'Function<getParser>', matchPart: 'Function<matchPart>', toCodecJson: 'Function<toCodecJson>', toCodecStringTree: 'Function<toCodecStringTree>', getExpected: 'Function<getExpected>', toString: 'Function<toString>' }, { '~effect/Schema': '~effect/Schema', annotations: undefined, checks: undefined, encoding: undefined, context: undefined, _tag: 'Literal', literal: 'RunActivation', constructor: 'Function<Literal>', getParser: 'Function<getParser>', matchPart: 'Function<matchPart>', toCodecJson: 'Function<toCodecJson>', toCodecStringTree: 'Function<toCodecStringTree>', getExpected: 'Function<getExpected>', toString: 'Function<toString>' }, { '~effect/Schema': '~effect/Schema', annotations: undefined, checks: undefined, encoding: undefined, context: undefined, _tag: 'Literal', literal: 'ExecutorDrain', constructor: 'Function<Literal>', getParser: 'Function<getParser>', matchPart: 'Function<matchPart>', toCodecJson: 'Function<toCodecJson>', toCodecStringTree: 'Function<toCodecStringTree>', getExpected: 'Function<getExpected>', toString: 'Function<toString>' }, { '~effect/Schema': '~effect/Schema', annotations: undefined, checks: undefined, encoding: undefined, context: undefined, _tag: 'Literal', literal: 'LocalDrain', constructor: 'Function<Literal>', getParser: 'Function<getParser>', matchPart: 'Function<matchPart>', toCodecJson: 'Function<toCodecJson>', toCodecStringTree: 'Function<toCodecStringTree>', getExpected: 'Function<getExpected>', toString: 'Function<toString>' } ], mode: 'anyOf', encodingChecks: undefined, constructor: 'Function<Union>', getParser: 'Function<getParser>', _rebuild: 'Function<_rebuild>', recur: 'Function<recur>', flip: 'Function<flip>', matchPart: 'Function<matchPart>', getExpected: 'Function<getExpected>', toString: 'Function<toString>' }, constructor: 'Function<PropertySignature>' }, { name: 'subject', type: { '~effect/Schema': '~effect/Schema', annotations: undefined, checks: undefined, encoding: undefined, context: undefined, _tag: 'Union', types: [ { '~effect/Schema': '~effect/Schema', annotations: undefined, checks: undefined, encoding: undefined, context: undefined, _tag: 'Objects', propertySignatures: [ { name: '_tag', type: { '~effect/Schema': '~effect/Schema', annotations: undefined, checks: undefined, encoding: undefined, context: { isOptional: false, isMutable: false, constructorDefault: { to: { '~effect/Schema': '~effect/Schema', annotations: undefined, checks: undefined, encoding: undefined, context: undefined, _tag: 'Unknown', constructor: 'Function<Unknown>', getParser: 'Function<getParser>', getExpected: 'Function<getExpected>', toString: 'Function<toString>' }, transformation: { '~effect/SchemaTransformation/Transformation': '~effect/SchemaTransformation/Transformation', _tag: 'Transformation', decode: { run: 'Function<anonymous>', constructor: 'Function<Getter>', map: 'Function<map>', compose: 'Function<compose>', pipe: 'Function<pipe>' }, encode: { run: 'Function<anonymous>', constructor: 'Function<Getter>', map: 'Function<map>', compose: 'Function<compose>', pipe: 'Function<pipe>' }, constructor: 'Function<Transformation>', flip: 'Function<flip>', compose: 'Function<compose>' }, constructor: 'Function<Link>' }, annotations: undefined, constructor: 'Function<Context>' }, _tag: 'Literal', literal: 'NoRun', constructor: 'Function<Literal>', getParser: 'Function<getParser>', matchPart: 'Function<matchPart>', toCodecJson: 'Function<toCodecJson>', toCodecStringTree: 'Function<toCodecStringTree>', getExpected: 'Function<getExpected>', toString: 'Function<toString>' }, constructor: 'Function<PropertySignature>' } ], indexSignatures: [], encodingChecks: undefined, constructor: 'Function<Objects>', getParser: 'Function<getParser>', _rebuild: 'Function<_rebuild>', flip: 'Function<flip>', recur: 'Function<recur>', getExpected: 'Function<getExpected>', toString: 'Function<toString>' }, { '~effect/Schema': '~effect/Schema', annotations: undefined, checks: undefined, encoding: undefined, context: undefined, _tag: 'Objects', propertySignatures: [ { name: '_tag', type: { '~effect/Schema': '~effect/Schema', annotations: undefined, checks: undefined, encoding: undefined, context: { isOptional: false, isMutable: false, constructorDefault: { to: { '~effect/Schema': '~effect/Schema', annotations: undefined, checks: undefined, encoding: undefined, context: undefined, _tag: 'Unknown', constructor: 'Function<Unknown>', getParser: 'Function<getParser>', getExpected: 'Function<getExpected>', toString: 'Function<toString>' }, transformation: { '~effect/SchemaTransformation/Transformation': '~effect/SchemaTransformation/Transformation', _tag: 'Transformation', decode: { run: 'Function<anonymous>', constructor: 'Function<Getter>', map: 'Function<map>', compose: 'Function<compose>', pipe: 'Function<pipe>' }, encode: { run: 'Function<anonymous>', constructor: 'Function<Getter>', map: 'Function<map>', compose: 'Function<compose>', pipe: 'Function<pipe>' }, constructor: 'Function<Transformation>', flip: 'Function<flip>', compose: 'Function<compose>' }, constructor: 'Function<Link>' }, annotations: undefined, constructor: 'Function<Context>' }, _tag: 'Literal', literal: 'Run', constructor: 'Function<Literal>', getParser: 'Function<getParser>', matchPart: 'Function<matchPart>', toCodecJson: 'Function<toCodecJson>', toCodecStringTree: 'Function<toCodecStringTree>', getExpected: 'Function<getExpected>', toString: 'Function<toString>' }, constructor: 'Function<PropertySignature>' }, { name: 'runId', type: { '~effect/Schema': '~effect/Schema', annotations: undefined, checks: [ { _tag: 'Filter', run: 'Function<anonymous>', annotations: { expected: 'a value with a length of at least 1', representation: { id: 'effect/schema/isMinLength', payload: { minLength: 1 } }, toJsonSchema: 'Function<toJsonSchema>', toCode: 'Function<toCode>', '~structural': true, arbitrary: { constraint: { minLength: 1 } }, brands: [ 'RunId' ] }, aborted: false, constructor: 'Function<Filter>', annotate: 'Function<annotate>', abort: 'Function<abort>', and: 'Function<and>', pipe: 'Function<pipe>' } ], encoding: undefined, context: undefined, _tag: 'String', constructor: 'Function<String>', getParser: 'Function<getParser>', matchPart: 'Function<matchPart>', getExpected: 'Function<getExpected>', toString: 'Function<toString>' }, constructor: 'Function<PropertySignature>' } ], indexSignatures: [], encodingChecks: undefined, constructor: 'Function<Objects>', getParser: 'Function<getParser>', _rebuild: 'Function<_rebuild>', flip: 'Function<flip>', recur: 'Function<recur>', getExpected: 'Function<getExpected>', toString: 'Function<toString>' }, { '~effect/Schema': '~effect/Schema', annotations: undefined, checks: undefined, encoding: undefined, context: undefined, _tag: 'Objects', propertySignatures: [ { name: '_tag', type: { '~effect/Schema': '~effect/Schema', annotations: undefined, checks: undefined, encoding: undefined, context: { isOptional: false, isMutable: false, constructorDefault: { to: { '~effect/Schema': '~effect/Schema', annotations: undefined, checks: undefined, encoding: undefined, context: undefined, _tag: 'Unknown', constructor: 'Function<Unknown>', getParser: 'Function<getParser>', getExpected: 'Function<getExpected>', toString: 'Function<toString>' }, transformation: { '~effect/SchemaTransformation/Transformation': '~effect/SchemaTransformation/Transformation', _tag: 'Transformation', decode: { run: 'Function<anonymous>', constructor: 'Function<Getter>', map: 'Function<map>', compose: 'Function<compose>', pipe: 'Function<pipe>' }, encode: { run: 'Function<anonymous>', constructor: 'Function<Getter>', map: 'Function<map>', compose: 'Function<compose>', pipe: 'Function<pipe>' }, constructor: 'Function<Transformation>', flip: 'Function<flip>', compose: 'Function<compose>' }, constructor: 'Function<Link>' }, annotations: undefined, constructor: 'Function<Context>' }, _tag: 'Literal', literal: 'Task', constructor: 'Function<Literal>', getParser: 'Function<getParser>', matchPart: 'Function<matchPart>', toCodecJson: 'Function<toCodecJson>', toCodecStringTree: 'Function<toCodecStringTree>', getExpected: 'Function<getExpected>', toString: 'Function<toString>' }, constructor: 'Function<PropertySignature>' }, { name: 'runId', type: { '~effect/Schema': '~effect/Schema', annotations: undefined, checks: [ { _tag: 'Filter', run: 'Function<anonymous>', annotations: { expected: 'a value with a length of at least 1', representation: { id: 'effect/schema/isMinLength', payload: { minLength: 1 } }, toJsonSchema: 'Function<toJsonSchema>', toCode: 'Function<toCode>', '~structural': true, arbitrary: { constraint: { minLength: 1 } }, brands: [ 'RunId' ] }, aborted: false, constructor: 'Function<Filter>', annotate: 'Function<annotate>', abort: 'Function<abort>', and: 'Function<and>', pipe: 'Function<pipe>' } ], encoding: undefined, context: undefined, _tag: 'String', constructor: 'Function<String>', getParser: 'Function<getParser>', matchPart: 'Function<matchPart>', getExpected: 'Function<getExpected>', toString: 'Function<toString>' }, constructor: 'Function<PropertySignature>' }, { name: 'taskId', type: { '~effect/Schema': '~effect/Schema', annotations: undefined, checks: [ { _tag: 'Filter', run: 'Function<anonymous>', annotations: { expected: 'a value with a length of at least 1', representation: { id: 'effect/schema/isMinLength', payload: { minLength: 1 } }, toJsonSchema: 'Function<toJsonSchema>', toCode: 'Function<toCode>', '~structural': true, arbitrary: { constraint: { minLength: 1 } }, brands: [ 'TaskId' ] }, aborted: false, constructor: 'Function<Filter>', annotate: 'Function<annotate>', abort: 'Function<abort>', and: 'Function<and>', pipe: 'Function<pipe>' } ], encoding: undefined, context: undefined, _tag: 'String', constructor: 'Function<String>', getParser: 'Function<getParser>', matchPart: 'Function<matchPart>', getExpected: 'Function<getExpected>', toString: 'Function<toString>' }, constructor: 'Function<PropertySignature>' } ], indexSignatures: [], encodingChecks: undefined, constructor: 'Function<Objects>', getParser: 'Function<getParser>', _rebuild: 'Function<_rebuild>', flip: 'Function<flip>', recur: 'Function<recur>', getExpected: 'Function<getExpected>', toString: 'Function<toString>' }, { '~effect/Schema': '~effect/Schema', annotations: undefined, checks: undefined, encoding: undefined, context: undefined, _tag: 'Objects', propertySignatures: [ { name: '_tag', type: { '~effect/Schema': '~effect/Schema', annotations: undefined, checks: undefined, encoding: undefined, context: { isOptional: false, isMutable: false, constructorDefault: { to: { '~effect/Schema': '~effect/Schema', annotations: undefined, checks: undefined, encoding: undefined, context: undefined, _tag: 'Unknown', constructor: 'Function<Unknown>', getParser: 'Function<getParser>', getExpected: 'Function<getExpected>', toString: 'Function<toString>' }, transformation: { '~effect/SchemaTransformation/Transformation': '~effect/SchemaTransformation/Transformation', _tag: 'Transformation', decode: { run: 'Function<anonymous>', constructor: 'Function<Getter>', map: 'Function<map>', compose: 'Function<compose>', pipe: 'Function<pipe>' }, encode: { run: 'Function<anonymous>', constructor: 'Function<Getter>', map: 'Function<map>', compose: 'Function<compose>', pipe: 'Function<pipe>' }, constructor: 'Function<Transformation>', flip: 'Function<flip>', compose: 'Function<compose>' }, constructor: 'Function<Link>' }, annotations: undefined, constructor: 'Function<Context>' }, _tag: 'Literal', literal: 'ExecutorAttempt', constructor: 'Function<Literal>', getParser: 'Function<getParser>', matchPart: 'Function<matchPart>', toCodecJson: 'Function<toCodecJson>', toCodecStringTree: 'Function<toCodecStringTree>', getExpected: 'Function<getExpected>', toString: 'Function<toString>' }, constructor: 'Function<PropertySignature>' }, { name: 'correlation', type: { '~effect/Schema': '~effect/Schema', annotations: undefined, checks: undefined, encoding: undefined, context: undefined, _tag: 'Objects', propertySignatures: [ { name: 'attemptId', type: { '~effect/Schema': '~effect/Schema', annotations: undefined, checks: [ { _tag: 'Filter', run: 'Function<anonymous>', annotations: { expected: 'a value with a length of at least 1', representation: { id: 'effect/schema/isMinLength', payload: { minLength: 1 } }, toJsonSchema: 'Function<toJsonSchema>', toCode: 'Function<toCode>', '~structural': true, arbitrary: { constraint: { minLength: 1 } }, brands: [ 'AttemptId' ] }, aborted: false, constructor: 'Function<Filter>', annotate: 'Function<annotate>', abort: 'Function<abort>', and: 'Function<and>', pipe: 'Function<pipe>' } ], encoding: undefined, context: undefined, _tag: 'String', constructor: 'Function<String>', getParser: 'Function<getParser>', matchPart: 'Function<matchPart>', getExpected: 'Function<getExpected>', toString: 'Function<toString>' }, constructor: 'Function<PropertySignature>' }, { name: 'runId', type: { '~effect/Schema': '~effect/Schema', annotations: undefined, checks: [ { _tag: 'Filter', run: 'Function<anonymous>', annotations: { expected: 'a value with a length of at least 1', representation: { id: 'effect/schema/isMinLength', payload: { minLength: 1 } }, toJsonSchema: 'Function<toJsonSchema>', toCode: 'Function<toCode>', '~structural': true, arbitrary: { constraint: { minLength: 1 } }, brands: [ 'RunId' ] }, aborted: false, constructor: 'Function<Filter>', annotate: 'Function<annotate>', abort: 'Function<abort>', and: 'Function<and>', pipe: 'Function<pipe>' } ], encoding: undefined, context: undefined, _tag: 'String', constructor: 'Function<String>', getParser: 'Function<getParser>', matchPart: 'Function<matchPart>', getExpected: 'Function<getExpected>', toString: 'Function<toString>' }, constructor: 'Function<PropertySignature>' } ], indexSignatures: [], encodingChecks: undefined, constructor: 'Function<Objects>', getParser: 'Function<getParser>', _rebuild: 'Function<_rebuild>', flip: 'Function<flip>', recur: 'Function<recur>', getExpected: 'Function<getExpected>', toString: 'Function<toString>' }, constructor: 'Function<PropertySignature>' } ], indexSignatures: [], encodingChecks: undefined, constructor: 'Function<Objects>', getParser: 'Function<getParser>', _rebuild: 'Function<_rebuild>', flip: 'Function<flip>', recur: 'Function<recur>', getExpected: 'Function<getExpected>', toString: 'Function<toString>' } ], mode: 'anyOf', encodingChecks: undefined, constructor: 'Function<Union>', getParser: 'Function<getParser>', _rebuild: 'Function<_rebuild>', recur: 'Function<recur>', flip: 'Function<flip>', matchPart: 'Function<matchPart>', getExpected: 'Function<getExpected>', toString: 'Function<toString>' }, constructor: 'Function<PropertySignature>' }, { name: 'evidence', type: { '~effect/Schema': '~effect/Schema', annotations: undefined, checks: undefined, encoding: undefined, context: undefined, _tag: 'Union', types: [ { '~effect/Schema': '~effect/Schema', annotations: undefined, checks: undefined, encoding: undefined, context: undefined, _tag: 'Literal', literal: 'Preparing', constructor: 'Function<Literal>', getParser: 'Function<getParser>', matchPart: 'Function<matchPart>', toCodecJson: 'Function<toCodecJson>', toCodecStringTree: 'Function<toCodecStringTree>', getExpected: 'Function<getExpected>', toString: 'Function<toString>' }, { '~effect/Schema': '~effect/Schema', annotations: undefined, checks: undefined, encoding: undefined, context: undefined, _tag: 'Literal', literal: 'Registered', constructor: 'Function<Literal>', getParser: 'Function<getParser>', matchPart: 'Function<matchPart>', toCodecJson: 'Function<toCodecJson>', toCodecStringTree: 'Function<toCodecStringTree>', getExpected: 'Function<getExpected>', toString: 'Function<toString>' }, { '~effect/Schema': '~effect/Schema', annotations: undefined, checks: undefined, encoding: undefined, context: undefined, _tag: 'Literal', literal: 'AwaitingBoundaryResult', constructor: 'Function<Literal>', getParser: 'Function<getParser>', matchPart: 'Function<matchPart>', toCodecJson: 'Function<toCodecJson>', toCodecStringTree: 'Function<toCodecStringTree>', getExpected: 'Function<getExpected>', toString: 'Function<toString>' }, { '~effect/Schema': '~effect/Schema', annotations: undefined, checks: undefined, encoding: undefined, context: undefined, _tag: 'Literal', literal: 'BoundaryResultProduced', constructor: 'Function<Literal>', getParser: 'Function<getParser>', matchPart: 'Function<matchPart>', toCodecJson: 'Function<toCodecJson>', toCodecStringTree: 'Function<toCodecStringTree>', getExpected: 'Function<getExpected>', toString: 'Function<toString>' }, { '~effect/Schema': '~effect/Schema', annotations: undefined, checks: undefined, encoding: undefined, context: undefined, _tag: 'Literal', literal: 'BoundaryResultRecorded', constructor: 'Function<Literal>', getParser: 'Function<getParser>', matchPart: 'Function<matchPart>', toCodecJson: 'Function<toCodecJson>', toCodecStringTree: 'Function<toCodecStringTree>', getExpected: 'Function<getExpected>', toString: 'Function<toString>' }, { '~effect/Schema': '~effect/Schema', annotations: undefined, checks: undefined, encoding: undefined, context: undefined, _tag: 'Literal', literal: 'RecoverableAmbiguity', constructor: 'Function<Literal>', getParser: 'Function<getParser>', matchPart: 'Function<matchPart>', toCodecJson: 'Function<toCodecJson>', toCodecStringTree: 'Function<toCodecStringTree>', getExpected: 'Function<getExpected>', toString: 'Function<toString>' }, { '~effect/Schema': '~effect/Schema', annotations: undefined, checks: undefined, encoding: undefined, context: undefined, _tag: 'Literal', literal: 'DrainRegistered', constructor: 'Function<Literal>', getParser: 'Function<getParser>', matchPart: 'Function<matchPart>', toCodecJson: 'Function<toCodecJson>', toCodecStringTree: 'Function<toCodecStringTree>', getExpected: 'Function<getExpected>', toString: 'Function<toString>' }, { '~effect/Schema': '~effect/Schema', annotations: undefined, checks: undefined, encoding: undefined, context: undefined, _tag: 'Literal', literal: 'DrainPending', constructor: 'Function<Literal>', getParser: 'Function<getParser>', matchPart: 'Function<matchPart>', toCodecJson: 'Function<toCodecJson>', toCodecStringTree: 'Function<toCodecStringTree>', getExpected: 'Function<getExpected>', toString: 'Function<toString>' }, { '~effect/Schema': '~effect/Schema', annotations: undefined, checks: undefined, encoding: undefined, context: undefined, _tag: 'Literal', literal: 'DrainSucceeded', constructor: 'Function<Literal>', getParser: 'Function<getParser>', matchPart: 'Function<matchPart>', toCodecJson: 'Function<toCodecJson>', toCodecStringTree: 'Function<toCodecStringTree>', getExpected: 'Function<getExpected>', toString: 'Function<toString>' }, { '~effect/Schema': '~effect/Schema', annotations: undefined, checks: undefined, encoding: undefined, context: undefined, _tag: 'Literal', literal: 'DrainFailed', constructor: 'Function<Literal>', getParser: 'Function<getParser>', matchPart: 'Function<matchPart>', toCodecJson: 'Function<toCodecJson>', toCodecStringTree: 'Function<toCodecStringTree>', getExpected: 'Function<getExpected>', toString: 'Function<toString>' } ], mode: 'anyOf', encodingChecks: undefined, constructor: 'Function<Union>', getParser: 'Function<getParser>', _rebuild: 'Function<_rebuild>', recur: 'Function<recur>', flip: 'Function<flip>', matchPart: 'Function<matchPart>', getExpected: 'Function<getExpected>', toString: 'Function<toString>' }, constructor: 'Function<PropertySignature>' }, { name: 'boundary', type: { '~effect/Schema': '~effect/Schema', annotations: undefined, checks: undefined, encoding: undefined, context: undefined, _tag: 'Union', types: [ { '~effect/Schema': '~effect/Schema', annotations: undefined, checks: undefined, encoding: undefined, context: undefined, _tag: 'Objects', propertySignatures: [ { name: 'family', type: { '~effect/Schema': '~effect/Schema', annotations: undefined, checks: undefined, encoding: undefined, context: undefined, _tag: 'Union', types: [ { '~effect/Schema': '~effect/Schema', annotations: undefined, checks: undefined, encoding: undefined, context: undefined, _tag: 'Literal', literal: 'Git', constructor: 'Function<Literal>', getParser: 'Function<getParser>', matchPart: 'Function<matchPart>', toCodecJson: 'Function<toCodecJson>', toCodecStringTree: 'Function<toCodecStringTree>', getExpected: 'Function<getExpected>', toString: 'Function<toString>' }, { '~effect/Schema': '~effect/Schema', annotations: undefined, checks: undefined, encoding: undefined, context: undefined, _tag: 'Literal', literal: 'TaskTracker', constructor: 'Function<Literal>', getParser: 'Function<getParser>', matchPart: 'Function<matchPart>', toCodecJson: 'Function<toCodecJson>', toCodecStringTree: 'Function<toCodecStringTree>', getExpected: 'Function<getExpected>', toString: 'Function<toString>' } ], mode: 'anyOf', encodingChecks: undefined, constructor: 'Function<Union>', getParser: 'Function<getParser>', _rebuild: 'Function<_rebuild>', recur: 'Function<recur>', flip: 'Function<flip>', matchPart: 'Function<matchPart>', getExpected: 'Function<getExpected>', toString: 'Function<toString>' }, constructor: 'Function<PropertySignature>' }, { name: 'operationIds', type: { '~effect/Schema': '~effect/Schema', annotations: undefined, checks: undefined, encoding: undefined, context: undefined, _tag: 'Arrays', isMutable: false, elements: [], rest: [ { '~effect/Schema': '~effect/Schema', annotations: undefined, checks: [ { _tag: 'Filter', run: 'Function<anonymous>', annotations: { expected: 'a value with a length of at least 1', representation: { id: 'effect/schema/isMinLength', payload: { minLength: 1 } }, toJsonSchema: 'Function<toJsonSchema>', toCode: 'Function<toCode>', '~structural': true, arbitrary: { constraint: { minLength: 1 } }, brands: [ 'OperationId' ] }, aborted: false, constructor: 'Function<Filter>', annotate: 'Function<annotate>', abort: 'Function<abort>', and: 'Function<and>', pipe: 'Function<pipe>' } ], encoding: undefined, context: undefined, _tag: 'String', constructor: 'Function<String>', getParser: 'Function<getParser>', matchPart: 'Function<matchPart>', getExpected: 'Function<getExpected>', toString: 'Function<toString>' } ], encodingChecks: undefined, constructor: 'Function<Arrays>', getParser: 'Function<getParser>', _rebuild: 'Function<_rebuild>', recur: 'Function<recur>', flip: 'Function<flip>', getExpected: 'Function<getExpected>', toString: 'Function<toString>' }, constructor: 'Function<PropertySignature>' }, { name: 'baseline', type: { '~effect/Schema': '~effect/Schema', annotations: undefined, checks: undefined, encoding: undefined, context: undefined, _tag: 'Union', types: [ { '~effect/Schema': '~effect/Schema', annotations: undefined, checks: undefined, encoding: undefined, context: undefined, _tag: 'Objects', propertySignatures: [ { name: 'runId', type: { '~effect/Schema': '~effect/Schema', annotations: undefined, checks: [ { _tag: 'Filter', run: 'Function<anonymous>', annotations: { expected: 'a value with a length of at least 1', representation: { id: 'effect/schema/isMinLength', payload: { minLength: 1 } }, toJsonSchema: 'Function<toJsonSchema>', toCode: 'Function<toCode>', '~structural': true, arbitrary: { constraint: { minLength: 1 } }, brands: [ 'RunId' ] }, aborted: false, constructor: 'Function<Filter>', annotate: 'Function<annotate>', abort: 'Function<abort>', and: 'Function<and>', pipe: 'Function<pipe>' } ], encoding: undefined, context: undefined, _tag: 'String', constructor: 'Function<String>', getParser: 'Function<getParser>', matchPart: 'Function<matchPart>', getExpected: 'Function<getExpected>', toString: 'Function<toString>' }, constructor: 'Function<PropertySignature>' }, { name: 'attemptId', type: { '~effect/Schema': '~effect/Schema', annotations: undefined, checks: [ { _tag: 'Filter', run: 'Function<anonymous>', annotations: { expected: 'a value with a length of at least 1', representation: { id: 'effect/schema/isMinLength', payload: { minLength: 1 } }, toJsonSchema: 'Function<toJsonSchema>', toCode: 'Function<toCode>', '~structural': true, arbitrary: { constraint: { minLength: 1 } }, brands: [ 'AttemptId' ] }, aborted: false, constructor: 'Function<Filter>', annotate: 'Function<annotate>', abort: 'Function<abort>', and: 'Function<and>', pipe: 'Function<pipe>' } ], encoding: undefined, context: undefined, _tag: 'String', constructor: 'Function<String>', getParser: 'Function<getParser>', matchPart: 'Function<matchPart>', getExpected: 'Function<getExpected>', toString: 'Function<toString>' }, constructor: 'Function<PropertySignature>' }, { name: 'round', type: { '~effect/Schema': '~effect/Schema', annotations: undefined, checks: undefined, encoding: undefined, context: undefined, _tag: 'Union', types: [ { '~effect/Schema': '~effect/Schema', annotations: undefined, checks: [ { _tag: 'Filter', run: 'Function<anonymous>', annotations: { expected: 'an integer', representation: { id: 'effect/schema/isInt', payload: null }, toJsonSchema: 'Function<toJsonSchema>', toCode: 'Function<toCode>', arbitrary: { constraint: { integer: true } } }, aborted: false, constructor: 'Function<Filter>', annotate: 'Function<annotate>', abort: 'Function<abort>', and: 'Function<and>', pipe: 'Function<pipe>' }, { _tag: 'Filter', run: 'Function<anonymous>', annotations: { expected: 'a value greater than or equal to 1', arbitrary: { constraint: { ordered: { order: 'Function<anonymous>', minimum: 1 } } }, representation: { id: 'effect/schema/isGreaterThanOrEqualTo', payload: { minimum: 1 } }, toJsonSchema: 'Function<toJsonSchema>', toCode: 'Function<toCode>' }, aborted: false, constructor: 'Function<Filter>', annotate: 'Function<annotate>', abort: 'Function<abort>', and: 'Function<and>', pipe: 'Function<pipe>' } ], encoding: undefined, context: undefined, _tag: 'Number', constructor: 'Function<Number>', getParser: 'Function<getParser>', matchKey: 'Function<matchKey>', matchPart: 'Function<matchPart>', _match: 'Function<_match>', toCodecJson: 'Function<toCodecJson>', toCodecStringTree: 'Function<toCodecStringTree>', getExpected: 'Function<getExpected>', toString: 'Function<toString>' }, { '~effect/Schema': '~effect/Schema', annotations: undefined, checks: undefined, encoding: undefined, context: undefined, _tag: 'Null', constructor: 'Function<Null>', getParser: 'Function<getParser>', getExpected: 'Function<getExpected>', toString: 'Function<toString>' } ], mode: 'anyOf', encodingChecks: undefined, constructor: 'Function<Union>', getParser: 'Function<getParser>', _rebuild: 'Function<_rebuild>', recur: 'Function<recur>', flip: 'Function<flip>', matchPart: 'Function<matchPart>', getExpected: 'Function<getExpected>', toString: 'Function<toString>' }, constructor: 'Function<PropertySignature>' } ], indexSignatures: [], encodingChecks: undefined, constructor: 'Function<Objects>', getParser: 'Function<getParser>', _rebuild: 'Function<_rebuild>', flip: 'Function<flip>', recur: 'Function<recur>', getExpected: 'Function<getExpected>', toString: 'Function<toString>' }, { '~effect/Schema': '~effect/Schema', annotations: undefined, checks: undefined, encoding: undefined, context: undefined, _tag: 'Null', constructor: 'Function<Null>', getParser: 'Function<getParser>', getExpected: 'Function<getExpected>', toString: 'Function<toString>' } ], mode: 'anyOf', encodingChecks: undefined, constructor: 'Function<Union>', getParser: 'Function<getParser>', _rebuild: 'Function<_rebuild>', recur: 'Function<recur>', flip: 'Function<flip>', matchPart: 'Function<matchPart>', getExpected: 'Function<getExpected>', toString: 'Function<toString>' }, constructor: 'Function<PropertySignature>' } ], indexSignatures: [], encodingChecks: undefined, constructor: 'Function<Objects>', getParser: 'Function<getParser>', _rebuild: 'Function<_rebuild>', flip: 'Function<flip>', recur: 'Function<recur>', getExpected: 'Function<getExpected>', toString: 'Function<toString>' }, { '~effect/Schema': '~effect/Schema', annotations: undefined, checks: undefined, encoding: undefined, context: undefined, _tag: 'Null', constructor: 'Function<Null>', getParser: 'Function<getParser>', getExpected: 'Function<getExpected>', toString: 'Function<toString>' } ], mode: 'anyOf', encodingChecks: undefined, constructor: 'Function<Union>', getParser: 'Function<getParser>', _rebuild: 'Function<_rebuild>', recur: 'Function<recur>', flip: 'Function<flip>', matchPart: 'Function<matchPart>', getExpected: 'Function<getExpected>', toString: 'Function<toString>' }, constructor: 'Function<PropertySignature>' }, { name: 'missingEvidence', type: { '~effect/Schema': '~effect/Schema', annotations: undefined, checks: undefined, encoding: undefined, context: undefined, _tag: 'Union', types: [ { '~effect/Schema': '~effect/Schema', annotations: undefined, checks: undefined, encoding: undefined, context: undefined, _tag: 'Literal', literal: 'OwnerRelease', constructor: 'Function<Literal>', getParser: 'Function<getParser>', matchPart: 'Function<matchPart>', toCodecJson: 'Function<toCodecJson>', toCodecStringTree: 'Function<toCodecStringTree>', getExpected: 'Function<getExpected>', toString: 'Function<toString>' }, { '~effect/Schema': '~effect/Schema', annotations: undefined, checks: undefined, encoding: undefined, context: undefined, _tag: 'Literal', literal: 'BoundaryObservation', constructor: 'Function<Literal>', getParser: 'Function<getParser>', matchPart: 'Function<matchPart>', toCodecJson: 'Function<toCodecJson>', toCodecStringTree: 'Function<toCodecStringTree>', getExpected: 'Function<getExpected>', toString: 'Function<toString>' }, { '~effect/Schema': '~effect/Schema', annotations: undefined, checks: undefined, encoding: undefined, context: undefined, _tag: 'Literal', literal: 'JournalAcknowledgement', constructor: 'Function<Literal>', getParser: 'Function<getParser>', matchPart: 'Function<matchPart>', toCodecJson: 'Function<toCodecJson>', toCodecStringTree: 'Function<toCodecStringTree>', getExpected: 'Function<getExpected>', toString: 'Function<toString>' }, { '~effect/Schema': '~effect/Schema', annotations: undefined, checks: undefined, encoding: undefined, context: undefined, _tag: 'Literal', literal: 'CorrelatedExecutorSettlement', constructor: 'Function<Literal>', getParser: 'Function<getParser>', matchPart: 'Function<matchPart>', toCodecJson: 'Function<toCodecJson>', toCodecStringTree: 'Function<toCodecStringTree>', getExpected: 'Function<getExpected>', toString: 'Function<toString>' }, { '~effect/Schema': '~effect/Schema', annotations: undefined, checks: undefined, encoding: undefined, context: undefined, _tag: 'Literal', literal: 'LocalCloseAcknowledgement', constructor: 'Function<Literal>', getParser: 'Function<getParser>', matchPart: 'Function<matchPart>', toCodecJson: 'Function<toCodecJson>', toCodecStringTree: 'Function<toCodecStringTree>', getExpected: 'Function<getExpected>', toString: 'Function<toString>' }, { '~effect/Schema': '~effect/Schema', annotations: undefined, checks: undefined, encoding: undefined, context: undefined, _tag: 'Literal', literal: 'None', constructor: 'Function<Literal>', getParser: 'Function<getParser>', matchPart: 'Function<matchPart>', toCodecJson: 'Function<toCodecJson>', toCodecStringTree: 'Function<toCodecStringTree>', getExpected: 'Function<getExpected>', toString: 'Function<toString>' } ], mode: 'anyOf', encodingChecks: undefined, constructor: 'Function<Union>', getParser: 'Function<getParser>', _rebuild: 'Function<_rebuild>', recur: 'Function<recur>', flip: 'Function<flip>', matchPart: 'Function<matchPart>', getExpected: 'Function<getExpected>', toString: 'Function<toString>' }, constructor: 'Function<PropertySignature>' }, { name: 'nextAction', type: { '~effect/Schema': '~effect/Schema', annotations: undefined, checks: undefined, encoding: undefined, context: undefined, _tag: 'Union', types: [ { '~effect/Schema': '~effect/Schema', annotations: undefined, checks: undefined, encoding: undefined, context: undefined, _tag: 'Literal', literal: 'AwaitOwnerRelease', constructor: 'Function<Literal>', getParser: 'Function<getParser>', matchPart: 'Function<matchPart>', toCodecJson: 'Function<toCodecJson>', toCodecStringTree: 'Function<toCodecStringTree>', getExpected: 'Function<getExpected>', toString: 'Function<toString>' }, { '~effect/Schema': '~effect/Schema', annotations: undefined, checks: undefined, encoding: undefined, context: undefined, _tag: 'Literal', literal: 'ReconcileOriginalAuthorityBeforeRetry', constructor: 'Function<Literal>', getParser: 'Function<getParser>', matchPart: 'Function<matchPart>', toCodecJson: 'Function<toCodecJson>', toCodecStringTree: 'Function<toCodecStringTree>', getExpected: 'Function<getExpected>', toString: 'Function<toString>' }, { '~effect/Schema': '~effect/Schema', annotations: undefined, checks: undefined, encoding: undefined, context: undefined, _tag: 'Literal', literal: 'AwaitJournalAcknowledgement', constructor: 'Function<Literal>', getParser: 'Function<getParser>', matchPart: 'Function<matchPart>', toCodecJson: 'Function<toCodecJson>', toCodecStringTree: 'Function<toCodecStringTree>', getExpected: 'Function<getExpected>', toString: 'Function<toString>' }, { '~effect/Schema': '~effect/Schema', annotations: undefined, checks: undefined, encoding: undefined, context: undefined, _tag: 'Literal', literal: 'AwaitCorrelatedExecutorSettlement', constructor: 'Function<Literal>', getParser: 'Function<getParser>', matchPart: 'Function<matchPart>', toCodecJson: 'Function<toCodecJson>', toCodecStringTree: 'Function<toCodecStringTree>', getExpected: 'Function<getExpected>', toString: 'Function<toString>' }, { '~effect/Schema': '~effect/Schema', annotations: undefined, checks: undefined, encoding: undefined, context: undefined, _tag: 'Literal', literal: 'AwaitLocalClose', constructor: 'Function<Literal>', getParser: 'Function<getParser>', matchPart: 'Function<matchPart>', toCodecJson: 'Function<toCodecJson>', toCodecStringTree: 'Function<toCodecStringTree>', getExpected: 'Function<getExpected>', toString: 'Function<toString>' }, { '~effect/Schema': '~effect/Schema', annotations: undefined, checks: undefined, encoding: undefined, context: undefined, _tag: 'Literal', literal: 'InspectDrainFailure', constructor: 'Function<Literal>', getParser: 'Function<getParser>', matchPart: 'Function<matchPart>', toCodecJson: 'Function<toCodecJson>', toCodecStringTree: 'Function<toCodecStringTree>', getExpected: 'Function<getExpected>', toString: 'Function<toString>' }, { '~effect/Schema': '~effect/Schema', annotations: undefined, checks: undefined, encoding: undefined, context: undefined, _tag: 'Literal', literal: 'None', constructor: 'Function<Literal>', getParser: 'Function<getParser>', matchPart: 'Function<matchPart>', toCodecJson: 'Function<toCodecJson>', toCodecStringTree: 'Function<toCodecStringTree>', getExpected: 'Function<getExpected>', toString: 'Function<toString>' } ], mode: 'anyOf', encodingChecks: undefined, constructor: 'Function<Union>', getParser: 'Function<getParser>', _rebuild: 'Function<_rebuild>', recur: 'Function<recur>', flip: 'Function<flip>', matchPart: 'Function<matchPart>', getExpected: 'Function<getExpected>', toString: 'Function<toString>' }, constructor: 'Function<PropertySignature>' } ], indexSignatures: [], encodingChecks: undefined, constructor: 'Function<Objects>', getParser: 'Function<getParser>', _rebuild: 'Function<_rebuild>', flip: 'Function<flip>', recur: 'Function<recur>', getExpected: 'Function<getExpected>', toString: 'Function<toString>' } ], encodingChecks: undefined, constructor: 'Function<Arrays>', getParser: 'Function<getParser>', _rebuild: 'Function<_rebuild>', recur: 'Function<recur>', flip: 'Function<flip>', getExpected: 'Function<getExpected>', toString: 'Function<toString>' }, constructor: 'Function<PropertySignature>' } ], indexSignatures: [], encodingChecks: undefined, constructor: 'Function<Objects>', getParser: 'Function<getParser>', _rebuild: 'Function<_rebuild>', flip: 'Function<flip>', recur: 'Function<recur>', getExpected: 'Function<getExpected>', toString: 'Function<toString>' }, constructor: 'Function<PropertySignature>' } ], indexSignatures: [], encodingChecks: undefined, constructor: 'Function<Objects>', getParser: 'Function<getParser>', _rebuild: 'Function<_rebuild>', flip: 'Function<flip>', recur: 'Function<recur>', getExpected: 'Function<getExpected>', toString: 'Function<toString>' }, { '~effect/Schema': '~effect/Schema', annotations: undefined, checks: undefined, encoding: undefined, context: undefined, _tag: 'Objects', propertySignatures: [ { name: '_tag', type: { '~effect/Schema': '~effect/Schema', annotations: undefined, checks: undefined, encoding: undefined, context: { isOptional: false, isMutable: false, constructorDefault: { to: { '~effect/Schema': '~effect/Schema', annotations: undefined, checks: undefined, encoding: undefined, context: undefined, _tag: 'Unknown', constructor: 'Function<Unknown>', getParser: 'Function<getParser>', getExpected: 'Function<getExpected>', toString: 'Function<toString>' }, transformation: { '~effect/SchemaTransformation/Transformation': '~effect/SchemaTransformation/Transformation', _tag: 'Transformation', decode: { run: 'Function<anonymous>', constructor: 'Function<Getter>', map: 'Function<map>', compose: 'Function<compose>', pipe: 'Function<pipe>' }, encode: { run: 'Function<anonymous>', constructor: 'Function<Getter>', map: 'Function<map>', compose: 'Function<compose>', pipe: 'Function<pipe>' }, constructor: 'Function<Transformation>', flip: 'Function<flip>', compose: 'Function<compose>' }, constructor: 'Function<Link>' }, annotations: undefined, constructor: 'Function<Context>' }, _tag: 'Literal', literal: 'TimedOut', constructor: 'Function<Literal>', getParser: 'Function<getParser>', matchPart: 'Function<matchPart>', toCodecJson: 'Function<toCodecJson>', toCodecStringTree: 'Function<toCodecStringTree>', getExpected: 'Function<getExpected>', toString: 'Function<toString>' }, constructor: 'Function<PropertySignature>' }, { name: 'diagnostics', type: { '~effect/Schema': '~effect/Schema', annotations: undefined, checks: undefined, encoding: undefined, context: undefined, _tag: 'Arrays', isMutable: false, elements: [], rest: [ { '~effect/Schema': '~effect/Schema', annotations: undefined, checks: [ { _tag: 'Filter', run: 'Function<anonymous>', annotations: { expected: 'a value with a length of at least 1', representation: { id: 'effect/schema/isMinLength', payload: { minLength: 1 } }, toJsonSchema: 'Function<toJsonSchema>', toCode: 'Function<toCode>', '~structural': true, arbitrary: { constraint: { minLength: 1 } }, brands: [ 'ApplicationExitDiagnostic' ] }, aborted: false, constructor: 'Function<Filter>', annotate: 'Function<annotate>', abort: 'Function<abort>', and: 'Function<and>', pipe: 'Function<pipe>' } ], encoding: undefined, context: undefined, _tag: 'String', constructor: 'Function<String>', getParser: 'Function<getParser>', matchPart: 'Function<matchPart>', getExpected: 'Function<getExpected>', toString: 'Function<toString>' } ], encodingChecks: undefined, constructor: 'Function<Arrays>', getParser: 'Function<getParser>', _rebuild: 'Function<_rebuild>', recur: 'Function<recur>', flip: 'Function<flip>', getExpected: 'Function<getExpected>', toString: 'Function<toString>' }, constructor: 'Function<PropertySignature>' }, { name: 'owners', type: { '~effect/Schema': '~effect/Schema', annotations: undefined, checks: undefined, encoding: undefined, context: { isOptional: true, isMutable: false, constructorDefault: undefined, annotations: undefined, constructor: 'Function<Context>' }, _tag: 'Objects', propertySignatures: [ { name: 'cutoffClosed', type: { '~effect/Schema': '~effect/Schema', annotations: undefined, checks: undefined, encoding: undefined, context: undefined, _tag: 'Boolean', constructor: 'Function<Boolean>', getParser: 'Function<getParser>', getExpected: 'Function<getExpected>', toString: 'Function<toString>' }, constructor: 'Function<PropertySignature>' }, { name: 'owners', type: { '~effect/Schema': '~effect/Schema', annotations: undefined, checks: undefined, encoding: undefined, context: undefined, _tag: 'Arrays', isMutable: false, elements: [], rest: [ { '~effect/Schema': '~effect/Schema', annotations: undefined, checks: undefined, encoding: undefined, context: undefined, _tag: 'Objects', propertySignatures: [ { name: 'ownerId', type: { '~effect/Schema': '~effect/Schema', annotations: undefined, checks: [ { _tag: 'Filter', run: 'Function<anonymous>', annotations: { expected: 'an integer', representation: { id: 'effect/schema/isInt', payload: null }, toJsonSchema: 'Function<toJsonSchema>', toCode: 'Function<toCode>', arbitrary: { constraint: { integer: true } } }, aborted: false, constructor: 'Function<Filter>', annotate: 'Function<annotate>', abort: 'Function<abort>', and: 'Function<and>', pipe: 'Function<pipe>' }, { _tag: 'Filter', run: 'Function<anonymous>', annotations: { expected: 'a value greater than or equal to 0', arbitrary: { constraint: { ordered: { order: 'Function<anonymous>', minimum: +0 } } }, representation: { id: 'effect/schema/isGreaterThanOrEqualTo', payload: { minimum: +0 } }, toJsonSchema: 'Function<toJsonSchema>', toCode: 'Function<toCode>', brands: [ 'ApplicationExitOwnerId' ] }, aborted: false, constructor: 'Function<Filter>', annotate: 'Function<annotate>', abort: 'Function<abort>', and: 'Function<and>', pipe: 'Function<pipe>' } ], encoding: undefined, context: undefined, _tag: 'Number', constructor: 'Function<Number>', getParser: 'Function<getParser>', matchKey: 'Function<matchKey>', matchPart: 'Function<matchPart>', _match: 'Function<_match>', toCodecJson: 'Function<toCodecJson>', toCodecStringTree: 'Function<toCodecStringTree>', getExpected: 'Function<getExpected>', toString: 'Function<toString>' }, constructor: 'Function<PropertySignature>' }, { name: 'family', type: { '~effect/Schema': '~effect/Schema', annotations: undefined, checks: undefined, encoding: undefined, context: undefined, _tag: 'Union', types: [ { '~effect/Schema': '~effect/Schema', annotations: undefined, checks: undefined, encoding: undefined, context: undefined, _tag: 'Literal', literal: 'ForwardOwner', constructor: 'Function<Literal>', getParser: 'Function<getParser>', matchPart: 'Function<matchPart>', toCodecJson: 'Function<toCodecJson>', toCodecStringTree: 'Function<toCodecStringTree>', getExpected: 'Function<getExpected>', toString: 'Function<toString>' }, { '~effect/Schema': '~effect/Schema', annotations: undefined, checks: undefined, encoding: undefined, context: undefined, _tag: 'Literal', literal: 'ExecutorDrain', constructor: 'Function<Literal>', getParser: 'Function<getParser>', matchPart: 'Function<matchPart>', toCodecJson: 'Function<toCodecJson>', toCodecStringTree: 'Function<toCodecStringTree>', getExpected: 'Function<getExpected>', toString: 'Function<toString>' }, { '~effect/Schema': '~effect/Schema', annotations: undefined, checks: undefined, encoding: undefined, context: undefined, _tag: 'Literal', literal: 'LocalDrain', constructor: 'Function<Literal>', getParser: 'Function<getParser>', matchPart: 'Function<matchPart>', toCodecJson: 'Function<toCodecJson>', toCodecStringTree: 'Function<toCodecStringTree>', getExpected: 'Function<getExpected>', toString: 'Function<toString>' } ], mode: 'anyOf', encodingChecks: undefined, constructor: 'Function<Union>', getParser: 'Function<getParser>', _rebuild: 'Function<_rebuild>', recur: 'Function<recur>', flip: 'Function<flip>', matchPart: 'Function<matchPart>', getExpected: 'Function<getExpected>', toString: 'Function<toString>' }, constructor: 'Function<PropertySignature>' }, { name: 'name', type: { '~effect/Schema': '~effect/Schema', annotations: undefined, checks: undefined, encoding: undefined, context: undefined, _tag: 'Union', types: [ { '~effect/Schema': '~effect/Schema', annotations: undefined, checks: undefined, encoding: undefined, context: undefined, _tag: 'Literal', literal: 'ForwardProgress', constructor: 'Function<Literal>', getParser: 'Function<getParser>', matchPart: 'Function<matchPart>', toCodecJson: 'Function<toCodecJson>', toCodecStringTree: 'Function<toCodecStringTree>', getExpected: 'Function<getExpected>', toString: 'Function<toString>' }, { '~effect/Schema': '~effect/Schema', annotations: undefined, checks: undefined, encoding: undefined, context: undefined, _tag: 'Literal', literal: 'ExecutorWork', constructor: 'Function<Literal>', getParser: 'Function<getParser>', matchPart: 'Function<matchPart>', toCodecJson: 'Function<toCodecJson>', toCodecStringTree: 'Function<toCodecStringTree>', getExpected: 'Function<getExpected>', toString: 'Function<toString>' }, { '~effect/Schema': '~effect/Schema', annotations: undefined, checks: undefined, encoding: undefined, context: undefined, _tag: 'Literal', literal: 'HostAcquisition', constructor: 'Function<Literal>', getParser: 'Function<getParser>', matchPart: 'Function<matchPart>', toCodecJson: 'Function<toCodecJson>', toCodecStringTree: 'Function<toCodecStringTree>', getExpected: 'Function<getExpected>', toString: 'Function<toString>' }, { '~effect/Schema': '~effect/Schema', annotations: undefined, checks: undefined, encoding: undefined, context: undefined, _tag: 'Literal', literal: 'CodexProvider', constructor: 'Function<Literal>', getParser: 'Function<getParser>', matchPart: 'Function<matchPart>', toCodecJson: 'Function<toCodecJson>', toCodecStringTree: 'Function<toCodecStringTree>', getExpected: 'Function<getExpected>', toString: 'Function<toString>' }, { '~effect/Schema': '~effect/Schema', annotations: undefined, checks: undefined, encoding: undefined, context: undefined, _tag: 'Literal', literal: 'RunRuntime', constructor: 'Function<Literal>', getParser: 'Function<getParser>', matchPart: 'Function<matchPart>', toCodecJson: 'Function<toCodecJson>', toCodecStringTree: 'Function<toCodecStringTree>', getExpected: 'Function<getExpected>', toString: 'Function<toString>' }, { '~effect/Schema': '~effect/Schema', annotations: undefined, checks: undefined, encoding: undefined, context: undefined, _tag: 'Literal', literal: 'ArchiveMaintenance', constructor: 'Function<Literal>', getParser: 'Function<getParser>', matchPart: 'Function<matchPart>', toCodecJson: 'Function<toCodecJson>', toCodecStringTree: 'Function<toCodecStringTree>', getExpected: 'Function<getExpected>', toString: 'Function<toString>' }, { '~effect/Schema': '~effect/Schema', annotations: undefined, checks: undefined, encoding: undefined, context: undefined, _tag: 'Literal', literal: 'Inspection', constructor: 'Function<Literal>', getParser: 'Function<getParser>', matchPart: 'Function<matchPart>', toCodecJson: 'Function<toCodecJson>', toCodecStringTree: 'Function<toCodecStringTree>', getExpected: 'Function<getExpected>', toString: 'Function<toString>' }, { '~effect/Schema': '~effect/Schema', annotations: undefined, checks: undefined, encoding: undefined, context: undefined, _tag: 'Literal', literal: 'HostWatch', constructor: 'Function<Literal>', getParser: 'Function<getParser>', matchPart: 'Function<matchPart>', toCodecJson: 'Function<toCodecJson>', toCodecStringTree: 'Function<toCodecStringTree>', getExpected: 'Function<getExpected>', toString: 'Function<toString>' }, { '~effect/Schema': '~effect/Schema', annotations: undefined, checks: undefined, encoding: undefined, context: undefined, _tag: 'Literal', literal: 'LocalResources', constructor: 'Function<Literal>', getParser: 'Function<getParser>', matchPart: 'Function<matchPart>', toCodecJson: 'Function<toCodecJson>', toCodecStringTree: 'Function<toCodecStringTree>', getExpected: 'Function<getExpected>', toString: 'Function<toString>' } ], mode: 'anyOf', encodingChecks: undefined, constructor: 'Function<Union>', getParser: 'Function<getParser>', _rebuild: 'Function<_rebuild>', recur: 'Function<recur>', flip: 'Function<flip>', matchPart: 'Function<matchPart>', getExpected: 'Function<getExpected>', toString: 'Function<toString>' }, constructor: 'Function<PropertySignature>' }, { name: 'kind', type: { '~effect/Schema': '~effect/Schema', annotations: undefined, checks: undefined, encoding: undefined, context: undefined, _tag: 'Union', types: [ { '~effect/Schema': '~effect/Schema', annotations: undefined, checks: undefined, encoding: undefined, context: undefined, _tag: 'Literal', literal: 'AtomicBoundary', constructor: 'Function<Literal>', getParser: 'Function<getParser>', matchPart: 'Function<matchPart>', toCodecJson: 'Function<toCodecJson>', toCodecStringTree: 'Function<toCodecStringTree>', getExpected: 'Function<getExpected>', toString: 'Function<toString>' }, { '~effect/Schema': '~effect/Schema', annotations: undefined, checks: undefined, encoding: undefined, context: undefined, _tag: 'Literal', literal: 'AuthorizedRunTerminationAppend', constructor: 'Function<Literal>', getParser: 'Function<getParser>', matchPart: 'Function<matchPart>', toCodecJson: 'Function<toCodecJson>', toCodecStringTree: 'Function<toCodecStringTree>', getExpected: 'Function<getExpected>', toString: 'Function<toString>' }, { '~effect/Schema': '~effect/Schema', annotations: undefined, checks: undefined, encoding: undefined, context: undefined, _tag: 'Literal', literal: 'InterruptibleBoundary', constructor: 'Function<Literal>', getParser: 'Function<getParser>', matchPart: 'Function<matchPart>', toCodecJson: 'Function<toCodecJson>', toCodecStringTree: 'Function<toCodecStringTree>', getExpected: 'Function<getExpected>', toString: 'Function<toString>' }, { '~effect/Schema': '~effect/Schema', annotations: undefined, checks: undefined, encoding: undefined, context: undefined, _tag: 'Literal', literal: 'RunActivation', constructor: 'Function<Literal>', getParser: 'Function<getParser>', matchPart: 'Function<matchPart>', toCodecJson: 'Function<toCodecJson>', toCodecStringTree: 'Function<toCodecStringTree>', getExpected: 'Function<getExpected>', toString: 'Function<toString>' }, { '~effect/Schema': '~effect/Schema', annotations: undefined, checks: undefined, encoding: undefined, context: undefined, _tag: 'Literal', literal: 'ExecutorDrain', constructor: 'Function<Literal>', getParser: 'Function<getParser>', matchPart: 'Function<matchPart>', toCodecJson: 'Function<toCodecJson>', toCodecStringTree: 'Function<toCodecStringTree>', getExpected: 'Function<getExpected>', toString: 'Function<toString>' }, { '~effect/Schema': '~effect/Schema', annotations: undefined, checks: undefined, encoding: undefined, context: undefined, _tag: 'Literal', literal: 'LocalDrain', constructor: 'Function<Literal>', getParser: 'Function<getParser>', matchPart: 'Function<matchPart>', toCodecJson: 'Function<toCodecJson>', toCodecStringTree: 'Function<toCodecStringTree>', getExpected: 'Function<getExpected>', toString: 'Function<toString>' } ], mode: 'anyOf', encodingChecks: undefined, constructor: 'Function<Union>', getParser: 'Function<getParser>', _rebuild: 'Function<_rebuild>', recur: 'Function<recur>', flip: 'Function<flip>', matchPart: 'Function<matchPart>', getExpected: 'Function<getExpected>', toString: 'Function<toString>' }, constructor: 'Function<PropertySignature>' }, { name: 'subject', type: { '~effect/Schema': '~effect/Schema', annotations: undefined, checks: undefined, encoding: undefined, context: undefined, _tag: 'Union', types: [ { '~effect/Schema': '~effect/Schema', annotations: undefined, checks: undefined, encoding: undefined, context: undefined, _tag: 'Objects', propertySignatures: [ { name: '_tag', type: { '~effect/Schema': '~effect/Schema', annotations: undefined, checks: undefined, encoding: undefined, context: { isOptional: false, isMutable: false, constructorDefault: { to: { '~effect/Schema': '~effect/Schema', annotations: undefined, checks: undefined, encoding: undefined, context: undefined, _tag: 'Unknown', constructor: 'Function<Unknown>', getParser: 'Function<getParser>', getExpected: 'Function<getExpected>', toString: 'Function<toString>' }, transformation: { '~effect/SchemaTransformation/Transformation': '~effect/SchemaTransformation/Transformation', _tag: 'Transformation', decode: { run: 'Function<anonymous>', constructor: 'Function<Getter>', map: 'Function<map>', compose: 'Function<compose>', pipe: 'Function<pipe>' }, encode: { run: 'Function<anonymous>', constructor: 'Function<Getter>', map: 'Function<map>', compose: 'Function<compose>', pipe: 'Function<pipe>' }, constructor: 'Function<Transformation>', flip: 'Function<flip>', compose: 'Function<compose>' }, constructor: 'Function<Link>' }, annotations: undefined, constructor: 'Function<Context>' }, _tag: 'Literal', literal: 'NoRun', constructor: 'Function<Literal>', getParser: 'Function<getParser>', matchPart: 'Function<matchPart>', toCodecJson: 'Function<toCodecJson>', toCodecStringTree: 'Function<toCodecStringTree>', getExpected: 'Function<getExpected>', toString: 'Function<toString>' }, constructor: 'Function<PropertySignature>' } ], indexSignatures: [], encodingChecks: undefined, constructor: 'Function<Objects>', getParser: 'Function<getParser>', _rebuild: 'Function<_rebuild>', flip: 'Function<flip>', recur: 'Function<recur>', getExpected: 'Function<getExpected>', toString: 'Function<toString>' }, { '~effect/Schema': '~effect/Schema', annotations: undefined, checks: undefined, encoding: undefined, context: undefined, _tag: 'Objects', propertySignatures: [ { name: '_tag', type: { '~effect/Schema': '~effect/Schema', annotations: undefined, checks: undefined, encoding: undefined, context: { isOptional: false, isMutable: false, constructorDefault: { to: { '~effect/Schema': '~effect/Schema', annotations: undefined, checks: undefined, encoding: undefined, context: undefined, _tag: 'Unknown', constructor: 'Function<Unknown>', getParser: 'Function<getParser>', getExpected: 'Function<getExpected>', toString: 'Function<toString>' }, transformation: { '~effect/SchemaTransformation/Transformation': '~effect/SchemaTransformation/Transformation', _tag: 'Transformation', decode: { run: 'Function<anonymous>', constructor: 'Function<Getter>', map: 'Function<map>', compose: 'Function<compose>', pipe: 'Function<pipe>' }, encode: { run: 'Function<anonymous>', constructor: 'Function<Getter>', map: 'Function<map>', compose: 'Function<compose>', pipe: 'Function<pipe>' }, constructor: 'Function<Transformation>', flip: 'Function<flip>', compose: 'Function<compose>' }, constructor: 'Function<Link>' }, annotations: undefined, constructor: 'Function<Context>' }, _tag: 'Literal', literal: 'Run', constructor: 'Function<Literal>', getParser: 'Function<getParser>', matchPart: 'Function<matchPart>', toCodecJson: 'Function<toCodecJson>', toCodecStringTree: 'Function<toCodecStringTree>', getExpected: 'Function<getExpected>', toString: 'Function<toString>' }, constructor: 'Function<PropertySignature>' }, { name: 'runId', type: { '~effect/Schema': '~effect/Schema', annotations: undefined, checks: [ { _tag: 'Filter', run: 'Function<anonymous>', annotations: { expected: 'a value with a length of at least 1', representation: { id: 'effect/schema/isMinLength', payload: { minLength: 1 } }, toJsonSchema: 'Function<toJsonSchema>', toCode: 'Function<toCode>', '~structural': true, arbitrary: { constraint: { minLength: 1 } }, brands: [ 'RunId' ] }, aborted: false, constructor: 'Function<Filter>', annotate: 'Function<annotate>', abort: 'Function<abort>', and: 'Function<and>', pipe: 'Function<pipe>' } ], encoding: undefined, context: undefined, _tag: 'String', constructor: 'Function<String>', getParser: 'Function<getParser>', matchPart: 'Function<matchPart>', getExpected: 'Function<getExpected>', toString: 'Function<toString>' }, constructor: 'Function<PropertySignature>' } ], indexSignatures: [], encodingChecks: undefined, constructor: 'Function<Objects>', getParser: 'Function<getParser>', _rebuild: 'Function<_rebuild>', flip: 'Function<flip>', recur: 'Function<recur>', getExpected: 'Function<getExpected>', toString: 'Function<toString>' }, { '~effect/Schema': '~effect/Schema', annotations: undefined, checks: undefined, encoding: undefined, context: undefined, _tag: 'Objects', propertySignatures: [ { name: '_tag', type: { '~effect/Schema': '~effect/Schema', annotations: undefined, checks: undefined, encoding: undefined, context: { isOptional: false, isMutable: false, constructorDefault: { to: { '~effect/Schema': '~effect/Schema', annotations: undefined, checks: undefined, encoding: undefined, context: undefined, _tag: 'Unknown', constructor: 'Function<Unknown>', getParser: 'Function<getParser>', getExpected: 'Function<getExpected>', toString: 'Function<toString>' }, transformation: { '~effect/SchemaTransformation/Transformation': '~effect/SchemaTransformation/Transformation', _tag: 'Transformation', decode: { run: 'Function<anonymous>', constructor: 'Function<Getter>', map: 'Function<map>', compose: 'Function<compose>', pipe: 'Function<pipe>' }, encode: { run: 'Function<anonymous>', constructor: 'Function<Getter>', map: 'Function<map>', compose: 'Function<compose>', pipe: 'Function<pipe>' }, constructor: 'Function<Transformation>', flip: 'Function<flip>', compose: 'Function<compose>' }, constructor: 'Function<Link>' }, annotations: undefined, constructor: 'Function<Context>' }, _tag: 'Literal', literal: 'Task', constructor: 'Function<Literal>', getParser: 'Function<getParser>', matchPart: 'Function<matchPart>', toCodecJson: 'Function<toCodecJson>', toCodecStringTree: 'Function<toCodecStringTree>', getExpected: 'Function<getExpected>', toString: 'Function<toString>' }, constructor: 'Function<PropertySignature>' }, { name: 'runId', type: { '~effect/Schema': '~effect/Schema', annotations: undefined, checks: [ { _tag: 'Filter', run: 'Function<anonymous>', annotations: { expected: 'a value with a length of at least 1', representation: { id: 'effect/schema/isMinLength', payload: { minLength: 1 } }, toJsonSchema: 'Function<toJsonSchema>', toCode: 'Function<toCode>', '~structural': true, arbitrary: { constraint: { minLength: 1 } }, brands: [ 'RunId' ] }, aborted: false, constructor: 'Function<Filter>', annotate: 'Function<annotate>', abort: 'Function<abort>', and: 'Function<and>', pipe: 'Function<pipe>' } ], encoding: undefined, context: undefined, _tag: 'String', constructor: 'Function<String>', getParser: 'Function<getParser>', matchPart: 'Function<matchPart>', getExpected: 'Function<getExpected>', toString: 'Function<toString>' }, constructor: 'Function<PropertySignature>' }, { name: 'taskId', type: { '~effect/Schema': '~effect/Schema', annotations: undefined, checks: [ { _tag: 'Filter', run: 'Function<anonymous>', annotations: { expected: 'a value with a length of at least 1', representation: { id: 'effect/schema/isMinLength', payload: { minLength: 1 } }, toJsonSchema: 'Function<toJsonSchema>', toCode: 'Function<toCode>', '~structural': true, arbitrary: { constraint: { minLength: 1 } }, brands: [ 'TaskId' ] }, aborted: false, constructor: 'Function<Filter>', annotate: 'Function<annotate>', abort: 'Function<abort>', and: 'Function<and>', pipe: 'Function<pipe>' } ], encoding: undefined, context: undefined, _tag: 'String', constructor: 'Function<String>', getParser: 'Function<getParser>', matchPart: 'Function<matchPart>', getExpected: 'Function<getExpected>', toString: 'Function<toString>' }, constructor: 'Function<PropertySignature>' } ], indexSignatures: [], encodingChecks: undefined, constructor: 'Function<Objects>', getParser: 'Function<getParser>', _rebuild: 'Function<_rebuild>', flip: 'Function<flip>', recur: 'Function<recur>', getExpected: 'Function<getExpected>', toString: 'Function<toString>' }, { '~effect/Schema': '~effect/Schema', annotations: undefined, checks: undefined, encoding: undefined, context: undefined, _tag: 'Objects', propertySignatures: [ { name: '_tag', type: { '~effect/Schema': '~effect/Schema', annotations: undefined, checks: undefined, encoding: undefined, context: { isOptional: false, isMutable: false, constructorDefault: { to: { '~effect/Schema': '~effect/Schema', annotations: undefined, checks: undefined, encoding: undefined, context: undefined, _tag: 'Unknown', constructor: 'Function<Unknown>', getParser: 'Function<getParser>', getExpected: 'Function<getExpected>', toString: 'Function<toString>' }, transformation: { '~effect/SchemaTransformation/Transformation': '~effect/SchemaTransformation/Transformation', _tag: 'Transformation', decode: { run: 'Function<anonymous>', constructor: 'Function<Getter>', map: 'Function<map>', compose: 'Function<compose>', pipe: 'Function<pipe>' }, encode: { run: 'Function<anonymous>', constructor: 'Function<Getter>', map: 'Function<map>', compose: 'Function<compose>', pipe: 'Function<pipe>' }, constructor: 'Function<Transformation>', flip: 'Function<flip>', compose: 'Function<compose>' }, constructor: 'Function<Link>' }, annotations: undefined, constructor: 'Function<Context>' }, _tag: 'Literal', literal: 'ExecutorAttempt', constructor: 'Function<Literal>', getParser: 'Function<getParser>', matchPart: 'Function<matchPart>', toCodecJson: 'Function<toCodecJson>', toCodecStringTree: 'Function<toCodecStringTree>', getExpected: 'Function<getExpected>', toString: 'Function<toString>' }, constructor: 'Function<PropertySignature>' }, { name: 'correlation', type: { '~effect/Schema': '~effect/Schema', annotations: undefined, checks: undefined, encoding: undefined, context: undefined, _tag: 'Objects', propertySignatures: [ { name: 'attemptId', type: { '~effect/Schema': '~effect/Schema', annotations: undefined, checks: [ { _tag: 'Filter', run: 'Function<anonymous>', annotations: { expected: 'a value with a length of at least 1', representation: { id: 'effect/schema/isMinLength', payload: { minLength: 1 } }, toJsonSchema: 'Function<toJsonSchema>', toCode: 'Function<toCode>', '~structural': true, arbitrary: { constraint: { minLength: 1 } }, brands: [ 'AttemptId' ] }, aborted: false, constructor: 'Function<Filter>', annotate: 'Function<annotate>', abort: 'Function<abort>', and: 'Function<and>', pipe: 'Function<pipe>' } ], encoding: undefined, context: undefined, _tag: 'String', constructor: 'Function<String>', getParser: 'Function<getParser>', matchPart: 'Function<matchPart>', getExpected: 'Function<getExpected>', toString: 'Function<toString>' }, constructor: 'Function<PropertySignature>' }, { name: 'runId', type: { '~effect/Schema': '~effect/Schema', annotations: undefined, checks: [ { _tag: 'Filter', run: 'Function<anonymous>', annotations: { expected: 'a value with a length of at least 1', representation: { id: 'effect/schema/isMinLength', payload: { minLength: 1 } }, toJsonSchema: 'Function<toJsonSchema>', toCode: 'Function<toCode>', '~structural': true, arbitrary: { constraint: { minLength: 1 } }, brands: [ 'RunId' ] }, aborted: false, constructor: 'Function<Filter>', annotate: 'Function<annotate>', abort: 'Function<abort>', and: 'Function<and>', pipe: 'Function<pipe>' } ], encoding: undefined, context: undefined, _tag: 'String', constructor: 'Function<String>', getParser: 'Function<getParser>', matchPart: 'Function<matchPart>', getExpected: 'Function<getExpected>', toString: 'Function<toString>' }, constructor: 'Function<PropertySignature>' } ], indexSignatures: [], encodingChecks: undefined, constructor: 'Function<Objects>', getParser: 'Function<getParser>', _rebuild: 'Function<_rebuild>', flip: 'Function<flip>', recur: 'Function<recur>', getExpected: 'Function<getExpected>', toString: 'Function<toString>' }, constructor: 'Function<PropertySignature>' } ], indexSignatures: [], encodingChecks: undefined, constructor: 'Function<Objects>', getParser: 'Function<getParser>', _rebuild: 'Function<_rebuild>', flip: 'Function<flip>', recur: 'Function<recur>', getExpected: 'Function<getExpected>', toString: 'Function<toString>' } ], mode: 'anyOf', encodingChecks: undefined, constructor: 'Function<Union>', getParser: 'Function<getParser>', _rebuild: 'Function<_rebuild>', recur: 'Function<recur>', flip: 'Function<flip>', matchPart: 'Function<matchPart>', getExpected: 'Function<getExpected>', toString: 'Function<toString>' }, constructor: 'Function<PropertySignature>' }, { name: 'evidence', type: { '~effect/Schema': '~effect/Schema', annotations: undefined, checks: undefined, encoding: undefined, context: undefined, _tag: 'Union', types: [ { '~effect/Schema': '~effect/Schema', annotations: undefined, checks: undefined, encoding: undefined, context: undefined, _tag: 'Literal', literal: 'Preparing', constructor: 'Function<Literal>', getParser: 'Function<getParser>', matchPart: 'Function<matchPart>', toCodecJson: 'Function<toCodecJson>', toCodecStringTree: 'Function<toCodecStringTree>', getExpected: 'Function<getExpected>', toString: 'Function<toString>' }, { '~effect/Schema': '~effect/Schema', annotations: undefined, checks: undefined, encoding: undefined, context: undefined, _tag: 'Literal', literal: 'Registered', constructor: 'Function<Literal>', getParser: 'Function<getParser>', matchPart: 'Function<matchPart>', toCodecJson: 'Function<toCodecJson>', toCodecStringTree: 'Function<toCodecStringTree>', getExpected: 'Function<getExpected>', toString: 'Function<toString>' }, { '~effect/Schema': '~effect/Schema', annotations: undefined, checks: undefined, encoding: undefined, context: undefined, _tag: 'Literal', literal: 'AwaitingBoundaryResult', constructor: 'Function<Literal>', getParser: 'Function<getParser>', matchPart: 'Function<matchPart>', toCodecJson: 'Function<toCodecJson>', toCodecStringTree: 'Function<toCodecStringTree>', getExpected: 'Function<getExpected>', toString: 'Function<toString>' }, { '~effect/Schema': '~effect/Schema', annotations: undefined, checks: undefined, encoding: undefined, context: undefined, _tag: 'Literal', literal: 'BoundaryResultProduced', constructor: 'Function<Literal>', getParser: 'Function<getParser>', matchPart: 'Function<matchPart>', toCodecJson: 'Function<toCodecJson>', toCodecStringTree: 'Function<toCodecStringTree>', getExpected: 'Function<getExpected>', toString: 'Function<toString>' }, { '~effect/Schema': '~effect/Schema', annotations: undefined, checks: undefined, encoding: undefined, context: undefined, _tag: 'Literal', literal: 'BoundaryResultRecorded', constructor: 'Function<Literal>', getParser: 'Function<getParser>', matchPart: 'Function<matchPart>', toCodecJson: 'Function<toCodecJson>', toCodecStringTree: 'Function<toCodecStringTree>', getExpected: 'Function<getExpected>', toString: 'Function<toString>' }, { '~effect/Schema': '~effect/Schema', annotations: undefined, checks: undefined, encoding: undefined, context: undefined, _tag: 'Literal', literal: 'RecoverableAmbiguity', constructor: 'Function<Literal>', getParser: 'Function<getParser>', matchPart: 'Function<matchPart>', toCodecJson: 'Function<toCodecJson>', toCodecStringTree: 'Function<toCodecStringTree>', getExpected: 'Function<getExpected>', toString: 'Function<toString>' }, { '~effect/Schema': '~effect/Schema', annotations: undefined, checks: undefined, encoding: undefined, context: undefined, _tag: 'Literal', literal: 'DrainRegistered', constructor: 'Function<Literal>', getParser: 'Function<getParser>', matchPart: 'Function<matchPart>', toCodecJson: 'Function<toCodecJson>', toCodecStringTree: 'Function<toCodecStringTree>', getExpected: 'Function<getExpected>', toString: 'Function<toString>' }, { '~effect/Schema': '~effect/Schema', annotations: undefined, checks: undefined, encoding: undefined, context: undefined, _tag: 'Literal', literal: 'DrainPending', constructor: 'Function<Literal>', getParser: 'Function<getParser>', matchPart: 'Function<matchPart>', toCodecJson: 'Function<toCodecJson>', toCodecStringTree: 'Function<toCodecStringTree>', getExpected: 'Function<getExpected>', toString: 'Function<toString>' }, { '~effect/Schema': '~effect/Schema', annotations: undefined, checks: undefined, encoding: undefined, context: undefined, _tag: 'Literal', literal: 'DrainSucceeded', constructor: 'Function<Literal>', getParser: 'Function<getParser>', matchPart: 'Function<matchPart>', toCodecJson: 'Function<toCodecJson>', toCodecStringTree: 'Function<toCodecStringTree>', getExpected: 'Function<getExpected>', toString: 'Function<toString>' }, { '~effect/Schema': '~effect/Schema', annotations: undefined, checks: undefined, encoding: undefined, context: undefined, _tag: 'Literal', literal: 'DrainFailed', constructor: 'Function<Literal>', getParser: 'Function<getParser>', matchPart: 'Function<matchPart>', toCodecJson: 'Function<toCodecJson>', toCodecStringTree: 'Function<toCodecStringTree>', getExpected: 'Function<getExpected>', toString: 'Function<toString>' } ], mode: 'anyOf', encodingChecks: undefined, constructor: 'Function<Union>', getParser: 'Function<getParser>', _rebuild: 'Function<_rebuild>', recur: 'Function<recur>', flip: 'Function<flip>', matchPart: 'Function<matchPart>', getExpected: 'Function<getExpected>', toString: 'Function<toString>' }, constructor: 'Function<PropertySignature>' }, { name: 'boundary', type: { '~effect/Schema': '~effect/Schema', annotations: undefined, checks: undefined, encoding: undefined, context: undefined, _tag: 'Union', types: [ { '~effect/Schema': '~effect/Schema', annotations: undefined, checks: undefined, encoding: undefined, context: undefined, _tag: 'Objects', propertySignatures: [ { name: 'family', type: { '~effect/Schema': '~effect/Schema', annotations: undefined, checks: undefined, encoding: undefined, context: undefined, _tag: 'Union', types: [ { '~effect/Schema': '~effect/Schema', annotations: undefined, checks: undefined, encoding: undefined, context: undefined, _tag: 'Literal', literal: 'Git', constructor: 'Function<Literal>', getParser: 'Function<getParser>', matchPart: 'Function<matchPart>', toCodecJson: 'Function<toCodecJson>', toCodecStringTree: 'Function<toCodecStringTree>', getExpected: 'Function<getExpected>', toString: 'Function<toString>' }, { '~effect/Schema': '~effect/Schema', annotations: undefined, checks: undefined, encoding: undefined, context: undefined, _tag: 'Literal', literal: 'TaskTracker', constructor: 'Function<Literal>', getParser: 'Function<getParser>', matchPart: 'Function<matchPart>', toCodecJson: 'Function<toCodecJson>', toCodecStringTree: 'Function<toCodecStringTree>', getExpected: 'Function<getExpected>', toString: 'Function<toString>' } ], mode: 'anyOf', encodingChecks: undefined, constructor: 'Function<Union>', getParser: 'Function<getParser>', _rebuild: 'Function<_rebuild>', recur: 'Function<recur>', flip: 'Function<flip>', matchPart: 'Function<matchPart>', getExpected: 'Function<getExpected>', toString: 'Function<toString>' }, constructor: 'Function<PropertySignature>' }, { name: 'operationIds', type: { '~effect/Schema': '~effect/Schema', annotations: undefined, checks: undefined, encoding: undefined, context: undefined, _tag: 'Arrays', isMutable: false, elements: [], rest: [ { '~effect/Schema': '~effect/Schema', annotations: undefined, checks: [ { _tag: 'Filter', run: 'Function<anonymous>', annotations: { expected: 'a value with a length of at least 1', representation: { id: 'effect/schema/isMinLength', payload: { minLength: 1 } }, toJsonSchema: 'Function<toJsonSchema>', toCode: 'Function<toCode>', '~structural': true, arbitrary: { constraint: { minLength: 1 } }, brands: [ 'OperationId' ] }, aborted: false, constructor: 'Function<Filter>', annotate: 'Function<annotate>', abort: 'Function<abort>', and: 'Function<and>', pipe: 'Function<pipe>' } ], encoding: undefined, context: undefined, _tag: 'String', constructor: 'Function<String>', getParser: 'Function<getParser>', matchPart: 'Function<matchPart>', getExpected: 'Function<getExpected>', toString: 'Function<toString>' } ], encodingChecks: undefined, constructor: 'Function<Arrays>', getParser: 'Function<getParser>', _rebuild: 'Function<_rebuild>', recur: 'Function<recur>', flip: 'Function<flip>', getExpected: 'Function<getExpected>', toString: 'Function<toString>' }, constructor: 'Function<PropertySignature>' }, { name: 'baseline', type: { '~effect/Schema': '~effect/Schema', annotations: undefined, checks: undefined, encoding: undefined, context: undefined, _tag: 'Union', types: [ { '~effect/Schema': '~effect/Schema', annotations: undefined, checks: undefined, encoding: undefined, context: undefined, _tag: 'Objects', propertySignatures: [ { name: 'runId', type: { '~effect/Schema': '~effect/Schema', annotations: undefined, checks: [ { _tag: 'Filter', run: 'Function<anonymous>', annotations: { expected: 'a value with a length of at least 1', representation: { id: 'effect/schema/isMinLength', payload: { minLength: 1 } }, toJsonSchema: 'Function<toJsonSchema>', toCode: 'Function<toCode>', '~structural': true, arbitrary: { constraint: { minLength: 1 } }, brands: [ 'RunId' ] }, aborted: false, constructor: 'Function<Filter>', annotate: 'Function<annotate>', abort: 'Function<abort>', and: 'Function<and>', pipe: 'Function<pipe>' } ], encoding: undefined, context: undefined, _tag: 'String', constructor: 'Function<String>', getParser: 'Function<getParser>', matchPart: 'Function<matchPart>', getExpected: 'Function<getExpected>', toString: 'Function<toString>' }, constructor: 'Function<PropertySignature>' }, { name: 'attemptId', type: { '~effect/Schema': '~effect/Schema', annotations: undefined, checks: [ { _tag: 'Filter', run: 'Function<anonymous>', annotations: { expected: 'a value with a length of at least 1', representation: { id: 'effect/schema/isMinLength', payload: { minLength: 1 } }, toJsonSchema: 'Function<toJsonSchema>', toCode: 'Function<toCode>', '~structural': true, arbitrary: { constraint: { minLength: 1 } }, brands: [ 'AttemptId' ] }, aborted: false, constructor: 'Function<Filter>', annotate: 'Function<annotate>', abort: 'Function<abort>', and: 'Function<and>', pipe: 'Function<pipe>' } ], encoding: undefined, context: undefined, _tag: 'String', constructor: 'Function<String>', getParser: 'Function<getParser>', matchPart: 'Function<matchPart>', getExpected: 'Function<getExpected>', toString: 'Function<toString>' }, constructor: 'Function<PropertySignature>' }, { name: 'round', type: { '~effect/Schema': '~effect/Schema', annotations: undefined, checks: undefined, encoding: undefined, context: undefined, _tag: 'Union', types: [ { '~effect/Schema': '~effect/Schema', annotations: undefined, checks: [ { _tag: 'Filter', run: 'Function<anonymous>', annotations: { expected: 'an integer', representation: { id: 'effect/schema/isInt', payload: null }, toJsonSchema: 'Function<toJsonSchema>', toCode: 'Function<toCode>', arbitrary: { constraint: { integer: true } } }, aborted: false, constructor: 'Function<Filter>', annotate: 'Function<annotate>', abort: 'Function<abort>', and: 'Function<and>', pipe: 'Function<pipe>' }, { _tag: 'Filter', run: 'Function<anonymous>', annotations: { expected: 'a value greater than or equal to 1', arbitrary: { constraint: { ordered: { order: 'Function<anonymous>', minimum: 1 } } }, representation: { id: 'effect/schema/isGreaterThanOrEqualTo', payload: { minimum: 1 } }, toJsonSchema: 'Function<toJsonSchema>', toCode: 'Function<toCode>' }, aborted: false, constructor: 'Function<Filter>', annotate: 'Function<annotate>', abort: 'Function<abort>', and: 'Function<and>', pipe: 'Function<pipe>' } ], encoding: undefined, context: undefined, _tag: 'Number', constructor: 'Function<Number>', getParser: 'Function<getParser>', matchKey: 'Function<matchKey>', matchPart: 'Function<matchPart>', _match: 'Function<_match>', toCodecJson: 'Function<toCodecJson>', toCodecStringTree: 'Function<toCodecStringTree>', getExpected: 'Function<getExpected>', toString: 'Function<toString>' }, { '~effect/Schema': '~effect/Schema', annotations: undefined, checks: undefined, encoding: undefined, context: undefined, _tag: 'Null', constructor: 'Function<Null>', getParser: 'Function<getParser>', getExpected: 'Function<getExpected>', toString: 'Function<toString>' } ], mode: 'anyOf', encodingChecks: undefined, constructor: 'Function<Union>', getParser: 'Function<getParser>', _rebuild: 'Function<_rebuild>', recur: 'Function<recur>', flip: 'Function<flip>', matchPart: 'Function<matchPart>', getExpected: 'Function<getExpected>', toString: 'Function<toString>' }, constructor: 'Function<PropertySignature>' } ], indexSignatures: [], encodingChecks: undefined, constructor: 'Function<Objects>', getParser: 'Function<getParser>', _rebuild: 'Function<_rebuild>', flip: 'Function<flip>', recur: 'Function<recur>', getExpected: 'Function<getExpected>', toString: 'Function<toString>' }, { '~effect/Schema': '~effect/Schema', annotations: undefined, checks: undefined, encoding: undefined, context: undefined, _tag: 'Null', constructor: 'Function<Null>', getParser: 'Function<getParser>', getExpected: 'Function<getExpected>', toString: 'Function<toString>' } ], mode: 'anyOf', encodingChecks: undefined, constructor: 'Function<Union>', getParser: 'Function<getParser>', _rebuild: 'Function<_rebuild>', recur: 'Function<recur>', flip: 'Function<flip>', matchPart: 'Function<matchPart>', getExpected: 'Function<getExpected>', toString: 'Function<toString>' }, constructor: 'Function<PropertySignature>' } ], indexSignatures: [], encodingChecks: undefined, constructor: 'Function<Objects>', getParser: 'Function<getParser>', _rebuild: 'Function<_rebuild>', flip: 'Function<flip>', recur: 'Function<recur>', getExpected: 'Function<getExpected>', toString: 'Function<toString>' }, { '~effect/Schema': '~effect/Schema', annotations: undefined, checks: undefined, encoding: undefined, context: undefined, _tag: 'Null', constructor: 'Function<Null>', getParser: 'Function<getParser>', getExpected: 'Function<getExpected>', toString: 'Function<toString>' } ], mode: 'anyOf', encodingChecks: undefined, constructor: 'Function<Union>', getParser: 'Function<getParser>', _rebuild: 'Function<_rebuild>', recur: 'Function<recur>', flip: 'Function<flip>', matchPart: 'Function<matchPart>', getExpected: 'Function<getExpected>', toString: 'Function<toString>' }, constructor: 'Function<PropertySignature>' }, { name: 'missingEvidence', type: { '~effect/Schema': '~effect/Schema', annotations: undefined, checks: undefined, encoding: undefined, context: undefined, _tag: 'Union', types: [ { '~effect/Schema': '~effect/Schema', annotations: undefined, checks: undefined, encoding: undefined, context: undefined, _tag: 'Literal', literal: 'OwnerRelease', constructor: 'Function<Literal>', getParser: 'Function<getParser>', matchPart: 'Function<matchPart>', toCodecJson: 'Function<toCodecJson>', toCodecStringTree: 'Function<toCodecStringTree>', getExpected: 'Function<getExpected>', toString: 'Function<toString>' }, { '~effect/Schema': '~effect/Schema', annotations: undefined, checks: undefined, encoding: undefined, context: undefined, _tag: 'Literal', literal: 'BoundaryObservation', constructor: 'Function<Literal>', getParser: 'Function<getParser>', matchPart: 'Function<matchPart>', toCodecJson: 'Function<toCodecJson>', toCodecStringTree: 'Function<toCodecStringTree>', getExpected: 'Function<getExpected>', toString: 'Function<toString>' }, { '~effect/Schema': '~effect/Schema', annotations: undefined, checks: undefined, encoding: undefined, context: undefined, _tag: 'Literal', literal: 'JournalAcknowledgement', constructor: 'Function<Literal>', getParser: 'Function<getParser>', matchPart: 'Function<matchPart>', toCodecJson: 'Function<toCodecJson>', toCodecStringTree: 'Function<toCodecStringTree>', getExpected: 'Function<getExpected>', toString: 'Function<toString>' }, { '~effect/Schema': '~effect/Schema', annotations: undefined, checks: undefined, encoding: undefined, context: undefined, _tag: 'Literal', literal: 'CorrelatedExecutorSettlement', constructor: 'Function<Literal>', getParser: 'Function<getParser>', matchPart: 'Function<matchPart>', toCodecJson: 'Function<toCodecJson>', toCodecStringTree: 'Function<toCodecStringTree>', getExpected: 'Function<getExpected>', toString: 'Function<toString>' }, { '~effect/Schema': '~effect/Schema', annotations: undefined, checks: undefined, encoding: undefined, context: undefined, _tag: 'Literal', literal: 'LocalCloseAcknowledgement', constructor: 'Function<Literal>', getParser: 'Function<getParser>', matchPart: 'Function<matchPart>', toCodecJson: 'Function<toCodecJson>', toCodecStringTree: 'Function<toCodecStringTree>', getExpected: 'Function<getExpected>', toString: 'Function<toString>' }, { '~effect/Schema': '~effect/Schema', annotations: undefined, checks: undefined, encoding: undefined, context: undefined, _tag: 'Literal', literal: 'None', constructor: 'Function<Literal>', getParser: 'Function<getParser>', matchPart: 'Function<matchPart>', toCodecJson: 'Function<toCodecJson>', toCodecStringTree: 'Function<toCodecStringTree>', getExpected: 'Function<getExpected>', toString: 'Function<toString>' } ], mode: 'anyOf', encodingChecks: undefined, constructor: 'Function<Union>', getParser: 'Function<getParser>', _rebuild: 'Function<_rebuild>', recur: 'Function<recur>', flip: 'Function<flip>', matchPart: 'Function<matchPart>', getExpected: 'Function<getExpected>', toString: 'Function<toString>' }, constructor: 'Function<PropertySignature>' }, { name: 'nextAction', type: { '~effect/Schema': '~effect/Schema', annotations: undefined, checks: undefined, encoding: undefined, context: undefined, _tag: 'Union', types: [ { '~effect/Schema': '~effect/Schema', annotations: undefined, checks: undefined, encoding: undefined, context: undefined, _tag: 'Literal', literal: 'AwaitOwnerRelease', constructor: 'Function<Literal>', getParser: 'Function<getParser>', matchPart: 'Function<matchPart>', toCodecJson: 'Function<toCodecJson>', toCodecStringTree: 'Function<toCodecStringTree>', getExpected: 'Function<getExpected>', toString: 'Function<toString>' }, { '~effect/Schema': '~effect/Schema', annotations: undefined, checks: undefined, encoding: undefined, context: undefined, _tag: 'Literal', literal: 'ReconcileOriginalAuthorityBeforeRetry', constructor: 'Function<Literal>', getParser: 'Function<getParser>', matchPart: 'Function<matchPart>', toCodecJson: 'Function<toCodecJson>', toCodecStringTree: 'Function<toCodecStringTree>', getExpected: 'Function<getExpected>', toString: 'Function<toString>' }, { '~effect/Schema': '~effect/Schema', annotations: undefined, checks: undefined, encoding: undefined, context: undefined, _tag: 'Literal', literal: 'AwaitJournalAcknowledgement', constructor: 'Function<Literal>', getParser: 'Function<getParser>', matchPart: 'Function<matchPart>', toCodecJson: 'Function<toCodecJson>', toCodecStringTree: 'Function<toCodecStringTree>', getExpected: 'Function<getExpected>', toString: 'Function<toString>' }, { '~effect/Schema': '~effect/Schema', annotations: undefined, checks: undefined, encoding: undefined, context: undefined, _tag: 'Literal', literal: 'AwaitCorrelatedExecutorSettlement', constructor: 'Function<Literal>', getParser: 'Function<getParser>', matchPart: 'Function<matchPart>', toCodecJson: 'Function<toCodecJson>', toCodecStringTree: 'Function<toCodecStringTree>', getExpected: 'Function<getExpected>', toString: 'Function<toString>' }, { '~effect/Schema': '~effect/Schema', annotations: undefined, checks: undefined, encoding: undefined, context: undefined, _tag: 'Literal', literal: 'AwaitLocalClose', constructor: 'Function<Literal>', getParser: 'Function<getParser>', matchPart: 'Function<matchPart>', toCodecJson: 'Function<toCodecJson>', toCodecStringTree: 'Function<toCodecStringTree>', getExpected: 'Function<getExpected>', toString: 'Function<toString>' }, { '~effect/Schema': '~effect/Schema', annotations: undefined, checks: undefined, encoding: undefined, context: undefined, _tag: 'Literal', literal: 'InspectDrainFailure', constructor: 'Function<Literal>', getParser: 'Function<getParser>', matchPart: 'Function<matchPart>', toCodecJson: 'Function<toCodecJson>', toCodecStringTree: 'Function<toCodecStringTree>', getExpected: 'Function<getExpected>', toString: 'Function<toString>' }, { '~effect/Schema': '~effect/Schema', annotations: undefined, checks: undefined, encoding: undefined, context: undefined, _tag: 'Literal', literal: 'None', constructor: 'Function<Literal>', getParser: 'Function<getParser>', matchPart: 'Function<matchPart>', toCodecJson: 'Function<toCodecJson>', toCodecStringTree: 'Function<toCodecStringTree>', getExpected: 'Function<getExpected>', toString: 'Function<toString>' } ], mode: 'anyOf', encodingChecks: undefined, constructor: 'Function<Union>', getParser: 'Function<getParser>', _rebuild: 'Function<_rebuild>', recur: 'Function<recur>', flip: 'Function<flip>', matchPart: 'Function<matchPart>', getExpected: 'Function<getExpected>', toString: 'Function<toString>' }, constructor: 'Function<PropertySignature>' } ], indexSignatures: [], encodingChecks: undefined, constructor: 'Function<Objects>', getParser: 'Function<getParser>', _rebuild: 'Function<_rebuild>', flip: 'Function<flip>', recur: 'Function<recur>', getExpected: 'Function<getExpected>', toString: 'Function<toString>' } ], encodingChecks: undefined, constructor: 'Function<Arrays>', getParser: 'Function<getParser>', _rebuild: 'Function<_rebuild>', recur: 'Function<recur>', flip: 'Function<flip>', getExpected: 'Function<getExpected>', toString: 'Function<toString>' }, constructor: 'Function<PropertySignature>' } ], indexSignatures: [], encodingChecks: undefined, constructor: 'Function<Objects>', getParser: 'Function<getParser>', _rebuild: 'Function<_rebuild>', flip: 'Function<flip>', recur: 'Function<recur>', getExpected: 'Function<getExpected>', toString: 'Function<toString>' }, constructor: 'Function<PropertySignature>' }, { name: 'requestedStatus', type: { '~effect/Schema': '~effect/Schema', annotations: undefined, checks: undefined, encoding: undefined, context: undefined, _tag: 'Literal', literal: 1, constructor: 'Function<Literal>', getParser: 'Function<getParser>', matchPart: 'Function<matchPart>', toCodecJson: 'Function<toCodecJson>', toCodecStringTree: 'Function<toCodecStringTree>', getExpected: 'Function<getExpected>', toString: 'Function<toString>' }, constructor: 'Function<PropertySignature>' } ], indexSignatures: [], encodingChecks: undefined, constructor: 'Function<Objects>', getParser: 'Function<getParser>', _rebuild: 'Function<_rebuild>', flip: 'Function<flip>', recur: 'Function<recur>', getExpected: 'Function<getExpected>', toString: 'Function<toString>' } ], mode: 'anyOf', encodingChecks: undefined, constructor: 'Function<Union>', getParser: 'Function<getParser>', _rebuild: 'Function<_rebuild>', recur: 'Function<recur>', flip: 'Function<flip>', matchPart: 'Function<matchPart>', getExpected: 'Function<getExpected>', toString: 'Function<toString>' }, issues: [ { '~effect/SchemaIssue/Issue': '~effect/SchemaIssue/Issue', _tag: 'Composite', ast: { '~effect/Schema': '~effect/Schema', annotations: undefined, checks: undefined, encoding: undefined, context: undefined, _tag: 'Objects', propertySignatures: [ { name: '_tag', type: { '~effect/Schema': '~effect/Schema', annotations: undefined, checks: undefined, encoding: undefined, context: { isOptional: false, isMutable: false, constructorDefault: { to: { '~effect/Schema': '~effect/Schema', annotations: undefined, checks: undefined, encoding: undefined, context: undefined, _tag: 'Unknown', constructor: 'Function<Unknown>', getParser: 'Function<getParser>', getExpected: 'Function<getExpected>', toString: 'Function<toString>' }, transformation: { '~effect/SchemaTransformation/Transformation': '~effect/SchemaTransformation/Transformation', _tag: 'Transformation', decode: { run: 'Function<anonymous>', constructor: 'Function<Getter>', map: 'Function<map>', compose: 'Function<compose>', pipe: 'Function<pipe>' }, encode: { run: 'Function<anonymous>', constructor: 'Function<Getter>', map: 'Function<map>', compose: 'Function<compose>', pipe: 'Function<pipe>' }, constructor: 'Function<Transformation>', flip: 'Function<flip>', compose: 'Function<compose>' }, constructor: 'Function<Link>' }, annotations: undefined, constructor: 'Function<Context>' }, _tag: 'Literal', literal: 'Failed', constructor: 'Function<Literal>', getParser: 'Function<getParser>', matchPart: 'Function<matchPart>', toCodecJson: 'Function<toCodecJson>', toCodecStringTree: 'Function<toCodecStringTree>', getExpected: 'Function<getExpected>', toString: 'Function<toString>' }, constructor: 'Function<PropertySignature>' }, { name: 'diagnostics', type: { '~effect/Schema': '~effect/Schema', annotations: undefined, checks: undefined, encoding: undefined, context: undefined, _tag: 'Arrays', isMutable: false, elements: [ { '~effect/Schema': '~effect/Schema', annotations: undefined, checks: [ { _tag: 'Filter', run: 'Function<anonymous>', annotations: { expected: 'a value with a length of at least 1', representation: { id: 'effect/schema/isMinLength', payload: { minLength: 1 } }, toJsonSchema: 'Function<toJsonSchema>', toCode: 'Function<toCode>', '~structural': true, arbitrary: { constraint: { minLength: 1 } }, brands: [ 'ApplicationExitDiagnostic' ] }, aborted: false, constructor: 'Function<Filter>', annotate: 'Function<annotate>', abort: 'Function<abort>', and: 'Function<and>', pipe: 'Function<pipe>' } ], encoding: undefined, context: undefined, _tag: 'String', constructor: 'Function<String>', getParser: 'Function<getParser>', matchPart: 'Function<matchPart>', getExpected: 'Function<getExpected>', toString: 'Function<toString>' } ], rest: [ { '~effect/Schema': '~effect/Schema', annotations: undefined, checks: [ { _tag: 'Filter', run: 'Function<anonymous>', annotations: { expected: 'a value with a length of at least 1', representation: { id: 'effect/schema/isMinLength', payload: { minLength: 1 } }, toJsonSchema: 'Function<toJsonSchema>', toCode: 'Function<toCode>', '~structural': true, arbitrary: { constraint: { minLength: 1 } }, brands: [ 'ApplicationExitDiagnostic' ] }, aborted: false, constructor: 'Function<Filter>', annotate: 'Function<annotate>', abort: 'Function<abort>', and: 'Function<and>', pipe: 'Function<pipe>' } ], encoding: undefined, context: undefined, _tag: 'String', constructor: 'Function<String>', getParser: 'Function<getParser>', matchPart: 'Function<matchPart>', getExpected: 'Function<getExpected>', toString: 'Function<toString>' } ], encodingChecks: undefined, constructor: 'Function<Arrays>', getParser: 'Function<getParser>', _rebuild: 'Function<_rebuild>', recur: 'Function<recur>', flip: 'Function<flip>', getExpected: 'Function<getExpected>', toString: 'Function<toString>' }, constructor: 'Function<PropertySignature>' }, { name: 'owners', type: { '~effect/Schema': '~effect/Schema', annotations: undefined, checks: undefined, encoding: undefined, context: { isOptional: true, isMutable: false, constructorDefault: undefined, annotations: undefined, constructor: 'Function<Context>' }, _tag: 'Objects', propertySignatures: [ { name: 'cutoffClosed', type: { '~effect/Schema': '~effect/Schema', annotations: undefined, checks: undefined, encoding: undefined, context: undefined, _tag: 'Boolean', constructor: 'Function<Boolean>', getParser: 'Function<getParser>', getExpected: 'Function<getExpected>', toString: 'Function<toString>' }, constructor: 'Function<PropertySignature>' }, { name: 'owners', type: { '~effect/Schema': '~effect/Schema', annotations: undefined, checks: undefined, encoding: undefined, context: undefined, _tag: 'Arrays', isMutable: false, elements: [], rest: [ { '~effect/Schema': '~effect/Schema', annotations: undefined, checks: undefined, encoding: undefined, context: undefined, _tag: 'Objects', propertySignatures: [ { name: 'ownerId', type: { '~effect/Schema': '~effect/Schema', annotations: undefined, checks: [ { _tag: 'Filter', run: 'Function<anonymous>', annotations: { expected: 'an integer', representation: { id: 'effect/schema/isInt', payload: null }, toJsonSchema: 'Function<toJsonSchema>', toCode: 'Function<toCode>', arbitrary: { constraint: { integer: true } } }, aborted: false, constructor: 'Function<Filter>', annotate: 'Function<annotate>', abort: 'Function<abort>', and: 'Function<and>', pipe: 'Function<pipe>' }, { _tag: 'Filter', run: 'Function<anonymous>', annotations: { expected: 'a value greater than or equal to 0', arbitrary: { constraint: { ordered: { order: 'Function<anonymous>', minimum: +0 } } }, representation: { id: 'effect/schema/isGreaterThanOrEqualTo', payload: { minimum: +0 } }, toJsonSchema: 'Function<toJsonSchema>', toCode: 'Function<toCode>', brands: [ 'ApplicationExitOwnerId' ] }, aborted: false, constructor: 'Function<Filter>', annotate: 'Function<annotate>', abort: 'Function<abort>', and: 'Function<and>', pipe: 'Function<pipe>' } ], encoding: undefined, context: undefined, _tag: 'Number', constructor: 'Function<Number>', getParser: 'Function<getParser>', matchKey: 'Function<matchKey>', matchPart: 'Function<matchPart>', _match: 'Function<_match>', toCodecJson: 'Function<toCodecJson>', toCodecStringTree: 'Function<toCodecStringTree>', getExpected: 'Function<getExpected>', toString: 'Function<toString>' }, constructor: 'Function<PropertySignature>' }, { name: 'family', type: { '~effect/Schema': '~effect/Schema', annotations: undefined, checks: undefined, encoding: undefined, context: undefined, _tag: 'Union', types: [ { '~effect/Schema': '~effect/Schema', annotations: undefined, checks: undefined, encoding: undefined, context: undefined, _tag: 'Literal', literal: 'ForwardOwner', constructor: 'Function<Literal>', getParser: 'Function<getParser>', matchPart: 'Function<matchPart>', toCodecJson: 'Function<toCodecJson>', toCodecStringTree: 'Function<toCodecStringTree>', getExpected: 'Function<getExpected>', toString: 'Function<toString>' }, { '~effect/Schema': '~effect/Schema', annotations: undefined, checks: undefined, encoding: undefined, context: undefined, _tag: 'Literal', literal: 'ExecutorDrain', constructor: 'Function<Literal>', getParser: 'Function<getParser>', matchPart: 'Function<matchPart>', toCodecJson: 'Function<toCodecJson>', toCodecStringTree: 'Function<toCodecStringTree>', getExpected: 'Function<getExpected>', toString: 'Function<toString>' }, { '~effect/Schema': '~effect/Schema', annotations: undefined, checks: undefined, encoding: undefined, context: undefined, _tag: 'Literal', literal: 'LocalDrain', constructor: 'Function<Literal>', getParser: 'Function<getParser>', matchPart: 'Function<matchPart>', toCodecJson: 'Function<toCodecJson>', toCodecStringTree: 'Function<toCodecStringTree>', getExpected: 'Function<getExpected>', toString: 'Function<toString>' } ], mode: 'anyOf', encodingChecks: undefined, constructor: 'Function<Union>', getParser: 'Function<getParser>', _rebuild: 'Function<_rebuild>', recur: 'Function<recur>', flip: 'Function<flip>', matchPart: 'Function<matchPart>', getExpected: 'Function<getExpected>', toString: 'Function<toString>' }, constructor: 'Function<PropertySignature>' }, { name: 'name', type: { '~effect/Schema': '~effect/Schema', annotations: undefined, checks: undefined, encoding: undefined, context: undefined, _tag: 'Union', types: [ { '~effect/Schema': '~effect/Schema', annotations: undefined, checks: undefined, encoding: undefined, context: undefined, _tag: 'Literal', literal: 'ForwardProgress', constructor: 'Function<Literal>', getParser: 'Function<getParser>', matchPart: 'Function<matchPart>', toCodecJson: 'Function<toCodecJson>', toCodecStringTree: 'Function<toCodecStringTree>', getExpected: 'Function<getExpected>', toString: 'Function<toString>' }, { '~effect/Schema': '~effect/Schema', annotations: undefined, checks: undefined, encoding: undefined, context: undefined, _tag: 'Literal', literal: 'ExecutorWork', constructor: 'Function<Literal>', getParser: 'Function<getParser>', matchPart: 'Function<matchPart>', toCodecJson: 'Function<toCodecJson>', toCodecStringTree: 'Function<toCodecStringTree>', getExpected: 'Function<getExpected>', toString: 'Function<toString>' }, { '~effect/Schema': '~effect/Schema', annotations: undefined, checks: undefined, encoding: undefined, context: undefined, _tag: 'Literal', literal: 'HostAcquisition', constructor: 'Function<Literal>', getParser: 'Function<getParser>', matchPart: 'Function<matchPart>', toCodecJson: 'Function<toCodecJson>', toCodecStringTree: 'Function<toCodecStringTree>', getExpected: 'Function<getExpected>', toString: 'Function<toString>' }, { '~effect/Schema': '~effect/Schema', annotations: undefined, checks: undefined, encoding: undefined, context: undefined, _tag: 'Literal', literal: 'CodexProvider', constructor: 'Function<Literal>', getParser: 'Function<getParser>', matchPart: 'Function<matchPart>', toCodecJson: 'Function<toCodecJson>', toCodecStringTree: 'Function<toCodecStringTree>', getExpected: 'Function<getExpected>', toString: 'Function<toString>' }, { '~effect/Schema': '~effect/Schema', annotations: undefined, checks: undefined, encoding: undefined, context: undefined, _tag: 'Literal', literal: 'RunRuntime', constructor: 'Function<Literal>', getParser: 'Function<getParser>', matchPart: 'Function<matchPart>', toCodecJson: 'Function<toCodecJson>', toCodecStringTree: 'Function<toCodecStringTree>', getExpected: 'Function<getExpected>', toString: 'Function<toString>' }, { '~effect/Schema': '~effect/Schema', annotations: undefined, checks: undefined, encoding: undefined, context: undefined, _tag: 'Literal', literal: 'ArchiveMaintenance', constructor: 'Function<Literal>', getParser: 'Function<getParser>', matchPart: 'Function<matchPart>', toCodecJson: 'Function<toCodecJson>', toCodecStringTree: 'Function<toCodecStringTree>', getExpected: 'Function<getExpected>', toString: 'Function<toString>' }, { '~effect/Schema': '~effect/Schema', annotations: undefined, checks: undefined, encoding: undefined, context: undefined, _tag: 'Literal', literal: 'Inspection', constructor: 'Function<Literal>', getParser: 'Function<getParser>', matchPart: 'Function<matchPart>', toCodecJson: 'Function<toCodecJson>', toCodecStringTree: 'Function<toCodecStringTree>', getExpected: 'Function<getExpected>', toString: 'Function<toString>' }, { '~effect/Schema': '~effect/Schema', annotations: undefined, checks: undefined, encoding: undefined, context: undefined, _tag: 'Literal', literal: 'HostWatch', constructor: 'Function<Literal>', getParser: 'Function<getParser>', matchPart: 'Function<matchPart>', toCodecJson: 'Function<toCodecJson>', toCodecStringTree: 'Function<toCodecStringTree>', getExpected: 'Function<getExpected>', toString: 'Function<toString>' }, { '~effect/Schema': '~effect/Schema', annotations: undefined, checks: undefined, encoding: undefined, context: undefined, _tag: 'Literal', literal: 'LocalResources', constructor: 'Function<Literal>', getParser: 'Function<getParser>', matchPart: 'Function<matchPart>', toCodecJson: 'Function<toCodecJson>', toCodecStringTree: 'Function<toCodecStringTree>', getExpected: 'Function<getExpected>', toString: 'Function<toString>' } ], mode: 'anyOf', encodingChecks: undefined, constructor: 'Function<Union>', getParser: 'Function<getParser>', _rebuild: 'Function<_rebuild>', recur: 'Function<recur>', flip: 'Function<flip>', matchPart: 'Function<matchPart>', getExpected: 'Function<getExpected>', toString: 'Function<toString>' }, constructor: 'Function<PropertySignature>' }, { name: 'kind', type: { '~effect/Schema': '~effect/Schema', annotations: undefined, checks: undefined, encoding: undefined, context: undefined, _tag: 'Union', types: [ { '~effect/Schema': '~effect/Schema', annotations: undefined, checks: undefined, encoding: undefined, context: undefined, _tag: 'Literal', literal: 'AtomicBoundary', constructor: 'Function<Literal>', getParser: 'Function<getParser>', matchPart: 'Function<matchPart>', toCodecJson: 'Function<toCodecJson>', toCodecStringTree: 'Function<toCodecStringTree>', getExpected: 'Function<getExpected>', toString: 'Function<toString>' }, { '~effect/Schema': '~effect/Schema', annotations: undefined, checks: undefined, encoding: undefined, context: undefined, _tag: 'Literal', literal: 'AuthorizedRunTerminationAppend', constructor: 'Function<Literal>', getParser: 'Function<getParser>', matchPart: 'Function<matchPart>', toCodecJson: 'Function<toCodecJson>', toCodecStringTree: 'Function<toCodecStringTree>', getExpected: 'Function<getExpected>', toString: 'Function<toString>' }, { '~effect/Schema': '~effect/Schema', annotations: undefined, checks: undefined, encoding: undefined, context: undefined, _tag: 'Literal', literal: 'InterruptibleBoundary', constructor: 'Function<Literal>', getParser: 'Function<getParser>', matchPart: 'Function<matchPart>', toCodecJson: 'Function<toCodecJson>', toCodecStringTree: 'Function<toCodecStringTree>', getExpected: 'Function<getExpected>', toString: 'Function<toString>' }, { '~effect/Schema': '~effect/Schema', annotations: undefined, checks: undefined, encoding: undefined, context: undefined, _tag: 'Literal', literal: 'RunActivation', constructor: 'Function<Literal>', getParser: 'Function<getParser>', matchPart: 'Function<matchPart>', toCodecJson: 'Function<toCodecJson>', toCodecStringTree: 'Function<toCodecStringTree>', getExpected: 'Function<getExpected>', toString: 'Function<toString>' }, { '~effect/Schema': '~effect/Schema', annotations: undefined, checks: undefined, encoding: undefined, context: undefined, _tag: 'Literal', literal: 'ExecutorDrain', constructor: 'Function<Literal>', getParser: 'Function<getParser>', matchPart: 'Function<matchPart>', toCodecJson: 'Function<toCodecJson>', toCodecStringTree: 'Function<toCodecStringTree>', getExpected: 'Function<getExpected>', toString: 'Function<toString>' }, { '~effect/Schema': '~effect/Schema', annotations: undefined, checks: undefined, encoding: undefined, context: undefined, _tag: 'Literal', literal: 'LocalDrain', constructor: 'Function<Literal>', getParser: 'Function<getParser>', matchPart: 'Function<matchPart>', toCodecJson: 'Function<toCodecJson>', toCodecStringTree: 'Function<toCodecStringTree>', getExpected: 'Function<getExpected>', toString: 'Function<toString>' } ], mode: 'anyOf', encodingChecks: undefined, constructor: 'Function<Union>', getParser: 'Function<getParser>', _rebuild: 'Function<_rebuild>', recur: 'Function<recur>', flip: 'Function<flip>', matchPart: 'Function<matchPart>', getExpected: 'Function<getExpected>', toString: 'Function<toString>' }, constructor: 'Function<PropertySignature>' }, { name: 'subject', type: { '~effect/Schema': '~effect/Schema', annotations: undefined, checks: undefined, encoding: undefined, context: undefined, _tag: 'Union', types: [ { '~effect/Schema': '~effect/Schema', annotations: undefined, checks: undefined, encoding: undefined, context: undefined, _tag: 'Objects', propertySignatures: [ { name: '_tag', type: { '~effect/Schema': '~effect/Schema', annotations: undefined, checks: undefined, encoding: undefined, context: { isOptional: false, isMutable: false, constructorDefault: { to: { '~effect/Schema': '~effect/Schema', annotations: undefined, checks: undefined, encoding: undefined, context: undefined, _tag: 'Unknown', constructor: 'Function<Unknown>', getParser: 'Function<getParser>', getExpected: 'Function<getExpected>', toString: 'Function<toString>' }, transformation: { '~effect/SchemaTransformation/Transformation': '~effect/SchemaTransformation/Transformation', _tag: 'Transformation', decode: { run: 'Function<anonymous>', constructor: 'Function<Getter>', map: 'Function<map>', compose: 'Function<compose>', pipe: 'Function<pipe>' }, encode: { run: 'Function<anonymous>', constructor: 'Function<Getter>', map: 'Function<map>', compose: 'Function<compose>', pipe: 'Function<pipe>' }, constructor: 'Function<Transformation>', flip: 'Function<flip>', compose: 'Function<compose>' }, constructor: 'Function<Link>' }, annotations: undefined, constructor: 'Function<Context>' }, _tag: 'Literal', literal: 'NoRun', constructor: 'Function<Literal>', getParser: 'Function<getParser>', matchPart: 'Function<matchPart>', toCodecJson: 'Function<toCodecJson>', toCodecStringTree: 'Function<toCodecStringTree>', getExpected: 'Function<getExpected>', toString: 'Function<toString>' }, constructor: 'Function<PropertySignature>' } ], indexSignatures: [], encodingChecks: undefined, constructor: 'Function<Objects>', getParser: 'Function<getParser>', _rebuild: 'Function<_rebuild>', flip: 'Function<flip>', recur: 'Function<recur>', getExpected: 'Function<getExpected>', toString: 'Function<toString>' }, { '~effect/Schema': '~effect/Schema', annotations: undefined, checks: undefined, encoding: undefined, context: undefined, _tag: 'Objects', propertySignatures: [ { name: '_tag', type: { '~effect/Schema': '~effect/Schema', annotations: undefined, checks: undefined, encoding: undefined, context: { isOptional: false, isMutable: false, constructorDefault: { to: { '~effect/Schema': '~effect/Schema', annotations: undefined, checks: undefined, encoding: undefined, context: undefined, _tag: 'Unknown', constructor: 'Function<Unknown>', getParser: 'Function<getParser>', getExpected: 'Function<getExpected>', toString: 'Function<toString>' }, transformation: { '~effect/SchemaTransformation/Transformation': '~effect/SchemaTransformation/Transformation', _tag: 'Transformation', decode: { run: 'Function<anonymous>', constructor: 'Function<Getter>', map: 'Function<map>', compose: 'Function<compose>', pipe: 'Function<pipe>' }, encode: { run: 'Function<anonymous>', constructor: 'Function<Getter>', map: 'Function<map>', compose: 'Function<compose>', pipe: 'Function<pipe>' }, constructor: 'Function<Transformation>', flip: 'Function<flip>', compose: 'Function<compose>' }, constructor: 'Function<Link>' }, annotations: undefined, constructor: 'Function<Context>' }, _tag: 'Literal', literal: 'Run', constructor: 'Function<Literal>', getParser: 'Function<getParser>', matchPart: 'Function<matchPart>', toCodecJson: 'Function<toCodecJson>', toCodecStringTree: 'Function<toCodecStringTree>', getExpected: 'Function<getExpected>', toString: 'Function<toString>' }, constructor: 'Function<PropertySignature>' }, { name: 'runId', type: { '~effect/Schema': '~effect/Schema', annotations: undefined, checks: [ { _tag: 'Filter', run: 'Function<anonymous>', annotations: { expected: 'a value with a length of at least 1', representation: { id: 'effect/schema/isMinLength', payload: { minLength: 1 } }, toJsonSchema: 'Function<toJsonSchema>', toCode: 'Function<toCode>', '~structural': true, arbitrary: { constraint: { minLength: 1 } }, brands: [ 'RunId' ] }, aborted: false, constructor: 'Function<Filter>', annotate: 'Function<annotate>', abort: 'Function<abort>', and: 'Function<and>', pipe: 'Function<pipe>' } ], encoding: undefined, context: undefined, _tag: 'String', constructor: 'Function<String>', getParser: 'Function<getParser>', matchPart: 'Function<matchPart>', getExpected: 'Function<getExpected>', toString: 'Function<toString>' }, constructor: 'Function<PropertySignature>' } ], indexSignatures: [], encodingChecks: undefined, constructor: 'Function<Objects>', getParser: 'Function<getParser>', _rebuild: 'Function<_rebuild>', flip: 'Function<flip>', recur: 'Function<recur>', getExpected: 'Function<getExpected>', toString: 'Function<toString>' }, { '~effect/Schema': '~effect/Schema', annotations: undefined, checks: undefined, encoding: undefined, context: undefined, _tag: 'Objects', propertySignatures: [ { name: '_tag', type: { '~effect/Schema': '~effect/Schema', annotations: undefined, checks: undefined, encoding: undefined, context: { isOptional: false, isMutable: false, constructorDefault: { to: { '~effect/Schema': '~effect/Schema', annotations: undefined, checks: undefined, encoding: undefined, context: undefined, _tag: 'Unknown', constructor: 'Function<Unknown>', getParser: 'Function<getParser>', getExpected: 'Function<getExpected>', toString: 'Function<toString>' }, transformation: { '~effect/SchemaTransformation/Transformation': '~effect/SchemaTransformation/Transformation', _tag: 'Transformation', decode: { run: 'Function<anonymous>', constructor: 'Function<Getter>', map: 'Function<map>', compose: 'Function<compose>', pipe: 'Function<pipe>' }, encode: { run: 'Function<anonymous>', constructor: 'Function<Getter>', map: 'Function<map>', compose: 'Function<compose>', pipe: 'Function<pipe>' }, constructor: 'Function<Transformation>', flip: 'Function<flip>', compose: 'Function<compose>' }, constructor: 'Function<Link>' }, annotations: undefined, constructor: 'Function<Context>' }, _tag: 'Literal', literal: 'Task', constructor: 'Function<Literal>', getParser: 'Function<getParser>', matchPart: 'Function<matchPart>', toCodecJson: 'Function<toCodecJson>', toCodecStringTree: 'Function<toCodecStringTree>', getExpected: 'Function<getExpected>', toString: 'Function<toString>' }, constructor: 'Function<PropertySignature>' }, { name: 'runId', type: { '~effect/Schema': '~effect/Schema', annotations: undefined, checks: [ { _tag: 'Filter', run: 'Function<anonymous>', annotations: { expected: 'a value with a length of at least 1', representation: { id: 'effect/schema/isMinLength', payload: { minLength: 1 } }, toJsonSchema: 'Function<toJsonSchema>', toCode: 'Function<toCode>', '~structural': true, arbitrary: { constraint: { minLength: 1 } }, brands: [ 'RunId' ] }, aborted: false, constructor: 'Function<Filter>', annotate: 'Function<annotate>', abort: 'Function<abort>', and: 'Function<and>', pipe: 'Function<pipe>' } ], encoding: undefined, context: undefined, _tag: 'String', constructor: 'Function<String>', getParser: 'Function<getParser>', matchPart: 'Function<matchPart>', getExpected: 'Function<getExpected>', toString: 'Function<toString>' }, constructor: 'Function<PropertySignature>' }, { name: 'taskId', type: { '~effect/Schema': '~effect/Schema', annotations: undefined, checks: [ { _tag: 'Filter', run: 'Function<anonymous>', annotations: { expected: 'a value with a length of at least 1', representation: { id: 'effect/schema/isMinLength', payload: { minLength: 1 } }, toJsonSchema: 'Function<toJsonSchema>', toCode: 'Function<toCode>', '~structural': true, arbitrary: { constraint: { minLength: 1 } }, brands: [ 'TaskId' ] }, aborted: false, constructor: 'Function<Filter>', annotate: 'Function<annotate>', abort: 'Function<abort>', and: 'Function<and>', pipe: 'Function<pipe>' } ], encoding: undefined, context: undefined, _tag: 'String', constructor: 'Function<String>', getParser: 'Function<getParser>', matchPart: 'Function<matchPart>', getExpected: 'Function<getExpected>', toString: 'Function<toString>' }, constructor: 'Function<PropertySignature>' } ], indexSignatures: [], encodingChecks: undefined, constructor: 'Function<Objects>', getParser: 'Function<getParser>', _rebuild: 'Function<_rebuild>', flip: 'Function<flip>', recur: 'Function<recur>', getExpected: 'Function<getExpected>', toString: 'Function<toString>' }, { '~effect/Schema': '~effect/Schema', annotations: undefined, checks: undefined, encoding: undefined, context: undefined, _tag: 'Objects', propertySignatures: [ { name: '_tag', type: { '~effect/Schema': '~effect/Schema', annotations: undefined, checks: undefined, encoding: undefined, context: { isOptional: false, isMutable: false, constructorDefault: { to: { '~effect/Schema': '~effect/Schema', annotations: undefined, checks: undefined, encoding: undefined, context: undefined, _tag: 'Unknown', constructor: 'Function<Unknown>', getParser: 'Function<getParser>', getExpected: 'Function<getExpected>', toString: 'Function<toString>' }, transformation: { '~effect/SchemaTransformation/Transformation': '~effect/SchemaTransformation/Transformation', _tag: 'Transformation', decode: { run: 'Function<anonymous>', constructor: 'Function<Getter>', map: 'Function<map>', compose: 'Function<compose>', pipe: 'Function<pipe>' }, encode: { run: 'Function<anonymous>', constructor: 'Function<Getter>', map: 'Function<map>', compose: 'Function<compose>', pipe: 'Function<pipe>' }, constructor: 'Function<Transformation>', flip: 'Function<flip>', compose: 'Function<compose>' }, constructor: 'Function<Link>' }, annotations: undefined, constructor: 'Function<Context>' }, _tag: 'Literal', literal: 'ExecutorAttempt', constructor: 'Function<Literal>', getParser: 'Function<getParser>', matchPart: 'Function<matchPart>', toCodecJson: 'Function<toCodecJson>', toCodecStringTree: 'Function<toCodecStringTree>', getExpected: 'Function<getExpected>', toString: 'Function<toString>' }, constructor: 'Function<PropertySignature>' }, { name: 'correlation', type: { '~effect/Schema': '~effect/Schema', annotations: undefined, checks: undefined, encoding: undefined, context: undefined, _tag: 'Objects', propertySignatures: [ { name: 'attemptId', type: { '~effect/Schema': '~effect/Schema', annotations: undefined, checks: [ { _tag: 'Filter', run: 'Function<anonymous>', annotations: { expected: 'a value with a length of at least 1', representation: { id: 'effect/schema/isMinLength', payload: { minLength: 1 } }, toJsonSchema: 'Function<toJsonSchema>', toCode: 'Function<toCode>', '~structural': true, arbitrary: { constraint: { minLength: 1 } }, brands: [ 'AttemptId' ] }, aborted: false, constructor: 'Function<Filter>', annotate: 'Function<annotate>', abort: 'Function<abort>', and: 'Function<and>', pipe: 'Function<pipe>' } ], encoding: undefined, context: undefined, _tag: 'String', constructor: 'Function<String>', getParser: 'Function<getParser>', matchPart: 'Function<matchPart>', getExpected: 'Function<getExpected>', toString: 'Function<toString>' }, constructor: 'Function<PropertySignature>' }, { name: 'runId', type: { '~effect/Schema': '~effect/Schema', annotations: undefined, checks: [ { _tag: 'Filter', run: 'Function<anonymous>', annotations: { expected: 'a value with a length of at least 1', representation: { id: 'effect/schema/isMinLength', payload: { minLength: 1 } }, toJsonSchema: 'Function<toJsonSchema>', toCode: 'Function<toCode>', '~structural': true, arbitrary: { constraint: { minLength: 1 } }, brands: [ 'RunId' ] }, aborted: false, constructor: 'Function<Filter>', annotate: 'Function<annotate>', abort: 'Function<abort>', and: 'Function<and>', pipe: 'Function<pipe>' } ], encoding: undefined, context: undefined, _tag: 'String', constructor: 'Function<String>', getParser: 'Function<getParser>', matchPart: 'Function<matchPart>', getExpected: 'Function<getExpected>', toString: 'Function<toString>' }, constructor: 'Function<PropertySignature>' } ], indexSignatures: [], encodingChecks: undefined, constructor: 'Function<Objects>', getParser: 'Function<getParser>', _rebuild: 'Function<_rebuild>', flip: 'Function<flip>', recur: 'Function<recur>', getExpected: 'Function<getExpected>', toString: 'Function<toString>' }, constructor: 'Function<PropertySignature>' } ], indexSignatures: [], encodingChecks: undefined, constructor: 'Function<Objects>', getParser: 'Function<getParser>', _rebuild: 'Function<_rebuild>', flip: 'Function<flip>', recur: 'Function<recur>', getExpected: 'Function<getExpected>', toString: 'Function<toString>' } ], mode: 'anyOf', encodingChecks: undefined, constructor: 'Function<Union>', getParser: 'Function<getParser>', _rebuild: 'Function<_rebuild>', recur: 'Function<recur>', flip: 'Function<flip>', matchPart: 'Function<matchPart>', getExpected: 'Function<getExpected>', toString: 'Function<toString>' }, constructor: 'Function<PropertySignature>' }, { name: 'evidence', type: { '~effect/Schema': '~effect/Schema', annotations: undefined, checks: undefined, encoding: undefined, context: undefined, _tag: 'Union', types: [ { '~effect/Schema': '~effect/Schema', annotations: undefined, checks: undefined, encoding: undefined, context: undefined, _tag: 'Literal', literal: 'Preparing', constructor: 'Function<Literal>', getParser: 'Function<getParser>', matchPart: 'Function<matchPart>', toCodecJson: 'Function<toCodecJson>', toCodecStringTree: 'Function<toCodecStringTree>', getExpected: 'Function<getExpected>', toString: 'Function<toString>' }, { '~effect/Schema': '~effect/Schema', annotations: undefined, checks: undefined, encoding: undefined, context: undefined, _tag: 'Literal', literal: 'Registered', constructor: 'Function<Literal>', getParser: 'Function<getParser>', matchPart: 'Function<matchPart>', toCodecJson: 'Function<toCodecJson>', toCodecStringTree: 'Function<toCodecStringTree>', getExpected: 'Function<getExpected>', toString: 'Function<toString>' }, { '~effect/Schema': '~effect/Schema', annotations: undefined, checks: undefined, encoding: undefined, context: undefined, _tag: 'Literal', literal: 'AwaitingBoundaryResult', constructor: 'Function<Literal>', getParser: 'Function<getParser>', matchPart: 'Function<matchPart>', toCodecJson: 'Function<toCodecJson>', toCodecStringTree: 'Function<toCodecStringTree>', getExpected: 'Function<getExpected>', toString: 'Function<toString>' }, { '~effect/Schema': '~effect/Schema', annotations: undefined, checks: undefined, encoding: undefined, context: undefined, _tag: 'Literal', literal: 'BoundaryResultProduced', constructor: 'Function<Literal>', getParser: 'Function<getParser>', matchPart: 'Function<matchPart>', toCodecJson: 'Function<toCodecJson>', toCodecStringTree: 'Function<toCodecStringTree>', getExpected: 'Function<getExpected>', toString: 'Function<toString>' }, { '~effect/Schema': '~effect/Schema', annotations: undefined, checks: undefined, encoding: undefined, context: undefined, _tag: 'Literal', literal: 'BoundaryResultRecorded', constructor: 'Function<Literal>', getParser: 'Function<getParser>', matchPart: 'Function<matchPart>', toCodecJson: 'Function<toCodecJson>', toCodecStringTree: 'Function<toCodecStringTree>', getExpected: 'Function<getExpected>', toString: 'Function<toString>' }, { '~effect/Schema': '~effect/Schema', annotations: undefined, checks: undefined, encoding: undefined, context: undefined, _tag: 'Literal', literal: 'RecoverableAmbiguity', constructor: 'Function<Literal>', getParser: 'Function<getParser>', matchPart: 'Function<matchPart>', toCodecJson: 'Function<toCodecJson>', toCodecStringTree: 'Function<toCodecStringTree>', getExpected: 'Function<getExpected>', toString: 'Function<toString>' }, { '~effect/Schema': '~effect/Schema', annotations: undefined, checks: undefined, encoding: undefined, context: undefined, _tag: 'Literal', literal: 'DrainRegistered', constructor: 'Function<Literal>', getParser: 'Function<getParser>', matchPart: 'Function<matchPart>', toCodecJson: 'Function<toCodecJson>', toCodecStringTree: 'Function<toCodecStringTree>', getExpected: 'Function<getExpected>', toString: 'Function<toString>' }, { '~effect/Schema': '~effect/Schema', annotations: undefined, checks: undefined, encoding: undefined, context: undefined, _tag: 'Literal', literal: 'DrainPending', constructor: 'Function<Literal>', getParser: 'Function<getParser>', matchPart: 'Function<matchPart>', toCodecJson: 'Function<toCodecJson>', toCodecStringTree: 'Function<toCodecStringTree>', getExpected: 'Function<getExpected>', toString: 'Function<toString>' }, { '~effect/Schema': '~effect/Schema', annotations: undefined, checks: undefined, encoding: undefined, context: undefined, _tag: 'Literal', literal: 'DrainSucceeded', constructor: 'Function<Literal>', getParser: 'Function<getParser>', matchPart: 'Function<matchPart>', toCodecJson: 'Function<toCodecJson>', toCodecStringTree: 'Function<toCodecStringTree>', getExpected: 'Function<getExpected>', toString: 'Function<toString>' }, { '~effect/Schema': '~effect/Schema', annotations: undefined, checks: undefined, encoding: undefined, context: undefined, _tag: 'Literal', literal: 'DrainFailed', constructor: 'Function<Literal>', getParser: 'Function<getParser>', matchPart: 'Function<matchPart>', toCodecJson: 'Function<toCodecJson>', toCodecStringTree: 'Function<toCodecStringTree>', getExpected: 'Function<getExpected>', toString: 'Function<toString>' } ], mode: 'anyOf', encodingChecks: undefined, constructor: 'Function<Union>', getParser: 'Function<getParser>', _rebuild: 'Function<_rebuild>', recur: 'Function<recur>', flip: 'Function<flip>', matchPart: 'Function<matchPart>', getExpected: 'Function<getExpected>', toString: 'Function<toString>' }, constructor: 'Function<PropertySignature>' }, { name: 'boundary', type: { '~effect/Schema': '~effect/Schema', annotations: undefined, checks: undefined, encoding: undefined, context: undefined, _tag: 'Union', types: [ { '~effect/Schema': '~effect/Schema', annotations: undefined, checks: undefined, encoding: undefined, context: undefined, _tag: 'Objects', propertySignatures: [ { name: 'family', type: { '~effect/Schema': '~effect/Schema', annotations: undefined, checks: undefined, encoding: undefined, context: undefined, _tag: 'Union', types: [ { '~effect/Schema': '~effect/Schema', annotations: undefined, checks: undefined, encoding: undefined, context: undefined, _tag: 'Literal', literal: 'Git', constructor: 'Function<Literal>', getParser: 'Function<getParser>', matchPart: 'Function<matchPart>', toCodecJson: 'Function<toCodecJson>', toCodecStringTree: 'Function<toCodecStringTree>', getExpected: 'Function<getExpected>', toString: 'Function<toString>' }, { '~effect/Schema': '~effect/Schema', annotations: undefined, checks: undefined, encoding: undefined, context: undefined, _tag: 'Literal', literal: 'TaskTracker', constructor: 'Function<Literal>', getParser: 'Function<getParser>', matchPart: 'Function<matchPart>', toCodecJson: 'Function<toCodecJson>', toCodecStringTree: 'Function<toCodecStringTree>', getExpected: 'Function<getExpected>', toString: 'Function<toString>' } ], mode: 'anyOf', encodingChecks: undefined, constructor: 'Function<Union>', getParser: 'Function<getParser>', _rebuild: 'Function<_rebuild>', recur: 'Function<recur>', flip: 'Function<flip>', matchPart: 'Function<matchPart>', getExpected: 'Function<getExpected>', toString: 'Function<toString>' }, constructor: 'Function<PropertySignature>' }, { name: 'operationIds', type: { '~effect/Schema': '~effect/Schema', annotations: undefined, checks: undefined, encoding: undefined, context: undefined, _tag: 'Arrays', isMutable: false, elements: [], rest: [ { '~effect/Schema': '~effect/Schema', annotations: undefined, checks: [ { _tag: 'Filter', run: 'Function<anonymous>', annotations: { expected: 'a value with a length of at least 1', representation: { id: 'effect/schema/isMinLength', payload: { minLength: 1 } }, toJsonSchema: 'Function<toJsonSchema>', toCode: 'Function<toCode>', '~structural': true, arbitrary: { constraint: { minLength: 1 } }, brands: [ 'OperationId' ] }, aborted: false, constructor: 'Function<Filter>', annotate: 'Function<annotate>', abort: 'Function<abort>', and: 'Function<and>', pipe: 'Function<pipe>' } ], encoding: undefined, context: undefined, _tag: 'String', constructor: 'Function<String>', getParser: 'Function<getParser>', matchPart: 'Function<matchPart>', getExpected: 'Function<getExpected>', toString: 'Function<toString>' } ], encodingChecks: undefined, constructor: 'Function<Arrays>', getParser: 'Function<getParser>', _rebuild: 'Function<_rebuild>', recur: 'Function<recur>', flip: 'Function<flip>', getExpected: 'Function<getExpected>', toString: 'Function<toString>' }, constructor: 'Function<PropertySignature>' }, { name: 'baseline', type: { '~effect/Schema': '~effect/Schema', annotations: undefined, checks: undefined, encoding: undefined, context: undefined, _tag: 'Union', types: [ { '~effect/Schema': '~effect/Schema', annotations: undefined, checks: undefined, encoding: undefined, context: undefined, _tag: 'Objects', propertySignatures: [ { name: 'runId', type: { '~effect/Schema': '~effect/Schema', annotations: undefined, checks: [ { _tag: 'Filter', run: 'Function<anonymous>', annotations: { expected: 'a value with a length of at least 1', representation: { id: 'effect/schema/isMinLength', payload: { minLength: 1 } }, toJsonSchema: 'Function<toJsonSchema>', toCode: 'Function<toCode>', '~structural': true, arbitrary: { constraint: { minLength: 1 } }, brands: [ 'RunId' ] }, aborted: false, constructor: 'Function<Filter>', annotate: 'Function<annotate>', abort: 'Function<abort>', and: 'Function<and>', pipe: 'Function<pipe>' } ], encoding: undefined, context: undefined, _tag: 'String', constructor: 'Function<String>', getParser: 'Function<getParser>', matchPart: 'Function<matchPart>', getExpected: 'Function<getExpected>', toString: 'Function<toString>' }, constructor: 'Function<PropertySignature>' }, { name: 'attemptId', type: { '~effect/Schema': '~effect/Schema', annotations: undefined, checks: [ { _tag: 'Filter', run: 'Function<anonymous>', annotations: { expected: 'a value with a length of at least 1', representation: { id: 'effect/schema/isMinLength', payload: { minLength: 1 } }, toJsonSchema: 'Function<toJsonSchema>', toCode: 'Function<toCode>', '~structural': true, arbitrary: { constraint: { minLength: 1 } }, brands: [ 'AttemptId' ] }, aborted: false, constructor: 'Function<Filter>', annotate: 'Function<annotate>', abort: 'Function<abort>', and: 'Function<and>', pipe: 'Function<pipe>' } ], encoding: undefined, context: undefined, _tag: 'String', constructor: 'Function<String>', getParser: 'Function<getParser>', matchPart: 'Function<matchPart>', getExpected: 'Function<getExpected>', toString: 'Function<toString>' }, constructor: 'Function<PropertySignature>' }, { name: 'round', type: { '~effect/Schema': '~effect/Schema', annotations: undefined, checks: undefined, encoding: undefined, context: undefined, _tag: 'Union', types: [ { '~effect/Schema': '~effect/Schema', annotations: undefined, checks: [ { _tag: 'Filter', run: 'Function<anonymous>', annotations: { expected: 'an integer', representation: { id: 'effect/schema/isInt', payload: null }, toJsonSchema: 'Function<toJsonSchema>', toCode: 'Function<toCode>', arbitrary: { constraint: { integer: true } } }, aborted: false, constructor: 'Function<Filter>', annotate: 'Function<annotate>', abort: 'Function<abort>', and: 'Function<and>', pipe: 'Function<pipe>' }, { _tag: 'Filter', run: 'Function<anonymous>', annotations: { expected: 'a value greater than or equal to 1', arbitrary: { constraint: { ordered: { order: 'Function<anonymous>', minimum: 1 } } }, representation: { id: 'effect/schema/isGreaterThanOrEqualTo', payload: { minimum: 1 } }, toJsonSchema: 'Function<toJsonSchema>', toCode: 'Function<toCode>' }, aborted: false, constructor: 'Function<Filter>', annotate: 'Function<annotate>', abort: 'Function<abort>', and: 'Function<and>', pipe: 'Function<pipe>' } ], encoding: undefined, context: undefined, _tag: 'Number', constructor: 'Function<Number>', getParser: 'Function<getParser>', matchKey: 'Function<matchKey>', matchPart: 'Function<matchPart>', _match: 'Function<_match>', toCodecJson: 'Function<toCodecJson>', toCodecStringTree: 'Function<toCodecStringTree>', getExpected: 'Function<getExpected>', toString: 'Function<toString>' }, { '~effect/Schema': '~effect/Schema', annotations: undefined, checks: undefined, encoding: undefined, context: undefined, _tag: 'Null', constructor: 'Function<Null>', getParser: 'Function<getParser>', getExpected: 'Function<getExpected>', toString: 'Function<toString>' } ], mode: 'anyOf', encodingChecks: undefined, constructor: 'Function<Union>', getParser: 'Function<getParser>', _rebuild: 'Function<_rebuild>', recur: 'Function<recur>', flip: 'Function<flip>', matchPart: 'Function<matchPart>', getExpected: 'Function<getExpected>', toString: 'Function<toString>' }, constructor: 'Function<PropertySignature>' } ], indexSignatures: [], encodingChecks: undefined, constructor: 'Function<Objects>', getParser: 'Function<getParser>', _rebuild: 'Function<_rebuild>', flip: 'Function<flip>', recur: 'Function<recur>', getExpected: 'Function<getExpected>', toString: 'Function<toString>' }, { '~effect/Schema': '~effect/Schema', annotations: undefined, checks: undefined, encoding: undefined, context: undefined, _tag: 'Null', constructor: 'Function<Null>', getParser: 'Function<getParser>', getExpected: 'Function<getExpected>', toString: 'Function<toString>' } ], mode: 'anyOf', encodingChecks: undefined, constructor: 'Function<Union>', getParser: 'Function<getParser>', _rebuild: 'Function<_rebuild>', recur: 'Function<recur>', flip: 'Function<flip>', matchPart: 'Function<matchPart>', getExpected: 'Function<getExpected>', toString: 'Function<toString>' }, constructor: 'Function<PropertySignature>' } ], indexSignatures: [], encodingChecks: undefined, constructor: 'Function<Objects>', getParser: 'Function<getParser>', _rebuild: 'Function<_rebuild>', flip: 'Function<flip>', recur: 'Function<recur>', getExpected: 'Function<getExpected>', toString: 'Function<toString>' }, { '~effect/Schema': '~effect/Schema', annotations: undefined, checks: undefined, encoding: undefined, context: undefined, _tag: 'Null', constructor: 'Function<Null>', getParser: 'Function<getParser>', getExpected: 'Function<getExpected>', toString: 'Function<toString>' } ], mode: 'anyOf', encodingChecks: undefined, constructor: 'Function<Union>', getParser: 'Function<getParser>', _rebuild: 'Function<_rebuild>', recur: 'Function<recur>', flip: 'Function<flip>', matchPart: 'Function<matchPart>', getExpected: 'Function<getExpected>', toString: 'Function<toString>' }, constructor: 'Function<PropertySignature>' }, { name: 'missingEvidence', type: { '~effect/Schema': '~effect/Schema', annotations: undefined, checks: undefined, encoding: undefined, context: undefined, _tag: 'Union', types: [ { '~effect/Schema': '~effect/Schema', annotations: undefined, checks: undefined, encoding: undefined, context: undefined, _tag: 'Literal', literal: 'OwnerRelease', constructor: 'Function<Literal>', getParser: 'Function<getParser>', matchPart: 'Function<matchPart>', toCodecJson: 'Function<toCodecJson>', toCodecStringTree: 'Function<toCodecStringTree>', getExpected: 'Function<getExpected>', toString: 'Function<toString>' }, { '~effect/Schema': '~effect/Schema', annotations: undefined, checks: undefined, encoding: undefined, context: undefined, _tag: 'Literal', literal: 'BoundaryObservation', constructor: 'Function<Literal>', getParser: 'Function<getParser>', matchPart: 'Function<matchPart>', toCodecJson: 'Function<toCodecJson>', toCodecStringTree: 'Function<toCodecStringTree>', getExpected: 'Function<getExpected>', toString: 'Function<toString>' }, { '~effect/Schema': '~effect/Schema', annotations: undefined, checks: undefined, encoding: undefined, context: undefined, _tag: 'Literal', literal: 'JournalAcknowledgement', constructor: 'Function<Literal>', getParser: 'Function<getParser>', matchPart: 'Function<matchPart>', toCodecJson: 'Function<toCodecJson>', toCodecStringTree: 'Function<toCodecStringTree>', getExpected: 'Function<getExpected>', toString: 'Function<toString>' }, { '~effect/Schema': '~effect/Schema', annotations: undefined, checks: undefined, encoding: undefined, context: undefined, _tag: 'Literal', literal: 'CorrelatedExecutorSettlement', constructor: 'Function<Literal>', getParser: 'Function<getParser>', matchPart: 'Function<matchPart>', toCodecJson: 'Function<toCodecJson>', toCodecStringTree: 'Function<toCodecStringTree>', getExpected: 'Function<getExpected>', toString: 'Function<toString>' }, { '~effect/Schema': '~effect/Schema', annotations: undefined, checks: undefined, encoding: undefined, context: undefined, _tag: 'Literal', literal: 'LocalCloseAcknowledgement', constructor: 'Function<Literal>', getParser: 'Function<getParser>', matchPart: 'Function<matchPart>', toCodecJson: 'Function<toCodecJson>', toCodecStringTree: 'Function<toCodecStringTree>', getExpected: 'Function<getExpected>', toString: 'Function<toString>' }, { '~effect/Schema': '~effect/Schema', annotations: undefined, checks: undefined, encoding: undefined, context: undefined, _tag: 'Literal', literal: 'None', constructor: 'Function<Literal>', getParser: 'Function<getParser>', matchPart: 'Function<matchPart>', toCodecJson: 'Function<toCodecJson>', toCodecStringTree: 'Function<toCodecStringTree>', getExpected: 'Function<getExpected>', toString: 'Function<toString>' } ], mode: 'anyOf', encodingChecks: undefined, constructor: 'Function<Union>', getParser: 'Function<getParser>', _rebuild: 'Function<_rebuild>', recur: 'Function<recur>', flip: 'Function<flip>', matchPart: 'Function<matchPart>', getExpected: 'Function<getExpected>', toString: 'Function<toString>' }, constructor: 'Function<PropertySignature>' }, { name: 'nextAction', type: { '~effect/Schema': '~effect/Schema', annotations: undefined, checks: undefined, encoding: undefined, context: undefined, _tag: 'Union', types: [ { '~effect/Schema': '~effect/Schema', annotations: undefined, checks: undefined, encoding: undefined, context: undefined, _tag: 'Literal', literal: 'AwaitOwnerRelease', constructor: 'Function<Literal>', getParser: 'Function<getParser>', matchPart: 'Function<matchPart>', toCodecJson: 'Function<toCodecJson>', toCodecStringTree: 'Function<toCodecStringTree>', getExpected: 'Function<getExpected>', toString: 'Function<toString>' }, { '~effect/Schema': '~effect/Schema', annotations: undefined, checks: undefined, encoding: undefined, context: undefined, _tag: 'Literal', literal: 'ReconcileOriginalAuthorityBeforeRetry', constructor: 'Function<Literal>', getParser: 'Function<getParser>', matchPart: 'Function<matchPart>', toCodecJson: 'Function<toCodecJson>', toCodecStringTree: 'Function<toCodecStringTree>', getExpected: 'Function<getExpected>', toString: 'Function<toString>' }, { '~effect/Schema': '~effect/Schema', annotations: undefined, checks: undefined, encoding: undefined, context: undefined, _tag: 'Literal', literal: 'AwaitJournalAcknowledgement', constructor: 'Function<Literal>', getParser: 'Function<getParser>', matchPart: 'Function<matchPart>', toCodecJson: 'Function<toCodecJson>', toCodecStringTree: 'Function<toCodecStringTree>', getExpected: 'Function<getExpected>', toString: 'Function<toString>' }, { '~effect/Schema': '~effect/Schema', annotations: undefined, checks: undefined, encoding: undefined, context: undefined, _tag: 'Literal', literal: 'AwaitCorrelatedExecutorSettlement', constructor: 'Function<Literal>', getParser: 'Function<getParser>', matchPart: 'Function<matchPart>', toCodecJson: 'Function<toCodecJson>', toCodecStringTree: 'Function<toCodecStringTree>', getExpected: 'Function<getExpected>', toString: 'Function<toString>' }, { '~effect/Schema': '~effect/Schema', annotations: undefined, checks: undefined, encoding: undefined, context: undefined, _tag: 'Literal', literal: 'AwaitLocalClose', constructor: 'Function<Literal>', getParser: 'Function<getParser>', matchPart: 'Function<matchPart>', toCodecJson: 'Function<toCodecJson>', toCodecStringTree: 'Function<toCodecStringTree>', getExpected: 'Function<getExpected>', toString: 'Function<toString>' }, { '~effect/Schema': '~effect/Schema', annotations: undefined, checks: undefined, encoding: undefined, context: undefined, _tag: 'Literal', literal: 'InspectDrainFailure', constructor: 'Function<Literal>', getParser: 'Function<getParser>', matchPart: 'Function<matchPart>', toCodecJson: 'Function<toCodecJson>', toCodecStringTree: 'Function<toCodecStringTree>', getExpected: 'Function<getExpected>', toString: 'Function<toString>' }, { '~effect/Schema': '~effect/Schema', annotations: undefined, checks: undefined, encoding: undefined, context: undefined, _tag: 'Literal', literal: 'None', constructor: 'Function<Literal>', getParser: 'Function<getParser>', matchPart: 'Function<matchPart>', toCodecJson: 'Function<toCodecJson>', toCodecStringTree: 'Function<toCodecStringTree>', getExpected: 'Function<getExpected>', toString: 'Function<toString>' } ], mode: 'anyOf', encodingChecks: undefined, constructor: 'Function<Union>', getParser: 'Function<getParser>', _rebuild: 'Function<_rebuild>', recur: 'Function<recur>', flip: 'Function<flip>', matchPart: 'Function<matchPart>', getExpected: 'Function<getExpected>', toString: 'Function<toString>' }, constructor: 'Function<PropertySignature>' } ], indexSignatures: [], encodingChecks: undefined, constructor: 'Function<Objects>', getParser: 'Function<getParser>', _rebuild: 'Function<_rebuild>', flip: 'Function<flip>', recur: 'Function<recur>', getExpected: 'Function<getExpected>', toString: 'Function<toString>' } ], encodingChecks: undefined, constructor: 'Function<Arrays>', getParser: 'Function<getParser>', _rebuild: 'Function<_rebuild>', recur: 'Function<recur>', flip: 'Function<flip>', getExpected: 'Function<getExpected>', toString: 'Function<toString>' }, constructor: 'Function<PropertySignature>' } ], indexSignatures: [], encodingChecks: undefined, constructor: 'Function<Objects>', getParser: 'Function<getParser>', _rebuild: 'Function<_rebuild>', flip: 'Function<flip>', recur: 'Function<recur>', getExpected: 'Function<getExpected>', toString: 'Function<toString>' }, constructor: 'Function<PropertySignature>' }, { name: 'requestedStatus', type: { '~effect/Schema': '~effect/Schema', annotations: undefined, checks: undefined, encoding: undefined, context: undefined, _tag: 'Literal', literal: 1, constructor: 'Function<Literal>', getParser: 'Function<getParser>', matchPart: 'Function<matchPart>', toCodecJson: 'Function<toCodecJson>', toCodecStringTree: 'Function<toCodecStringTree>', getExpected: 'Function<getExpected>', toString: 'Function<toString>' }, constructor: 'Function<PropertySignature>' } ], indexSignatures: [], encodingChecks: undefined, constructor: 'Function<Objects>', getParser: 'Function<getParser>', _rebuild: 'Function<_rebuild>', flip: 'Function<flip>', recur: 'Function<recur>', getExpected: 'Function<getExpected>', toString: 'Function<toString>' }, issues: [ { '~effect/SchemaIssue/Issue': '~effect/SchemaIssue/Issue', _tag: 'Pointer', path: [ 'diagnostics' ], issue: { '~effect/SchemaIssue/Issue': '~effect/SchemaIssue/Issue', _tag: 'MissingKey', annotations: undefined, constructor: 'Function<MissingKey>' }, constructor: 'Function<Pointer>' } ], constructor: 'Function<Composite>' }, { '~effect/SchemaIssue/Issue': '~effect/SchemaIssue/Issue', _tag: 'Composite', ast: { '~effect/Schema': '~effect/Schema', annotations: undefined, checks: undefined, encoding: undefined, context: undefined, _tag: 'Objects', propertySignatures: [ { name: '_tag', type: { '~effect/Schema': '~effect/Schema', annotations: undefined, checks: undefined, encoding: undefined, context: { isOptional: false, isMutable: false, constructorDefault: { to: { '~effect/Schema': '~effect/Schema', annotations: undefined, checks: undefined, encoding: undefined, context: undefined, _tag: 'Unknown', constructor: 'Function<Unknown>', getParser: 'Function<getParser>', getExpected: 'Function<getExpected>', toString: 'Function<toString>' }, transformation: { '~effect/SchemaTransformation/Transformation': '~effect/SchemaTransformation/Transformation', _tag: 'Transformation', decode: { run: 'Function<anonymous>', constructor: 'Function<Getter>', map: 'Function<map>', compose: 'Function<compose>', pipe: 'Function<pipe>' }, encode: { run: 'Function<anonymous>', constructor: 'Function<Getter>', map: 'Function<map>', compose: 'Function<compose>', pipe: 'Function<pipe>' }, constructor: 'Function<Transformation>', flip: 'Function<flip>', compose: 'Function<compose>' }, constructor: 'Function<Link>' }, annotations: undefined, constructor: 'Function<Context>' }, _tag: 'Literal', literal: 'TimedOut', constructor: 'Function<Literal>', getParser: 'Function<getParser>', matchPart: 'Function<matchPart>', toCodecJson: 'Function<toCodecJson>', toCodecStringTree: 'Function<toCodecStringTree>', getExpected: 'Function<getExpected>', toString: 'Function<toString>' }, constructor: 'Function<PropertySignature>' }, { name: 'diagnostics', type: { '~effect/Schema': '~effect/Schema', annotations: undefined, checks: undefined, encoding: undefined, context: undefined, _tag: 'Arrays', isMutable: false, elements: [], rest: [ { '~effect/Schema': '~effect/Schema', annotations: undefined, checks: [ { _tag: 'Filter', run: 'Function<anonymous>', annotations: { expected: 'a value with a length of at least 1', representation: { id: 'effect/schema/isMinLength', payload: { minLength: 1 } }, toJsonSchema: 'Function<toJsonSchema>', toCode: 'Function<toCode>', '~structural': true, arbitrary: { constraint: { minLength: 1 } }, brands: [ 'ApplicationExitDiagnostic' ] }, aborted: false, constructor: 'Function<Filter>', annotate: 'Function<annotate>', abort: 'Function<abort>', and: 'Function<and>', pipe: 'Function<pipe>' } ], encoding: undefined, context: undefined, _tag: 'String', constructor: 'Function<String>', getParser: 'Function<getParser>', matchPart: 'Function<matchPart>', getExpected: 'Function<getExpected>', toString: 'Function<toString>' } ], encodingChecks: undefined, constructor: 'Function<Arrays>', getParser: 'Function<getParser>', _rebuild: 'Function<_rebuild>', recur: 'Function<recur>', flip: 'Function<flip>', getExpected: 'Function<getExpected>', toString: 'Function<toString>' }, constructor: 'Function<PropertySignature>' }, { name: 'owners', type: { '~effect/Schema': '~effect/Schema', annotations: undefined, checks: undefined, encoding: undefined, context: { isOptional: true, isMutable: false, constructorDefault: undefined, annotations: undefined, constructor: 'Function<Context>' }, _tag: 'Objects', propertySignatures: [ { name: 'cutoffClosed', type: { '~effect/Schema': '~effect/Schema', annotations: undefined, checks: undefined, encoding: undefined, context: undefined, _tag: 'Boolean', constructor: 'Function<Boolean>', getParser: 'Function<getParser>', getExpected: 'Function<getExpected>', toString: 'Function<toString>' }, constructor: 'Function<PropertySignature>' }, { name: 'owners', type: { '~effect/Schema': '~effect/Schema', annotations: undefined, checks: undefined, encoding: undefined, context: undefined, _tag: 'Arrays', isMutable: false, elements: [], rest: [ { '~effect/Schema': '~effect/Schema', annotations: undefined, checks: undefined, encoding: undefined, context: undefined, _tag: 'Objects', propertySignatures: [ { name: 'ownerId', type: { '~effect/Schema': '~effect/Schema', annotations: undefined, checks: [ { _tag: 'Filter', run: 'Function<anonymous>', annotations: { expected: 'an integer', representation: { id: 'effect/schema/isInt', payload: null }, toJsonSchema: 'Function<toJsonSchema>', toCode: 'Function<toCode>', arbitrary: { constraint: { integer: true } } }, aborted: false, constructor: 'Function<Filter>', annotate: 'Function<annotate>', abort: 'Function<abort>', and: 'Function<and>', pipe: 'Function<pipe>' }, { _tag: 'Filter', run: 'Function<anonymous>', annotations: { expected: 'a value greater than or equal to 0', arbitrary: { constraint: { ordered: { order: 'Function<anonymous>', minimum: +0 } } }, representation: { id: 'effect/schema/isGreaterThanOrEqualTo', payload: { minimum: +0 } }, toJsonSchema: 'Function<toJsonSchema>', toCode: 'Function<toCode>', brands: [ 'ApplicationExitOwnerId' ] }, aborted: false, constructor: 'Function<Filter>', annotate: 'Function<annotate>', abort: 'Function<abort>', and: 'Function<and>', pipe: 'Function<pipe>' } ], encoding: undefined, context: undefined, _tag: 'Number', constructor: 'Function<Number>', getParser: 'Function<getParser>', matchKey: 'Function<matchKey>', matchPart: 'Function<matchPart>', _match: 'Function<_match>', toCodecJson: 'Function<toCodecJson>', toCodecStringTree: 'Function<toCodecStringTree>', getExpected: 'Function<getExpected>', toString: 'Function<toString>' }, constructor: 'Function<PropertySignature>' }, { name: 'family', type: { '~effect/Schema': '~effect/Schema', annotations: undefined, checks: undefined, encoding: undefined, context: undefined, _tag: 'Union', types: [ { '~effect/Schema': '~effect/Schema', annotations: undefined, checks: undefined, encoding: undefined, context: undefined, _tag: 'Literal', literal: 'ForwardOwner', constructor: 'Function<Literal>', getParser: 'Function<getParser>', matchPart: 'Function<matchPart>', toCodecJson: 'Function<toCodecJson>', toCodecStringTree: 'Function<toCodecStringTree>', getExpected: 'Function<getExpected>', toString: 'Function<toString>' }, { '~effect/Schema': '~effect/Schema', annotations: undefined, checks: undefined, encoding: undefined, context: undefined, _tag: 'Literal', literal: 'ExecutorDrain', constructor: 'Function<Literal>', getParser: 'Function<getParser>', matchPart: 'Function<matchPart>', toCodecJson: 'Function<toCodecJson>', toCodecStringTree: 'Function<toCodecStringTree>', getExpected: 'Function<getExpected>', toString: 'Function<toString>' }, { '~effect/Schema': '~effect/Schema', annotations: undefined, checks: undefined, encoding: undefined, context: undefined, _tag: 'Literal', literal: 'LocalDrain', constructor: 'Function<Literal>', getParser: 'Function<getParser>', matchPart: 'Function<matchPart>', toCodecJson: 'Function<toCodecJson>', toCodecStringTree: 'Function<toCodecStringTree>', getExpected: 'Function<getExpected>', toString: 'Function<toString>' } ], mode: 'anyOf', encodingChecks: undefined, constructor: 'Function<Union>', getParser: 'Function<getParser>', _rebuild: 'Function<_rebuild>', recur: 'Function<recur>', flip: 'Function<flip>', matchPart: 'Function<matchPart>', getExpected: 'Function<getExpected>', toString: 'Function<toString>' }, constructor: 'Function<PropertySignature>' }, { name: 'name', type: { '~effect/Schema': '~effect/Schema', annotations: undefined, checks: undefined, encoding: undefined, context: undefined, _tag: 'Union', types: [ { '~effect/Schema': '~effect/Schema', annotations: undefined, checks: undefined, encoding: undefined, context: undefined, _tag: 'Literal', literal: 'ForwardProgress', constructor: 'Function<Literal>', getParser: 'Function<getParser>', matchPart: 'Function<matchPart>', toCodecJson: 'Function<toCodecJson>', toCodecStringTree: 'Function<toCodecStringTree>', getExpected: 'Function<getExpected>', toString: 'Function<toString>' }, { '~effect/Schema': '~effect/Schema', annotations: undefined, checks: undefined, encoding: undefined, context: undefined, _tag: 'Literal', literal: 'ExecutorWork', constructor: 'Function<Literal>', getParser: 'Function<getParser>', matchPart: 'Function<matchPart>', toCodecJson: 'Function<toCodecJson>', toCodecStringTree: 'Function<toCodecStringTree>', getExpected: 'Function<getExpected>', toString: 'Function<toString>' }, { '~effect/Schema': '~effect/Schema', annotations: undefined, checks: undefined, encoding: undefined, context: undefined, _tag: 'Literal', literal: 'HostAcquisition', constructor: 'Function<Literal>', getParser: 'Function<getParser>', matchPart: 'Function<matchPart>', toCodecJson: 'Function<toCodecJson>', toCodecStringTree: 'Function<toCodecStringTree>', getExpected: 'Function<getExpected>', toString: 'Function<toString>' }, { '~effect/Schema': '~effect/Schema', annotations: undefined, checks: undefined, encoding: undefined, context: undefined, _tag: 'Literal', literal: 'CodexProvider', constructor: 'Function<Literal>', getParser: 'Function<getParser>', matchPart: 'Function<matchPart>', toCodecJson: 'Function<toCodecJson>', toCodecStringTree: 'Function<toCodecStringTree>', getExpected: 'Function<getExpected>', toString: 'Function<toString>' }, { '~effect/Schema': '~effect/Schema', annotations: undefined, checks: undefined, encoding: undefined, context: undefined, _tag: 'Literal', literal: 'RunRuntime', constructor: 'Function<Literal>', getParser: 'Function<getParser>', matchPart: 'Function<matchPart>', toCodecJson: 'Function<toCodecJson>', toCodecStringTree: 'Function<toCodecStringTree>', getExpected: 'Function<getExpected>', toString: 'Function<toString>' }, { '~effect/Schema': '~effect/Schema', annotations: undefined, checks: undefined, encoding: undefined, context: undefined, _tag: 'Literal', literal: 'ArchiveMaintenance', constructor: 'Function<Literal>', getParser: 'Function<getParser>', matchPart: 'Function<matchPart>', toCodecJson: 'Function<toCodecJson>', toCodecStringTree: 'Function<toCodecStringTree>', getExpected: 'Function<getExpected>', toString: 'Function<toString>' }, { '~effect/Schema': '~effect/Schema', annotations: undefined, checks: undefined, encoding: undefined, context: undefined, _tag: 'Literal', literal: 'Inspection', constructor: 'Function<Literal>', getParser: 'Function<getParser>', matchPart: 'Function<matchPart>', toCodecJson: 'Function<toCodecJson>', toCodecStringTree: 'Function<toCodecStringTree>', getExpected: 'Function<getExpected>', toString: 'Function<toString>' }, { '~effect/Schema': '~effect/Schema', annotations: undefined, checks: undefined, encoding: undefined, context: undefined, _tag: 'Literal', literal: 'HostWatch', constructor: 'Function<Literal>', getParser: 'Function<getParser>', matchPart: 'Function<matchPart>', toCodecJson: 'Function<toCodecJson>', toCodecStringTree: 'Function<toCodecStringTree>', getExpected: 'Function<getExpected>', toString: 'Function<toString>' }, { '~effect/Schema': '~effect/Schema', annotations: undefined, checks: undefined, encoding: undefined, context: undefined, _tag: 'Literal', literal: 'LocalResources', constructor: 'Function<Literal>', getParser: 'Function<getParser>', matchPart: 'Function<matchPart>', toCodecJson: 'Function<toCodecJson>', toCodecStringTree: 'Function<toCodecStringTree>', getExpected: 'Function<getExpected>', toString: 'Function<toString>' } ], mode: 'anyOf', encodingChecks: undefined, constructor: 'Function<Union>', getParser: 'Function<getParser>', _rebuild: 'Function<_rebuild>', recur: 'Function<recur>', flip: 'Function<flip>', matchPart: 'Function<matchPart>', getExpected: 'Function<getExpected>', toString: 'Function<toString>' }, constructor: 'Function<PropertySignature>' }, { name: 'kind', type: { '~effect/Schema': '~effect/Schema', annotations: undefined, checks: undefined, encoding: undefined, context: undefined, _tag: 'Union', types: [ { '~effect/Schema': '~effect/Schema', annotations: undefined, checks: undefined, encoding: undefined, context: undefined, _tag: 'Literal', literal: 'AtomicBoundary', constructor: 'Function<Literal>', getParser: 'Function<getParser>', matchPart: 'Function<matchPart>', toCodecJson: 'Function<toCodecJson>', toCodecStringTree: 'Function<toCodecStringTree>', getExpected: 'Function<getExpected>', toString: 'Function<toString>' }, { '~effect/Schema': '~effect/Schema', annotations: undefined, checks: undefined, encoding: undefined, context: undefined, _tag: 'Literal', literal: 'AuthorizedRunTerminationAppend', constructor: 'Function<Literal>', getParser: 'Function<getParser>', matchPart: 'Function<matchPart>', toCodecJson: 'Function<toCodecJson>', toCodecStringTree: 'Function<toCodecStringTree>', getExpected: 'Function<getExpected>', toString: 'Function<toString>' }, { '~effect/Schema': '~effect/Schema', annotations: undefined, checks: undefined, encoding: undefined, context: undefined, _tag: 'Literal', literal: 'InterruptibleBoundary', constructor: 'Function<Literal>', getParser: 'Function<getParser>', matchPart: 'Function<matchPart>', toCodecJson: 'Function<toCodecJson>', toCodecStringTree: 'Function<toCodecStringTree>', getExpected: 'Function<getExpected>', toString: 'Function<toString>' }, { '~effect/Schema': '~effect/Schema', annotations: undefined, checks: undefined, encoding: undefined, context: undefined, _tag: 'Literal', literal: 'RunActivation', constructor: 'Function<Literal>', getParser: 'Function<getParser>', matchPart: 'Function<matchPart>', toCodecJson: 'Function<toCodecJson>', toCodecStringTree: 'Function<toCodecStringTree>', getExpected: 'Function<getExpected>', toString: 'Function<toString>' }, { '~effect/Schema': '~effect/Schema', annotations: undefined, checks: undefined, encoding: undefined, context: undefined, _tag: 'Literal', literal: 'ExecutorDrain', constructor: 'Function<Literal>', getParser: 'Function<getParser>', matchPart: 'Function<matchPart>', toCodecJson: 'Function<toCodecJson>', toCodecStringTree: 'Function<toCodecStringTree>', getExpected: 'Function<getExpected>', toString: 'Function<toString>' }, { '~effect/Schema': '~effect/Schema', annotations: undefined, checks: undefined, encoding: undefined, context: undefined, _tag: 'Literal', literal: 'LocalDrain', constructor: 'Function<Literal>', getParser: 'Function<getParser>', matchPart: 'Function<matchPart>', toCodecJson: 'Function<toCodecJson>', toCodecStringTree: 'Function<toCodecStringTree>', getExpected: 'Function<getExpected>', toString: 'Function<toString>' } ], mode: 'anyOf', encodingChecks: undefined, constructor: 'Function<Union>', getParser: 'Function<getParser>', _rebuild: 'Function<_rebuild>', recur: 'Function<recur>', flip: 'Function<flip>', matchPart: 'Function<matchPart>', getExpected: 'Function<getExpected>', toString: 'Function<toString>' }, constructor: 'Function<PropertySignature>' }, { name: 'subject', type: { '~effect/Schema': '~effect/Schema', annotations: undefined, checks: undefined, encoding: undefined, context: undefined, _tag: 'Union', types: [ { '~effect/Schema': '~effect/Schema', annotations: undefined, checks: undefined, encoding: undefined, context: undefined, _tag: 'Objects', propertySignatures: [ { name: '_tag', type: { '~effect/Schema': '~effect/Schema', annotations: undefined, checks: undefined, encoding: undefined, context: { isOptional: false, isMutable: false, constructorDefault: { to: { '~effect/Schema': '~effect/Schema', annotations: undefined, checks: undefined, encoding: undefined, context: undefined, _tag: 'Unknown', constructor: 'Function<Unknown>', getParser: 'Function<getParser>', getExpected: 'Function<getExpected>', toString: 'Function<toString>' }, transformation: { '~effect/SchemaTransformation/Transformation': '~effect/SchemaTransformation/Transformation', _tag: 'Transformation', decode: { run: 'Function<anonymous>', constructor: 'Function<Getter>', map: 'Function<map>', compose: 'Function<compose>', pipe: 'Function<pipe>' }, encode: { run: 'Function<anonymous>', constructor: 'Function<Getter>', map: 'Function<map>', compose: 'Function<compose>', pipe: 'Function<pipe>' }, constructor: 'Function<Transformation>', flip: 'Function<flip>', compose: 'Function<compose>' }, constructor: 'Function<Link>' }, annotations: undefined, constructor: 'Function<Context>' }, _tag: 'Literal', literal: 'NoRun', constructor: 'Function<Literal>', getParser: 'Function<getParser>', matchPart: 'Function<matchPart>', toCodecJson: 'Function<toCodecJson>', toCodecStringTree: 'Function<toCodecStringTree>', getExpected: 'Function<getExpected>', toString: 'Function<toString>' }, constructor: 'Function<PropertySignature>' } ], indexSignatures: [], encodingChecks: undefined, constructor: 'Function<Objects>', getParser: 'Function<getParser>', _rebuild: 'Function<_rebuild>', flip: 'Function<flip>', recur: 'Function<recur>', getExpected: 'Function<getExpected>', toString: 'Function<toString>' }, { '~effect/Schema': '~effect/Schema', annotations: undefined, checks: undefined, encoding: undefined, context: undefined, _tag: 'Objects', propertySignatures: [ { name: '_tag', type: { '~effect/Schema': '~effect/Schema', annotations: undefined, checks: undefined, encoding: undefined, context: { isOptional: false, isMutable: false, constructorDefault: { to: { '~effect/Schema': '~effect/Schema', annotations: undefined, checks: undefined, encoding: undefined, context: undefined, _tag: 'Unknown', constructor: 'Function<Unknown>', getParser: 'Function<getParser>', getExpected: 'Function<getExpected>', toString: 'Function<toString>' }, transformation: { '~effect/SchemaTransformation/Transformation': '~effect/SchemaTransformation/Transformation', _tag: 'Transformation', decode: { run: 'Function<anonymous>', constructor: 'Function<Getter>', map: 'Function<map>', compose: 'Function<compose>', pipe: 'Function<pipe>' }, encode: { run: 'Function<anonymous>', constructor: 'Function<Getter>', map: 'Function<map>', compose: 'Function<compose>', pipe: 'Function<pipe>' }, constructor: 'Function<Transformation>', flip: 'Function<flip>', compose: 'Function<compose>' }, constructor: 'Function<Link>' }, annotations: undefined, constructor: 'Function<Context>' }, _tag: 'Literal', literal: 'Run', constructor: 'Function<Literal>', getParser: 'Function<getParser>', matchPart: 'Function<matchPart>', toCodecJson: 'Function<toCodecJson>', toCodecStringTree: 'Function<toCodecStringTree>', getExpected: 'Function<getExpected>', toString: 'Function<toString>' }, constructor: 'Function<PropertySignature>' }, { name: 'runId', type: { '~effect/Schema': '~effect/Schema', annotations: undefined, checks: [ { _tag: 'Filter', run: 'Function<anonymous>', annotations: { expected: 'a value with a length of at least 1', representation: { id: 'effect/schema/isMinLength', payload: { minLength: 1 } }, toJsonSchema: 'Function<toJsonSchema>', toCode: 'Function<toCode>', '~structural': true, arbitrary: { constraint: { minLength: 1 } }, brands: [ 'RunId' ] }, aborted: false, constructor: 'Function<Filter>', annotate: 'Function<annotate>', abort: 'Function<abort>', and: 'Function<and>', pipe: 'Function<pipe>' } ], encoding: undefined, context: undefined, _tag: 'String', constructor: 'Function<String>', getParser: 'Function<getParser>', matchPart: 'Function<matchPart>', getExpected: 'Function<getExpected>', toString: 'Function<toString>' }, constructor: 'Function<PropertySignature>' } ], indexSignatures: [], encodingChecks: undefined, constructor: 'Function<Objects>', getParser: 'Function<getParser>', _rebuild: 'Function<_rebuild>', flip: 'Function<flip>', recur: 'Function<recur>', getExpected: 'Function<getExpected>', toString: 'Function<toString>' }, { '~effect/Schema': '~effect/Schema', annotations: undefined, checks: undefined, encoding: undefined, context: undefined, _tag: 'Objects', propertySignatures: [ { name: '_tag', type: { '~effect/Schema': '~effect/Schema', annotations: undefined, checks: undefined, encoding: undefined, context: { isOptional: false, isMutable: false, constructorDefault: { to: { '~effect/Schema': '~effect/Schema', annotations: undefined, checks: undefined, encoding: undefined, context: undefined, _tag: 'Unknown', constructor: 'Function<Unknown>', getParser: 'Function<getParser>', getExpected: 'Function<getExpected>', toString: 'Function<toString>' }, transformation: { '~effect/SchemaTransformation/Transformation': '~effect/SchemaTransformation/Transformation', _tag: 'Transformation', decode: { run: 'Function<anonymous>', constructor: 'Function<Getter>', map: 'Function<map>', compose: 'Function<compose>', pipe: 'Function<pipe>' }, encode: { run: 'Function<anonymous>', constructor: 'Function<Getter>', map: 'Function<map>', compose: 'Function<compose>', pipe: 'Function<pipe>' }, constructor: 'Function<Transformation>', flip: 'Function<flip>', compose: 'Function<compose>' }, constructor: 'Function<Link>' }, annotations: undefined, constructor: 'Function<Context>' }, _tag: 'Literal', literal: 'Task', constructor: 'Function<Literal>', getParser: 'Function<getParser>', matchPart: 'Function<matchPart>', toCodecJson: 'Function<toCodecJson>', toCodecStringTree: 'Function<toCodecStringTree>', getExpected: 'Function<getExpected>', toString: 'Function<toString>' }, constructor: 'Function<PropertySignature>' }, { name: 'runId', type: { '~effect/Schema': '~effect/Schema', annotations: undefined, checks: [ { _tag: 'Filter', run: 'Function<anonymous>', annotations: { expected: 'a value with a length of at least 1', representation: { id: 'effect/schema/isMinLength', payload: { minLength: 1 } }, toJsonSchema: 'Function<toJsonSchema>', toCode: 'Function<toCode>', '~structural': true, arbitrary: { constraint: { minLength: 1 } }, brands: [ 'RunId' ] }, aborted: false, constructor: 'Function<Filter>', annotate: 'Function<annotate>', abort: 'Function<abort>', and: 'Function<and>', pipe: 'Function<pipe>' } ], encoding: undefined, context: undefined, _tag: 'String', constructor: 'Function<String>', getParser: 'Function<getParser>', matchPart: 'Function<matchPart>', getExpected: 'Function<getExpected>', toString: 'Function<toString>' }, constructor: 'Function<PropertySignature>' }, { name: 'taskId', type: { '~effect/Schema': '~effect/Schema', annotations: undefined, checks: [ { _tag: 'Filter', run: 'Function<anonymous>', annotations: { expected: 'a value with a length of at least 1', representation: { id: 'effect/schema/isMinLength', payload: { minLength: 1 } }, toJsonSchema: 'Function<toJsonSchema>', toCode: 'Function<toCode>', '~structural': true, arbitrary: { constraint: { minLength: 1 } }, brands: [ 'TaskId' ] }, aborted: false, constructor: 'Function<Filter>', annotate: 'Function<annotate>', abort: 'Function<abort>', and: 'Function<and>', pipe: 'Function<pipe>' } ], encoding: undefined, context: undefined, _tag: 'String', constructor: 'Function<String>', getParser: 'Function<getParser>', matchPart: 'Function<matchPart>', getExpected: 'Function<getExpected>', toString: 'Function<toString>' }, constructor: 'Function<PropertySignature>' } ], indexSignatures: [], encodingChecks: undefined, constructor: 'Function<Objects>', getParser: 'Function<getParser>', _rebuild: 'Function<_rebuild>', flip: 'Function<flip>', recur: 'Function<recur>', getExpected: 'Function<getExpected>', toString: 'Function<toString>' }, { '~effect/Schema': '~effect/Schema', annotations: undefined, checks: undefined, encoding: undefined, context: undefined, _tag: 'Objects', propertySignatures: [ { name: '_tag', type: { '~effect/Schema': '~effect/Schema', annotations: undefined, checks: undefined, encoding: undefined, context: { isOptional: false, isMutable: false, constructorDefault: { to: { '~effect/Schema': '~effect/Schema', annotations: undefined, checks: undefined, encoding: undefined, context: undefined, _tag: 'Unknown', constructor: 'Function<Unknown>', getParser: 'Function<getParser>', getExpected: 'Function<getExpected>', toString: 'Function<toString>' }, transformation: { '~effect/SchemaTransformation/Transformation': '~effect/SchemaTransformation/Transformation', _tag: 'Transformation', decode: { run: 'Function<anonymous>', constructor: 'Function<Getter>', map: 'Function<map>', compose: 'Function<compose>', pipe: 'Function<pipe>' }, encode: { run: 'Function<anonymous>', constructor: 'Function<Getter>', map: 'Function<map>', compose: 'Function<compose>', pipe: 'Function<pipe>' }, constructor: 'Function<Transformation>', flip: 'Function<flip>', compose: 'Function<compose>' }, constructor: 'Function<Link>' }, annotations: undefined, constructor: 'Function<Context>' }, _tag: 'Literal', literal: 'ExecutorAttempt', constructor: 'Function<Literal>', getParser: 'Function<getParser>', matchPart: 'Function<matchPart>', toCodecJson: 'Function<toCodecJson>', toCodecStringTree: 'Function<toCodecStringTree>', getExpected: 'Function<getExpected>', toString: 'Function<toString>' }, constructor: 'Function<PropertySignature>' }, { name: 'correlation', type: { '~effect/Schema': '~effect/Schema', annotations: undefined, checks: undefined, encoding: undefined, context: undefined, _tag: 'Objects', propertySignatures: [ { name: 'attemptId', type: { '~effect/Schema': '~effect/Schema', annotations: undefined, checks: [ { _tag: 'Filter', run: 'Function<anonymous>', annotations: { expected: 'a value with a length of at least 1', representation: { id: 'effect/schema/isMinLength', payload: { minLength: 1 } }, toJsonSchema: 'Function<toJsonSchema>', toCode: 'Function<toCode>', '~structural': true, arbitrary: { constraint: { minLength: 1 } }, brands: [ 'AttemptId' ] }, aborted: false, constructor: 'Function<Filter>', annotate: 'Function<annotate>', abort: 'Function<abort>', and: 'Function<and>', pipe: 'Function<pipe>' } ], encoding: undefined, context: undefined, _tag: 'String', constructor: 'Function<String>', getParser: 'Function<getParser>', matchPart: 'Function<matchPart>', getExpected: 'Function<getExpected>', toString: 'Function<toString>' }, constructor: 'Function<PropertySignature>' }, { name: 'runId', type: { '~effect/Schema': '~effect/Schema', annotations: undefined, checks: [ { _tag: 'Filter', run: 'Function<anonymous>', annotations: { expected: 'a value with a length of at least 1', representation: { id: 'effect/schema/isMinLength', payload: { minLength: 1 } }, toJsonSchema: 'Function<toJsonSchema>', toCode: 'Function<toCode>', '~structural': true, arbitrary: { constraint: { minLength: 1 } }, brands: [ 'RunId' ] }, aborted: false, constructor: 'Function<Filter>', annotate: 'Function<annotate>', abort: 'Function<abort>', and: 'Function<and>', pipe: 'Function<pipe>' } ], encoding: undefined, context: undefined, _tag: 'String', constructor: 'Function<String>', getParser: 'Function<getParser>', matchPart: 'Function<matchPart>', getExpected: 'Function<getExpected>', toString: 'Function<toString>' }, constructor: 'Function<PropertySignature>' } ], indexSignatures: [], encodingChecks: undefined, constructor: 'Function<Objects>', getParser: 'Function<getParser>', _rebuild: 'Function<_rebuild>', flip: 'Function<flip>', recur: 'Function<recur>', getExpected: 'Function<getExpected>', toString: 'Function<toString>' }, constructor: 'Function<PropertySignature>' } ], indexSignatures: [], encodingChecks: undefined, constructor: 'Function<Objects>', getParser: 'Function<getParser>', _rebuild: 'Function<_rebuild>', flip: 'Function<flip>', recur: 'Function<recur>', getExpected: 'Function<getExpected>', toString: 'Function<toString>' } ], mode: 'anyOf', encodingChecks: undefined, constructor: 'Function<Union>', getParser: 'Function<getParser>', _rebuild: 'Function<_rebuild>', recur: 'Function<recur>', flip: 'Function<flip>', matchPart: 'Function<matchPart>', getExpected: 'Function<getExpected>', toString: 'Function<toString>' }, constructor: 'Function<PropertySignature>' }, { name: 'evidence', type: { '~effect/Schema': '~effect/Schema', annotations: undefined, checks: undefined, encoding: undefined, context: undefined, _tag: 'Union', types: [ { '~effect/Schema': '~effect/Schema', annotations: undefined, checks: undefined, encoding: undefined, context: undefined, _tag: 'Literal', literal: 'Preparing', constructor: 'Function<Literal>', getParser: 'Function<getParser>', matchPart: 'Function<matchPart>', toCodecJson: 'Function<toCodecJson>', toCodecStringTree: 'Function<toCodecStringTree>', getExpected: 'Function<getExpected>', toString: 'Function<toString>' }, { '~effect/Schema': '~effect/Schema', annotations: undefined, checks: undefined, encoding: undefined, context: undefined, _tag: 'Literal', literal: 'Registered', constructor: 'Function<Literal>', getParser: 'Function<getParser>', matchPart: 'Function<matchPart>', toCodecJson: 'Function<toCodecJson>', toCodecStringTree: 'Function<toCodecStringTree>', getExpected: 'Function<getExpected>', toString: 'Function<toString>' }, { '~effect/Schema': '~effect/Schema', annotations: undefined, checks: undefined, encoding: undefined, context: undefined, _tag: 'Literal', literal: 'AwaitingBoundaryResult', constructor: 'Function<Literal>', getParser: 'Function<getParser>', matchPart: 'Function<matchPart>', toCodecJson: 'Function<toCodecJson>', toCodecStringTree: 'Function<toCodecStringTree>', getExpected: 'Function<getExpected>', toString: 'Function<toString>' }, { '~effect/Schema': '~effect/Schema', annotations: undefined, checks: undefined, encoding: undefined, context: undefined, _tag: 'Literal', literal: 'BoundaryResultProduced', constructor: 'Function<Literal>', getParser: 'Function<getParser>', matchPart: 'Function<matchPart>', toCodecJson: 'Function<toCodecJson>', toCodecStringTree: 'Function<toCodecStringTree>', getExpected: 'Function<getExpected>', toString: 'Function<toString>' }, { '~effect/Schema': '~effect/Schema', annotations: undefined, checks: undefined, encoding: undefined, context: undefined, _tag: 'Literal', literal: 'BoundaryResultRecorded', constructor: 'Function<Literal>', getParser: 'Function<getParser>', matchPart: 'Function<matchPart>', toCodecJson: 'Function<toCodecJson>', toCodecStringTree: 'Function<toCodecStringTree>', getExpected: 'Function<getExpected>', toString: 'Function<toString>' }, { '~effect/Schema': '~effect/Schema', annotations: undefined, checks: undefined, encoding: undefined, context: undefined, _tag: 'Literal', literal: 'RecoverableAmbiguity', constructor: 'Function<Literal>', getParser: 'Function<getParser>', matchPart: 'Function<matchPart>', toCodecJson: 'Function<toCodecJson>', toCodecStringTree: 'Function<toCodecStringTree>', getExpected: 'Function<getExpected>', toString: 'Function<toString>' }, { '~effect/Schema': '~effect/Schema', annotations: undefined, checks: undefined, encoding: undefined, context: undefined, _tag: 'Literal', literal: 'DrainRegistered', constructor: 'Function<Literal>', getParser: 'Function<getParser>', matchPart: 'Function<matchPart>', toCodecJson: 'Function<toCodecJson>', toCodecStringTree: 'Function<toCodecStringTree>', getExpected: 'Function<getExpected>', toString: 'Function<toString>' }, { '~effect/Schema': '~effect/Schema', annotations: undefined, checks: undefined, encoding: undefined, context: undefined, _tag: 'Literal', literal: 'DrainPending', constructor: 'Function<Literal>', getParser: 'Function<getParser>', matchPart: 'Function<matchPart>', toCodecJson: 'Function<toCodecJson>', toCodecStringTree: 'Function<toCodecStringTree>', getExpected: 'Function<getExpected>', toString: 'Function<toString>' }, { '~effect/Schema': '~effect/Schema', annotations: undefined, checks: undefined, encoding: undefined, context: undefined, _tag: 'Literal', literal: 'DrainSucceeded', constructor: 'Function<Literal>', getParser: 'Function<getParser>', matchPart: 'Function<matchPart>', toCodecJson: 'Function<toCodecJson>', toCodecStringTree: 'Function<toCodecStringTree>', getExpected: 'Function<getExpected>', toString: 'Function<toString>' }, { '~effect/Schema': '~effect/Schema', annotations: undefined, checks: undefined, encoding: undefined, context: undefined, _tag: 'Literal', literal: 'DrainFailed', constructor: 'Function<Literal>', getParser: 'Function<getParser>', matchPart: 'Function<matchPart>', toCodecJson: 'Function<toCodecJson>', toCodecStringTree: 'Function<toCodecStringTree>', getExpected: 'Function<getExpected>', toString: 'Function<toString>' } ], mode: 'anyOf', encodingChecks: undefined, constructor: 'Function<Union>', getParser: 'Function<getParser>', _rebuild: 'Function<_rebuild>', recur: 'Function<recur>', flip: 'Function<flip>', matchPart: 'Function<matchPart>', getExpected: 'Function<getExpected>', toString: 'Function<toString>' }, constructor: 'Function<PropertySignature>' }, { name: 'boundary', type: { '~effect/Schema': '~effect/Schema', annotations: undefined, checks: undefined, encoding: undefined, context: undefined, _tag: 'Union', types: [ { '~effect/Schema': '~effect/Schema', annotations: undefined, checks: undefined, encoding: undefined, context: undefined, _tag: 'Objects', propertySignatures: [ { name: 'family', type: { '~effect/Schema': '~effect/Schema', annotations: undefined, checks: undefined, encoding: undefined, context: undefined, _tag: 'Union', types: [ { '~effect/Schema': '~effect/Schema', annotations: undefined, checks: undefined, encoding: undefined, context: undefined, _tag: 'Literal', literal: 'Git', constructor: 'Function<Literal>', getParser: 'Function<getParser>', matchPart: 'Function<matchPart>', toCodecJson: 'Function<toCodecJson>', toCodecStringTree: 'Function<toCodecStringTree>', getExpected: 'Function<getExpected>', toString: 'Function<toString>' }, { '~effect/Schema': '~effect/Schema', annotations: undefined, checks: undefined, encoding: undefined, context: undefined, _tag: 'Literal', literal: 'TaskTracker', constructor: 'Function<Literal>', getParser: 'Function<getParser>', matchPart: 'Function<matchPart>', toCodecJson: 'Function<toCodecJson>', toCodecStringTree: 'Function<toCodecStringTree>', getExpected: 'Function<getExpected>', toString: 'Function<toString>' } ], mode: 'anyOf', encodingChecks: undefined, constructor: 'Function<Union>', getParser: 'Function<getParser>', _rebuild: 'Function<_rebuild>', recur: 'Function<recur>', flip: 'Function<flip>', matchPart: 'Function<matchPart>', getExpected: 'Function<getExpected>', toString: 'Function<toString>' }, constructor: 'Function<PropertySignature>' }, { name: 'operationIds', type: { '~effect/Schema': '~effect/Schema', annotations: undefined, checks: undefined, encoding: undefined, context: undefined, _tag: 'Arrays', isMutable: false, elements: [], rest: [ { '~effect/Schema': '~effect/Schema', annotations: undefined, checks: [ { _tag: 'Filter', run: 'Function<anonymous>', annotations: { expected: 'a value with a length of at least 1', representation: { id: 'effect/schema/isMinLength', payload: { minLength: 1 } }, toJsonSchema: 'Function<toJsonSchema>', toCode: 'Function<toCode>', '~structural': true, arbitrary: { constraint: { minLength: 1 } }, brands: [ 'OperationId' ] }, aborted: false, constructor: 'Function<Filter>', annotate: 'Function<annotate>', abort: 'Function<abort>', and: 'Function<and>', pipe: 'Function<pipe>' } ], encoding: undefined, context: undefined, _tag: 'String', constructor: 'Function<String>', getParser: 'Function<getParser>', matchPart: 'Function<matchPart>', getExpected: 'Function<getExpected>', toString: 'Function<toString>' } ], encodingChecks: undefined, constructor: 'Function<Arrays>', getParser: 'Function<getParser>', _rebuild: 'Function<_rebuild>', recur: 'Function<recur>', flip: 'Function<flip>', getExpected: 'Function<getExpected>', toString: 'Function<toString>' }, constructor: 'Function<PropertySignature>' }, { name: 'baseline', type: { '~effect/Schema': '~effect/Schema', annotations: undefined, checks: undefined, encoding: undefined, context: undefined, _tag: 'Union', types: [ { '~effect/Schema': '~effect/Schema', annotations: undefined, checks: undefined, encoding: undefined, context: undefined, _tag: 'Objects', propertySignatures: [ { name: 'runId', type: { '~effect/Schema': '~effect/Schema', annotations: undefined, checks: [ { _tag: 'Filter', run: 'Function<anonymous>', annotations: { expected: 'a value with a length of at least 1', representation: { id: 'effect/schema/isMinLength', payload: { minLength: 1 } }, toJsonSchema: 'Function<toJsonSchema>', toCode: 'Function<toCode>', '~structural': true, arbitrary: { constraint: { minLength: 1 } }, brands: [ 'RunId' ] }, aborted: false, constructor: 'Function<Filter>', annotate: 'Function<annotate>', abort: 'Function<abort>', and: 'Function<and>', pipe: 'Function<pipe>' } ], encoding: undefined, context: undefined, _tag: 'String', constructor: 'Function<String>', getParser: 'Function<getParser>', matchPart: 'Function<matchPart>', getExpected: 'Function<getExpected>', toString: 'Function<toString>' }, constructor: 'Function<PropertySignature>' }, { name: 'attemptId', type: { '~effect/Schema': '~effect/Schema', annotations: undefined, checks: [ { _tag: 'Filter', run: 'Function<anonymous>', annotations: { expected: 'a value with a length of at least 1', representation: { id: 'effect/schema/isMinLength', payload: { minLength: 1 } }, toJsonSchema: 'Function<toJsonSchema>', toCode: 'Function<toCode>', '~structural': true, arbitrary: { constraint: { minLength: 1 } }, brands: [ 'AttemptId' ] }, aborted: false, constructor: 'Function<Filter>', annotate: 'Function<annotate>', abort: 'Function<abort>', and: 'Function<and>', pipe: 'Function<pipe>' } ], encoding: undefined, context: undefined, _tag: 'String', constructor: 'Function<String>', getParser: 'Function<getParser>', matchPart: 'Function<matchPart>', getExpected: 'Function<getExpected>', toString: 'Function<toString>' }, constructor: 'Function<PropertySignature>' }, { name: 'round', type: { '~effect/Schema': '~effect/Schema', annotations: undefined, checks: undefined, encoding: undefined, context: undefined, _tag: 'Union', types: [ { '~effect/Schema': '~effect/Schema', annotations: undefined, checks: [ { _tag: 'Filter', run: 'Function<anonymous>', annotations: { expected: 'an integer', representation: { id: 'effect/schema/isInt', payload: null }, toJsonSchema: 'Function<toJsonSchema>', toCode: 'Function<toCode>', arbitrary: { constraint: { integer: true } } }, aborted: false, constructor: 'Function<Filter>', annotate: 'Function<annotate>', abort: 'Function<abort>', and: 'Function<and>', pipe: 'Function<pipe>' }, { _tag: 'Filter', run: 'Function<anonymous>', annotations: { expected: 'a value greater than or equal to 1', arbitrary: { constraint: { ordered: { order: 'Function<anonymous>', minimum: 1 } } }, representation: { id: 'effect/schema/isGreaterThanOrEqualTo', payload: { minimum: 1 } }, toJsonSchema: 'Function<toJsonSchema>', toCode: 'Function<toCode>' }, aborted: false, constructor: 'Function<Filter>', annotate: 'Function<annotate>', abort: 'Function<abort>', and: 'Function<and>', pipe: 'Function<pipe>' } ], encoding: undefined, context: undefined, _tag: 'Number', constructor: 'Function<Number>', getParser: 'Function<getParser>', matchKey: 'Function<matchKey>', matchPart: 'Function<matchPart>', _match: 'Function<_match>', toCodecJson: 'Function<toCodecJson>', toCodecStringTree: 'Function<toCodecStringTree>', getExpected: 'Function<getExpected>', toString: 'Function<toString>' }, { '~effect/Schema': '~effect/Schema', annotations: undefined, checks: undefined, encoding: undefined, context: undefined, _tag: 'Null', constructor: 'Function<Null>', getParser: 'Function<getParser>', getExpected: 'Function<getExpected>', toString: 'Function<toString>' } ], mode: 'anyOf', encodingChecks: undefined, constructor: 'Function<Union>', getParser: 'Function<getParser>', _rebuild: 'Function<_rebuild>', recur: 'Function<recur>', flip: 'Function<flip>', matchPart: 'Function<matchPart>', getExpected: 'Function<getExpected>', toString: 'Function<toString>' }, constructor: 'Function<PropertySignature>' } ], indexSignatures: [], encodingChecks: undefined, constructor: 'Function<Objects>', getParser: 'Function<getParser>', _rebuild: 'Function<_rebuild>', flip: 'Function<flip>', recur: 'Function<recur>', getExpected: 'Function<getExpected>', toString: 'Function<toString>' }, { '~effect/Schema': '~effect/Schema', annotations: undefined, checks: undefined, encoding: undefined, context: undefined, _tag: 'Null', constructor: 'Function<Null>', getParser: 'Function<getParser>', getExpected: 'Function<getExpected>', toString: 'Function<toString>' } ], mode: 'anyOf', encodingChecks: undefined, constructor: 'Function<Union>', getParser: 'Function<getParser>', _rebuild: 'Function<_rebuild>', recur: 'Function<recur>', flip: 'Function<flip>', matchPart: 'Function<matchPart>', getExpected: 'Function<getExpected>', toString: 'Function<toString>' }, constructor: 'Function<PropertySignature>' } ], indexSignatures: [], encodingChecks: undefined, constructor: 'Function<Objects>', getParser: 'Function<getParser>', _rebuild: 'Function<_rebuild>', flip: 'Function<flip>', recur: 'Function<recur>', getExpected: 'Function<getExpected>', toString: 'Function<toString>' }, { '~effect/Schema': '~effect/Schema', annotations: undefined, checks: undefined, encoding: undefined, context: undefined, _tag: 'Null', constructor: 'Function<Null>', getParser: 'Function<getParser>', getExpected: 'Function<getExpected>', toString: 'Function<toString>' } ], mode: 'anyOf', encodingChecks: undefined, constructor: 'Function<Union>', getParser: 'Function<getParser>', _rebuild: 'Function<_rebuild>', recur: 'Function<recur>', flip: 'Function<flip>', matchPart: 'Function<matchPart>', getExpected: 'Function<getExpected>', toString: 'Function<toString>' }, constructor: 'Function<PropertySignature>' }, { name: 'missingEvidence', type: { '~effect/Schema': '~effect/Schema', annotations: undefined, checks: undefined, encoding: undefined, context: undefined, _tag: 'Union', types: [ { '~effect/Schema': '~effect/Schema', annotations: undefined, checks: undefined, encoding: undefined, context: undefined, _tag: 'Literal', literal: 'OwnerRelease', constructor: 'Function<Literal>', getParser: 'Function<getParser>', matchPart: 'Function<matchPart>', toCodecJson: 'Function<toCodecJson>', toCodecStringTree: 'Function<toCodecStringTree>', getExpected: 'Function<getExpected>', toString: 'Function<toString>' }, { '~effect/Schema': '~effect/Schema', annotations: undefined, checks: undefined, encoding: undefined, context: undefined, _tag: 'Literal', literal: 'BoundaryObservation', constructor: 'Function<Literal>', getParser: 'Function<getParser>', matchPart: 'Function<matchPart>', toCodecJson: 'Function<toCodecJson>', toCodecStringTree: 'Function<toCodecStringTree>', getExpected: 'Function<getExpected>', toString: 'Function<toString>' }, { '~effect/Schema': '~effect/Schema', annotations: undefined, checks: undefined, encoding: undefined, context: undefined, _tag: 'Literal', literal: 'JournalAcknowledgement', constructor: 'Function<Literal>', getParser: 'Function<getParser>', matchPart: 'Function<matchPart>', toCodecJson: 'Function<toCodecJson>', toCodecStringTree: 'Function<toCodecStringTree>', getExpected: 'Function<getExpected>', toString: 'Function<toString>' }, { '~effect/Schema': '~effect/Schema', annotations: undefined, checks: undefined, encoding: undefined, context: undefined, _tag: 'Literal', literal: 'CorrelatedExecutorSettlement', constructor: 'Function<Literal>', getParser: 'Function<getParser>', matchPart: 'Function<matchPart>', toCodecJson: 'Function<toCodecJson>', toCodecStringTree: 'Function<toCodecStringTree>', getExpected: 'Function<getExpected>', toString: 'Function<toString>' }, { '~effect/Schema': '~effect/Schema', annotations: undefined, checks: undefined, encoding: undefined, context: undefined, _tag: 'Literal', literal: 'LocalCloseAcknowledgement', constructor: 'Function<Literal>', getParser: 'Function<getParser>', matchPart: 'Function<matchPart>', toCodecJson: 'Function<toCodecJson>', toCodecStringTree: 'Function<toCodecStringTree>', getExpected: 'Function<getExpected>', toString: 'Function<toString>' }, { '~effect/Schema': '~effect/Schema', annotations: undefined, checks: undefined, encoding: undefined, context: undefined, _tag: 'Literal', literal: 'None', constructor: 'Function<Literal>', getParser: 'Function<getParser>', matchPart: 'Function<matchPart>', toCodecJson: 'Function<toCodecJson>', toCodecStringTree: 'Function<toCodecStringTree>', getExpected: 'Function<getExpected>', toString: 'Function<toString>' } ], mode: 'anyOf', encodingChecks: undefined, constructor: 'Function<Union>', getParser: 'Function<getParser>', _rebuild: 'Function<_rebuild>', recur: 'Function<recur>', flip: 'Function<flip>', matchPart: 'Function<matchPart>', getExpected: 'Function<getExpected>', toString: 'Function<toString>' }, constructor: 'Function<PropertySignature>' }, { name: 'nextAction', type: { '~effect/Schema': '~effect/Schema', annotations: undefined, checks: undefined, encoding: undefined, context: undefined, _tag: 'Union', types: [ { '~effect/Schema': '~effect/Schema', annotations: undefined, checks: undefined, encoding: undefined, context: undefined, _tag: 'Literal', literal: 'AwaitOwnerRelease', constructor: 'Function<Literal>', getParser: 'Function<getParser>', matchPart: 'Function<matchPart>', toCodecJson: 'Function<toCodecJson>', toCodecStringTree: 'Function<toCodecStringTree>', getExpected: 'Function<getExpected>', toString: 'Function<toString>' }, { '~effect/Schema': '~effect/Schema', annotations: undefined, checks: undefined, encoding: undefined, context: undefined, _tag: 'Literal', literal: 'ReconcileOriginalAuthorityBeforeRetry', constructor: 'Function<Literal>', getParser: 'Function<getParser>', matchPart: 'Function<matchPart>', toCodecJson: 'Function<toCodecJson>', toCodecStringTree: 'Function<toCodecStringTree>', getExpected: 'Function<getExpected>', toString: 'Function<toString>' }, { '~effect/Schema': '~effect/Schema', annotations: undefined, checks: undefined, encoding: undefined, context: undefined, _tag: 'Literal', literal: 'AwaitJournalAcknowledgement', constructor: 'Function<Literal>', getParser: 'Function<getParser>', matchPart: 'Function<matchPart>', toCodecJson: 'Function<toCodecJson>', toCodecStringTree: 'Function<toCodecStringTree>', getExpected: 'Function<getExpected>', toString: 'Function<toString>' }, { '~effect/Schema': '~effect/Schema', annotations: undefined, checks: undefined, encoding: undefined, context: undefined, _tag: 'Literal', literal: 'AwaitCorrelatedExecutorSettlement', constructor: 'Function<Literal>', getParser: 'Function<getParser>', matchPart: 'Function<matchPart>', toCodecJson: 'Function<toCodecJson>', toCodecStringTree: 'Function<toCodecStringTree>', getExpected: 'Function<getExpected>', toString: 'Function<toString>' }, { '~effect/Schema': '~effect/Schema', annotations: undefined, checks: undefined, encoding: undefined, context: undefined, _tag: 'Literal', literal: 'AwaitLocalClose', constructor: 'Function<Literal>', getParser: 'Function<getParser>', matchPart: 'Function<matchPart>', toCodecJson: 'Function<toCodecJson>', toCodecStringTree: 'Function<toCodecStringTree>', getExpected: 'Function<getExpected>', toString: 'Function<toString>' }, { '~effect/Schema': '~effect/Schema', annotations: undefined, checks: undefined, encoding: undefined, context: undefined, _tag: 'Literal', literal: 'InspectDrainFailure', constructor: 'Function<Literal>', getParser: 'Function<getParser>', matchPart: 'Function<matchPart>', toCodecJson: 'Function<toCodecJson>', toCodecStringTree: 'Function<toCodecStringTree>', getExpected: 'Function<getExpected>', toString: 'Function<toString>' }, { '~effect/Schema': '~effect/Schema', annotations: undefined, checks: undefined, encoding: undefined, context: undefined, _tag: 'Literal', literal: 'None', constructor: 'Function<Literal>', getParser: 'Function<getParser>', matchPart: 'Function<matchPart>', toCodecJson: 'Function<toCodecJson>', toCodecStringTree: 'Function<toCodecStringTree>', getExpected: 'Function<getExpected>', toString: 'Function<toString>' } ], mode: 'anyOf', encodingChecks: undefined, constructor: 'Function<Union>', getParser: 'Function<getParser>', _rebuild: 'Function<_rebuild>', recur: 'Function<recur>', flip: 'Function<flip>', matchPart: 'Function<matchPart>', getExpected: 'Function<getExpected>', toString: 'Function<toString>' }, constructor: 'Function<PropertySignature>' } ], indexSignatures: [], encodingChecks: undefined, constructor: 'Function<Objects>', getParser: 'Function<getParser>', _rebuild: 'Function<_rebuild>', flip: 'Function<flip>', recur: 'Function<recur>', getExpected: 'Function<getExpected>', toString: 'Function<toString>' } ], encodingChecks: undefined, constructor: 'Function<Arrays>', getParser: 'Function<getParser>', _rebuild: 'Function<_rebuild>', recur: 'Function<recur>', flip: 'Function<flip>', getExpected: 'Function<getExpected>', toString: 'Function<toString>' }, constructor: 'Function<PropertySignature>' } ], indexSignatures: [], encodingChecks: undefined, constructor: 'Function<Objects>', getParser: 'Function<getParser>', _rebuild: 'Function<_rebuild>', flip: 'Function<flip>', recur: 'Function<recur>', getExpected: 'Function<getExpected>', toString: 'Function<toString>' }, constructor: 'Function<PropertySignature>' }, { name: 'requestedStatus', type: { '~effect/Schema': '~effect/Schema', annotations: undefined, checks: undefined, encoding: undefined, context: undefined, _tag: 'Literal', literal: 1, constructor: 'Function<Literal>', getParser: 'Function<getParser>', matchPart: 'Function<matchPart>', toCodecJson: 'Function<toCodecJson>', toCodecStringTree: 'Function<toCodecStringTree>', getExpected: 'Function<getExpected>', toString: 'Function<toString>' }, constructor: 'Function<PropertySignature>' } ], indexSignatures: [], encodingChecks: undefined, constructor: 'Function<Objects>', getParser: 'Function<getParser>', _rebuild: 'Function<_rebuild>', flip: 'Function<flip>', recur: 'Function<recur>', getExpected: 'Function<getExpected>', toString: 'Function<toString>' }, issues: [ { '~effect/SchemaIssue/Issue': '~effect/SchemaIssue/Issue', _tag: 'Pointer', path: [ '_tag' ], issue: { '~effect/SchemaIssue/Issue': '~effect/SchemaIssue/Issue', _tag: 'InvalidType', ast: { '~effect/Schema': '~effect/Schema', annotations: undefined, checks: undefined, encoding: undefined, context: { isOptional: false, isMutable: false, constructorDefault: { to: { '~effect/Schema': '~effect/Schema', annotations: undefined, checks: undefined, encoding: undefined, context: undefined, _tag: 'Unknown', constructor: 'Function<Unknown>', getParser: 'Function<getParser>', getExpected: 'Function<getExpected>', toString: 'Function<toString>' }, transformation: { '~effect/SchemaTransformation/Transformation': '~effect/SchemaTransformation/Transformation', _tag: 'Transformation', decode: { run: 'Function<anonymous>', constructor: 'Function<Getter>', map: 'Function<map>', compose: 'Function<compose>', pipe: 'Function<pipe>' }, encode: { run: 'Function<anonymous>', constructor: 'Function<Getter>', map: 'Function<map>', compose: 'Function<compose>', pipe: 'Function<pipe>' }, constructor: 'Function<Transformation>', flip: 'Function<flip>', compose: 'Function<compose>' }, constructor: 'Function<Link>' }, annotations: undefined, constructor: 'Function<Context>' }, _tag: 'Literal', literal: 'TimedOut', constructor: 'Function<Literal>', getParser: 'Function<getParser>', matchPart: 'Function<matchPart>', toCodecJson: 'Function<toCodecJson>', toCodecStringTree: 'Function<toCodecStringTree>', getExpected: 'Function<getExpected>', toString: 'Function<toString>' }, constructor: 'Function<InvalidType>' }, constructor: 'Function<Pointer>' } ], constructor: 'Function<Composite>' } ], constructor: 'Function<AnyOf>' }, constructor: 'Function<Pointer>' } ], constructor: 'Function<Composite>' } ], constructor: 'Function<AnyOf>' }, _tag: 'SchemaError', '~effect/SchemaError/SchemaError': '~effect/SchemaError/SchemaError' }
⎯⎯⎯⎯⎯⎯⎯⎯⎯⎯⎯⎯⎯⎯⎯⎯⎯⎯⎯⎯⎯⎯⎯⎯[2/4]⎯

 FAIL  |ordinary-serial| packages/dalph/src/application/production-public-recovery.integration.test.ts > application Exit during recovered Git cleanup closes the attached public status without claiming Run completion
AssertionError: expected [ { …(5) } ] to deeply equal [ { …(4) } ]

- Expected
+ Received

@@ -3,9 +3,83 @@
      "_tag": "ApplicationExitDisposition",
      "disposition": {
        "_tag": "Succeeded",
        "requestedStatus": 0,
      },
+     "owners": {
+       "cutoffClosed": true,
+       "owners": [
+         {
+           "boundary": null,
+           "evidence": "DrainSucceeded",
+           "family": "ExecutorDrain",
+           "kind": "ExecutorDrain",
+           "missingEvidence": "None",
+           "name": "ExecutorWork",
+           "nextAction": "None",
+           "ownerId": 0,
+           "subject": {
+             "_tag": "Run",
+             "runId": "r1.eyJmcmVzaG5lc3MiOiIwMWExMjRhNS1kMjk3LTcwM2EtODIzNi1iMjMwOGUzOWRjZWQiLCJ0YXJnZXQiOnsiX3RhZyI6IkdpdGh1Yklzc3VlIiwiaXNzdWVOdW1iZXIiOjQyLCJvd25lciI6Im9jdG8iLCJyZXBvc2l0b3J5IjoiZGFscGgifX0",
+           },
+         },
+         {
+           "boundary": null,
+           "evidence": "DrainSucceeded",
+           "family": "LocalDrain",
+           "kind": "LocalDrain",
+           "missingEvidence": "None",
+           "name": "CodexProvider",
+           "nextAction": "None",
+           "ownerId": 1,
+           "subject": {
+             "_tag": "NoRun",
+           },
+         },
+         {
+           "boundary": null,
+           "evidence": "DrainSucceeded",
+           "family": "LocalDrain",
+           "kind": "LocalDrain",
+           "missingEvidence": "None",
+           "name": "RunRuntime",
+           "nextAction": "None",
+           "ownerId": 2,
+           "subject": {
+             "_tag": "Run",
+             "runId": "r1.eyJmcmVzaG5lc3MiOiIwMWExMjRhNS1kMjk3LTcwM2EtODIzNi1iMjMwOGUzOWRjZWQiLCJ0YXJnZXQiOnsiX3RhZyI6IkdpdGh1Yklzc3VlIiwiaXNzdWVOdW1iZXIiOjQyLCJvd25lciI6Im9jdG8iLCJyZXBvc2l0b3J5IjoiZGFscGgifX0",
+           },
+         },
+         {
+           "boundary": null,
+           "evidence": "DrainSucceeded",
+           "family": "LocalDrain",
+           "kind": "LocalDrain",
+           "missingEvidence": "None",
+           "name": "RunRuntime",
+           "nextAction": "None",
+           "ownerId": 3,
+           "subject": {
+             "_tag": "Run",
+             "runId": "r1.eyJmcmVzaG5lc3MiOiIwMWExMjRhNS1kMjk3LTcwM2EtODIzNi1iMjMwOGUzOWRjZWQiLCJ0YXJnZXQiOnsiX3RhZyI6IkdpdGh1Yklzc3VlIiwiaXNzdWVOdW1iZXIiOjQyLCJvd25lciI6Im9jdG8iLCJyZXBvc2l0b3J5IjoiZGFscGgifX0",
+           },
+         },
+         {
+           "boundary": null,
+           "evidence": "DrainSucceeded",
+           "family": "LocalDrain",
+           "kind": "LocalDrain",
+           "missingEvidence": "None",
+           "name": "ArchiveMaintenance",
+           "nextAction": "None",
+           "ownerId": 4,
+           "subject": {
+             "_tag": "Run",
+             "runId": "r1.eyJmcmVzaG5lc3MiOiIwMWExMjRhNS1kMjk3LTcwM2EtODIzNi1iMjMwOGUzOWRjZWQiLCJ0YXJnZXQiOnsiX3RhZyI6IkdpdGh1Yklzc3VlIiwiaXNzdWVOdW1iZXIiOjQyLCJvd25lciI6Im9jdG8iLCJyZXBvc2l0b3J5IjoiZGFscGgifX0",
+           },
+         },
+       ],
+     },
      "runId": "r1.eyJmcmVzaG5lc3MiOiIwMWExMjRhNS1kMjk3LTcwM2EtODIzNi1iMjMwOGUzOWRjZWQiLCJ0YXJnZXQiOnsiX3RhZyI6IkdpdGh1Yklzc3VlIiwiaXNzdWVOdW1iZXIiOjQyLCJvd25lciI6Im9jdG8iLCJyZXBvc2l0b3J5IjoiZGFscGgifX0",
      "version": 1,
    },
  ]

 ❯ Array.<anonymous> packages/dalph/src/application/production-public-recovery.integration.test.ts:1166:87
    1164|           const records = yield* Ref.get(child.recordLog)
    1165|           expect(records.filter(({ _tag }) => _tag === "RunDisposition…
    1166|           expect(records.filter(({ _tag }) => _tag === "ApplicationExi…
       |                                                                                       ^
    1167|             {
    1168|               _tag: "ApplicationExitDisposition",
 ❯ Object.~effect/Effect/successCont node_modules/.pnpm/effect@4.0.0-beta.106/node_modules/effect/src/internal/effect.ts:1355:25
 ❯ Object.~effect/Effect/evaluate node_modules/.pnpm/effect@4.0.0-beta.106/node_modules/effect/src/internal/effect.ts:933:30
 ❯ FiberImpl.runLoop node_modules/.pnpm/effect@4.0.0-beta.106/node_modules/effect/src/internal/effect.ts:654:39
 ❯ FiberImpl.evaluate node_modules/.pnpm/effect@4.0.0-beta.106/node_modules/effect/src/internal/effect.ts:606:22
 ❯ node_modules/.pnpm/effect@4.0.0-beta.106/node_modules/effect/src/internal/effect.ts:1111:14
 ❯ node_modules/.pnpm/effect@4.0.0-beta.106/node_modules/effect/src/internal/effect.ts:1072:15

⎯⎯⎯⎯⎯⎯⎯⎯⎯⎯⎯⎯⎯⎯⎯⎯⎯⎯⎯⎯⎯⎯⎯⎯[3/4]⎯


 Test Files  1 failed (1)
      Tests  4 failed | 9 passed (13)
   Start at  03:09:41
   Duration  32.59s (transform 734ms, setup 0ms, import 1.83s, tests 30.65s, environment 0ms)

JSON report written to /tmp/issue-501-qualification/public-recovery-results.json
